CREATE TABLE `ait_acl_clients` (  `idclient` int(10) unsigned NOT NULL,  `roleid` int(10) unsigned NOT NULL,  PRIMARY KEY (`idclient`,`roleid`),  KEY `roleid` (`roleid`),  CONSTRAINT `ait_acl_clients_ibfk_1` FOREIGN KEY (`idclient`) REFERENCES `ait_clients` (`idclient`) ON DELETE CASCADE,  CONSTRAINT `ait_acl_clients_ibfk_2` FOREIGN KEY (`roleid`) REFERENCES `ait_acl_role` (`roleid`) ON DELETE CASCADE) ENGINE=InnoDB DEFAULT CHARSET=utf8;
INSERT INTO `ait_acl_clients` VALUES (1,18);
CREATE TABLE `ait_acl_languages` (  `roleid` int(10) unsigned NOT NULL,  `idlang` int(10) unsigned NOT NULL,  PRIMARY KEY (`roleid`,`idlang`),  KEY `idlang` (`idlang`),  CONSTRAINT `ait_acl_languages_ibfk_1` FOREIGN KEY (`roleid`) REFERENCES `ait_acl_role` (`roleid`) ON DELETE CASCADE,  CONSTRAINT `ait_acl_languages_ibfk_2` FOREIGN KEY (`idlang`) REFERENCES `ait_lang` (`idlang`) ON DELETE CASCADE) ENGINE=InnoDB DEFAULT CHARSET=utf8;
INSERT INTO `ait_acl_languages` VALUES (18,1);
CREATE TABLE `ait_acl_privilege` (  `privilegeid` int(10) unsigned NOT NULL AUTO_INCREMENT,  `identifier` varchar(255) NOT NULL,  PRIMARY KEY (`privilegeid`),  UNIQUE KEY `identifier` (`identifier`)) ENGINE=InnoDB AUTO_INCREMENT=98 DEFAULT CHARSET=utf8;
INSERT INTO `ait_acl_privilege` VALUES (54,'article: delete');
INSERT INTO `ait_acl_privilege` VALUES (51,'article: insert');
INSERT INTO `ait_acl_privilege` VALUES (53,'article: move');
INSERT INTO `ait_acl_privilege` VALUES (58,'article: publish');
INSERT INTO `ait_acl_privilege` VALUES (57,'article: set offline');
INSERT INTO `ait_acl_privilege` VALUES (56,'article: set online');
INSERT INTO `ait_acl_privilege` VALUES (63,'article: unpublish');
INSERT INTO `ait_acl_privilege` VALUES (52,'article: update');
INSERT INTO `ait_acl_privilege` VALUES (49,'category: delete');
INSERT INTO `ait_acl_privilege` VALUES (48,'category: insert');
INSERT INTO `ait_acl_privilege` VALUES (50,'category: move');
INSERT INTO `ait_acl_privilege` VALUES (59,'category: publish');
INSERT INTO `ait_acl_privilege` VALUES (61,'category: set offline');
INSERT INTO `ait_acl_privilege` VALUES (60,'category: set online');
INSERT INTO `ait_acl_privilege` VALUES (62,'category: unpublish');
INSERT INTO `ait_acl_privilege` VALUES (47,'category: update');
INSERT INTO `ait_acl_privilege` VALUES (70,'client: crud');
INSERT INTO `ait_acl_privilege` VALUES (87,'config: crud');
INSERT INTO `ait_acl_privilege` VALUES (91,'data.table._aitsu_article_property: crud');
INSERT INTO `ait_acl_privilege` VALUES (92,'data.table._aitsu_property: crud');
INSERT INTO `ait_acl_privilege` VALUES (93,'data.table._art_lang: crud');
INSERT INTO `ait_acl_privilege` VALUES (94,'data.table._cat_lang: crud');
INSERT INTO `ait_acl_privilege` VALUES (88,'dates: crud');
INSERT INTO `ait_acl_privilege` VALUES (89,'frontend: view');
INSERT INTO `ait_acl_privilege` VALUES (68,'management: view');
INSERT INTO `ait_acl_privilege` VALUES (71,'mapping: crud');
INSERT INTO `ait_acl_privilege` VALUES (85,'plugin.data');
INSERT INTO `ait_acl_privilege` VALUES (90,'plugin.data.freehand');
INSERT INTO `ait_acl_privilege` VALUES (86,'plugin.data.tags');
INSERT INTO `ait_acl_privilege` VALUES (75,'plugin.layout');
INSERT INTO `ait_acl_privilege` VALUES (79,'plugin.layout.skin');
INSERT INTO `ait_acl_privilege` VALUES (96,'plugin.management');
INSERT INTO `ait_acl_privilege` VALUES (97,'plugin.management.todo');
INSERT INTO `ait_acl_privilege` VALUES (76,'plugin.system');
INSERT INTO `ait_acl_privilege` VALUES (80,'plugin.system.logs');
INSERT INTO `ait_acl_privilege` VALUES (81,'plugin.system.modules');
INSERT INTO `ait_acl_privilege` VALUES (77,'plugin.utilities');
INSERT INTO `ait_acl_privilege` VALUES (84,'plugin.utilities.tracking');
INSERT INTO `ait_acl_privilege` VALUES (82,'plugin.utilities.uuid');
INSERT INTO `ait_acl_privilege` VALUES (78,'plugin.visitordata');
INSERT INTO `ait_acl_privilege` VALUES (83,'plugin.visitordata.comments');
INSERT INTO `ait_acl_privilege` VALUES (67,'plugins: view');
INSERT INTO `ait_acl_privilege` VALUES (66,'script:execute');
INSERT INTO `ait_acl_privilege` VALUES (95,'syndication: crud');
INSERT INTO `ait_acl_privilege` VALUES (72,'translation: edit');
INSERT INTO `ait_acl_privilege` VALUES (74,'translation: export');
INSERT INTO `ait_acl_privilege` VALUES (73,'translation: import');
INSERT INTO `ait_acl_privilege` VALUES (69,'usermanagement: crud');
INSERT INTO `ait_acl_privilege` VALUES (65,'userprofile: change login');
INSERT INTO `ait_acl_privilege` VALUES (64,'userprofile: change password');
CREATE TABLE `ait_acl_privileges` (  `roleid` int(10) unsigned NOT NULL,  `privilegeid` int(10) unsigned NOT NULL,  PRIMARY KEY (`roleid`,`privilegeid`),  KEY `privilegeid` (`privilegeid`),  CONSTRAINT `ait_acl_privileges_ibfk_1` FOREIGN KEY (`roleid`) REFERENCES `ait_acl_role` (`roleid`) ON DELETE CASCADE,  CONSTRAINT `ait_acl_privileges_ibfk_2` FOREIGN KEY (`privilegeid`) REFERENCES `ait_acl_privilege` (`privilegeid`) ON DELETE CASCADE) ENGINE=InnoDB DEFAULT CHARSET=utf8;
INSERT INTO `ait_acl_privileges` VALUES (18,47);
INSERT INTO `ait_acl_privileges` VALUES (18,48);
INSERT INTO `ait_acl_privileges` VALUES (18,49);
INSERT INTO `ait_acl_privileges` VALUES (18,50);
INSERT INTO `ait_acl_privileges` VALUES (18,51);
INSERT INTO `ait_acl_privileges` VALUES (18,52);
INSERT INTO `ait_acl_privileges` VALUES (18,53);
INSERT INTO `ait_acl_privileges` VALUES (18,54);
INSERT INTO `ait_acl_privileges` VALUES (18,56);
INSERT INTO `ait_acl_privileges` VALUES (18,57);
INSERT INTO `ait_acl_privileges` VALUES (18,58);
INSERT INTO `ait_acl_privileges` VALUES (18,59);
INSERT INTO `ait_acl_privileges` VALUES (18,60);
INSERT INTO `ait_acl_privileges` VALUES (18,61);
INSERT INTO `ait_acl_privileges` VALUES (18,62);
INSERT INTO `ait_acl_privileges` VALUES (18,63);
INSERT INTO `ait_acl_privileges` VALUES (18,64);
INSERT INTO `ait_acl_privileges` VALUES (18,65);
INSERT INTO `ait_acl_privileges` VALUES (18,66);
INSERT INTO `ait_acl_privileges` VALUES (18,67);
INSERT INTO `ait_acl_privileges` VALUES (18,68);
INSERT INTO `ait_acl_privileges` VALUES (18,69);
INSERT INTO `ait_acl_privileges` VALUES (18,70);
INSERT INTO `ait_acl_privileges` VALUES (18,71);
INSERT INTO `ait_acl_privileges` VALUES (18,72);
INSERT INTO `ait_acl_privileges` VALUES (18,73);
INSERT INTO `ait_acl_privileges` VALUES (18,74);
INSERT INTO `ait_acl_privileges` VALUES (18,75);
INSERT INTO `ait_acl_privileges` VALUES (18,76);
INSERT INTO `ait_acl_privileges` VALUES (18,77);
INSERT INTO `ait_acl_privileges` VALUES (18,78);
INSERT INTO `ait_acl_privileges` VALUES (18,79);
INSERT INTO `ait_acl_privileges` VALUES (18,80);
INSERT INTO `ait_acl_privileges` VALUES (18,81);
INSERT INTO `ait_acl_privileges` VALUES (18,82);
INSERT INTO `ait_acl_privileges` VALUES (18,83);
INSERT INTO `ait_acl_privileges` VALUES (18,84);
INSERT INTO `ait_acl_privileges` VALUES (18,85);
INSERT INTO `ait_acl_privileges` VALUES (18,86);
INSERT INTO `ait_acl_privileges` VALUES (18,87);
INSERT INTO `ait_acl_privileges` VALUES (18,88);
INSERT INTO `ait_acl_privileges` VALUES (18,89);
INSERT INTO `ait_acl_privileges` VALUES (18,90);
INSERT INTO `ait_acl_privileges` VALUES (18,91);
INSERT INTO `ait_acl_privileges` VALUES (18,92);
INSERT INTO `ait_acl_privileges` VALUES (18,93);
INSERT INTO `ait_acl_privileges` VALUES (18,94);
INSERT INTO `ait_acl_privileges` VALUES (18,95);
INSERT INTO `ait_acl_privileges` VALUES (18,96);
INSERT INTO `ait_acl_privileges` VALUES (18,97);
CREATE TABLE `ait_acl_resource` (  `resourceid` int(10) unsigned NOT NULL AUTO_INCREMENT,  `name` varchar(255) NOT NULL,  `resourcetype` enum('cat','art','other') NOT NULL,  `specifictype` varchar(255) NOT NULL,  `identifier` int(10) unsigned NOT NULL,  `removeable` tinyint(4) NOT NULL DEFAULT '1',  PRIMARY KEY (`resourceid`),  KEY `id` (`identifier`),  KEY `specifictype` (`specifictype`),  KEY `identifier` (`identifier`)) ENGINE=InnoDB AUTO_INCREMENT=4 DEFAULT CHARSET=utf8;
INSERT INTO `ait_acl_resource` VALUES (1,'Root','cat','',0,0);
CREATE TABLE `ait_acl_resources` (  `roleid` int(10) unsigned NOT NULL,  `resourceid` int(10) unsigned NOT NULL,  PRIMARY KEY (`roleid`,`resourceid`),  KEY `resourceid` (`resourceid`),  CONSTRAINT `ait_acl_resources_ibfk_1` FOREIGN KEY (`roleid`) REFERENCES `ait_acl_role` (`roleid`) ON DELETE CASCADE,  CONSTRAINT `ait_acl_resources_ibfk_2` FOREIGN KEY (`resourceid`) REFERENCES `ait_acl_resource` (`resourceid`) ON DELETE CASCADE) ENGINE=InnoDB DEFAULT CHARSET=utf8;
INSERT INTO `ait_acl_resources` VALUES (18,1);
CREATE TABLE `ait_acl_role` (  `roleid` int(10) unsigned NOT NULL AUTO_INCREMENT,  `identifier` varchar(255) NOT NULL,  PRIMARY KEY (`roleid`),  UNIQUE KEY `identifier` (`identifier`)) ENGINE=InnoDB AUTO_INCREMENT=22 DEFAULT CHARSET=utf8;
INSERT INTO `ait_acl_role` VALUES (18,'admin');
CREATE TABLE `ait_acl_roles` (  `roleid` int(10) unsigned NOT NULL,  `userid` int(10) unsigned NOT NULL,  PRIMARY KEY (`roleid`,`userid`),  KEY `userid` (`userid`),  CONSTRAINT `ait_acl_roles_ibfk_1` FOREIGN KEY (`roleid`) REFERENCES `ait_acl_role` (`roleid`) ON DELETE CASCADE,  CONSTRAINT `ait_acl_roles_ibfk_2` FOREIGN KEY (`userid`) REFERENCES `ait_acl_user` (`userid`) ON DELETE CASCADE) ENGINE=InnoDB DEFAULT CHARSET=utf8;
INSERT INTO `ait_acl_roles` VALUES (18,29);
CREATE TABLE `ait_acl_user` (  `userid` int(10) unsigned NOT NULL AUTO_INCREMENT,  `uuid` varchar(64) NOT NULL,  `lastname` varchar(255) NOT NULL,  `firstname` varchar(255) NOT NULL,  `login` varchar(100) NOT NULL,  `password` varchar(255) NOT NULL,  `email` varchar(255) NOT NULL,  `idlang` int(10) unsigned DEFAULT NULL COMMENT 'Preferred language id',  `locale` varchar(5) NOT NULL COMMENT 'Preferred backend locale',  `sessionperiod` int(11) DEFAULT NULL COMMENT 'Preferred session period in seconds',  `acfrom` timestamp NULL DEFAULT NULL,  `acuntil` timestamp NULL DEFAULT NULL,  `modified` timestamp NOT NULL DEFAULT CURRENT_TIMESTAMP ON UPDATE CURRENT_TIMESTAMP,  `created` timestamp NULL DEFAULT '0000-00-00 00:00:00',  `properties` longtext NOT NULL,  PRIMARY KEY (`userid`),  UNIQUE KEY `login` (`login`),  KEY `password` (`password`),  KEY `idlang` (`idlang`),  CONSTRAINT `ait_acl_user_ibfk_1` FOREIGN KEY (`idlang`) REFERENCES `ait_lang` (`idlang`) ON DELETE SET NULL) ENGINE=InnoDB AUTO_INCREMENT=31 DEFAULT CHARSET=utf8;
INSERT INTO `ait_acl_user` VALUES (29,'','Doe','John','admin','$P$B5fj.VvDSwY68BQIiXNLkRcrKc3D3L.','john@do.com',1,'de',14400,'2011-06-17 16:58:06','2012-06-16 16:58:06','2011-05-25 21:30:37','2010-11-05 08:36:47','');
CREATE TABLE `ait_aitsu_article_property` (  `propertyid` int(10) unsigned NOT NULL,  `idartlang` int(10) unsigned NOT NULL,  `textvalue` text,  `floatvalue` double DEFAULT NULL,  `datevalue` datetime DEFAULT NULL,  PRIMARY KEY (`propertyid`,`idartlang`),  KEY `idartlang` (`idartlang`),  CONSTRAINT `ait_aitsu_article_property_ibfk_1` FOREIGN KEY (`propertyid`) REFERENCES `ait_aitsu_property` (`propertyid`) ON DELETE CASCADE,  CONSTRAINT `ait_aitsu_article_property_ibfk_2` FOREIGN KEY (`idartlang`) REFERENCES `ait_art_lang` (`idartlang`) ON DELETE CASCADE) ENGINE=InnoDB DEFAULT CHARSET=utf8;
INSERT INTO `ait_aitsu_article_property` VALUES (1,440,'O:8:\"stdClass\":0:{}',NULL,NULL);
INSERT INTO `ait_aitsu_article_property` VALUES (1,446,'O:8:\"stdClass\":0:{}',NULL,NULL);
INSERT INTO `ait_aitsu_article_property` VALUES (1,449,'O:8:\"stdClass\":0:{}',NULL,NULL);
INSERT INTO `ait_aitsu_article_property` VALUES (1,491,'O:8:\"stdClass\":0:{}',NULL,NULL);
INSERT INTO `ait_aitsu_article_property` VALUES (1,492,'O:8:\"stdClass\":0:{}',NULL,NULL);
INSERT INTO `ait_aitsu_article_property` VALUES (1,493,'O:8:\"stdClass\":0:{}',NULL,NULL);
INSERT INTO `ait_aitsu_article_property` VALUES (1,495,'O:8:\"stdClass\":0:{}',NULL,NULL);
INSERT INTO `ait_aitsu_article_property` VALUES (1,497,'O:8:\"stdClass\":0:{}',NULL,NULL);
INSERT INTO `ait_aitsu_article_property` VALUES (1,505,'O:8:\"stdClass\":0:{}',NULL,NULL);
INSERT INTO `ait_aitsu_article_property` VALUES (1,506,'O:8:\"stdClass\":0:{}',NULL,NULL);
INSERT INTO `ait_aitsu_article_property` VALUES (1,510,'O:8:\"stdClass\":0:{}',NULL,NULL);
INSERT INTO `ait_aitsu_article_property` VALUES (1,511,'O:8:\"stdClass\":0:{}',NULL,NULL);
INSERT INTO `ait_aitsu_article_property` VALUES (1,512,'O:8:\"stdClass\":0:{}',NULL,NULL);
INSERT INTO `ait_aitsu_article_property` VALUES (1,513,'O:8:\"stdClass\":0:{}',NULL,NULL);
INSERT INTO `ait_aitsu_article_property` VALUES (1,514,'O:8:\"stdClass\":0:{}',NULL,NULL);
INSERT INTO `ait_aitsu_article_property` VALUES (1,516,'O:8:\"stdClass\":0:{}',NULL,NULL);
INSERT INTO `ait_aitsu_article_property` VALUES (1,517,'O:8:\"stdClass\":0:{}',NULL,NULL);
INSERT INTO `ait_aitsu_article_property` VALUES (1,518,'O:8:\"stdClass\":0:{}',NULL,NULL);
INSERT INTO `ait_aitsu_article_property` VALUES (1,520,'O:8:\"stdClass\":0:{}',NULL,NULL);
INSERT INTO `ait_aitsu_article_property` VALUES (1,521,'O:8:\"stdClass\":0:{}',NULL,NULL);
INSERT INTO `ait_aitsu_article_property` VALUES (1,522,'O:8:\"stdClass\":0:{}',NULL,NULL);
INSERT INTO `ait_aitsu_article_property` VALUES (1,523,'O:8:\"stdClass\":0:{}',NULL,NULL);
INSERT INTO `ait_aitsu_article_property` VALUES (1,524,'O:8:\"stdClass\":0:{}',NULL,NULL);
INSERT INTO `ait_aitsu_article_property` VALUES (1,525,'O:8:\"stdClass\":0:{}',NULL,NULL);
INSERT INTO `ait_aitsu_article_property` VALUES (1,526,'O:8:\"stdClass\":0:{}',NULL,NULL);
INSERT INTO `ait_aitsu_article_property` VALUES (1,527,'O:8:\"stdClass\":0:{}',NULL,NULL);
INSERT INTO `ait_aitsu_article_property` VALUES (1,528,'O:8:\"stdClass\":0:{}',NULL,NULL);
INSERT INTO `ait_aitsu_article_property` VALUES (1,529,'O:8:\"stdClass\":0:{}',NULL,NULL);
INSERT INTO `ait_aitsu_article_property` VALUES (1,531,'O:8:\"stdClass\":0:{}',NULL,NULL);
INSERT INTO `ait_aitsu_article_property` VALUES (2,440,'O:8:\"stdClass\":1:{s:15:\"defaultTemplate\";s:34:\"templates/body/header/header.phtml\";}',NULL,NULL);
INSERT INTO `ait_aitsu_article_property` VALUES (2,446,'O:8:\"stdClass\":1:{s:15:\"defaultTemplate\";s:34:\"templates/body/header/header.phtml\";}',NULL,NULL);
INSERT INTO `ait_aitsu_article_property` VALUES (2,449,'O:8:\"stdClass\":1:{s:15:\"defaultTemplate\";s:34:\"templates/body/header/header.phtml\";}',NULL,NULL);
INSERT INTO `ait_aitsu_article_property` VALUES (2,491,'O:8:\"stdClass\":1:{s:15:\"defaultTemplate\";s:34:\"templates/body/header/header.phtml\";}',NULL,NULL);
INSERT INTO `ait_aitsu_article_property` VALUES (2,492,'O:8:\"stdClass\":1:{s:15:\"defaultTemplate\";s:34:\"templates/body/header/header.phtml\";}',NULL,NULL);
INSERT INTO `ait_aitsu_article_property` VALUES (2,493,'O:8:\"stdClass\":1:{s:15:\"defaultTemplate\";s:34:\"templates/body/header/header.phtml\";}',NULL,NULL);
INSERT INTO `ait_aitsu_article_property` VALUES (2,495,'O:8:\"stdClass\":1:{s:15:\"defaultTemplate\";s:34:\"templates/body/header/header.phtml\";}',NULL,NULL);
INSERT INTO `ait_aitsu_article_property` VALUES (2,497,'O:8:\"stdClass\":1:{s:15:\"defaultTemplate\";s:34:\"templates/body/header/header.phtml\";}',NULL,NULL);
INSERT INTO `ait_aitsu_article_property` VALUES (2,505,'O:8:\"stdClass\":1:{s:15:\"defaultTemplate\";s:27:\"templates/body/header.phtml\";}',NULL,NULL);
INSERT INTO `ait_aitsu_article_property` VALUES (2,506,'O:8:\"stdClass\":1:{s:15:\"defaultTemplate\";s:34:\"templates/body/header/header.phtml\";}',NULL,NULL);
INSERT INTO `ait_aitsu_article_property` VALUES (2,510,'O:8:\"stdClass\":1:{s:15:\"defaultTemplate\";s:27:\"templates/body/header.phtml\";}',NULL,NULL);
INSERT INTO `ait_aitsu_article_property` VALUES (2,511,'O:8:\"stdClass\":1:{s:15:\"defaultTemplate\";s:34:\"templates/body/header/header.phtml\";}',NULL,NULL);
INSERT INTO `ait_aitsu_article_property` VALUES (2,512,'O:8:\"stdClass\":1:{s:15:\"defaultTemplate\";s:34:\"templates/body/header/header.phtml\";}',NULL,NULL);
INSERT INTO `ait_aitsu_article_property` VALUES (2,513,'O:8:\"stdClass\":1:{s:15:\"defaultTemplate\";s:34:\"templates/body/header/header.phtml\";}',NULL,NULL);
INSERT INTO `ait_aitsu_article_property` VALUES (2,514,'O:8:\"stdClass\":1:{s:15:\"defaultTemplate\";s:34:\"templates/body/header/header.phtml\";}',NULL,NULL);
INSERT INTO `ait_aitsu_article_property` VALUES (2,516,'O:8:\"stdClass\":1:{s:15:\"defaultTemplate\";s:34:\"templates/body/header/header.phtml\";}',NULL,NULL);
INSERT INTO `ait_aitsu_article_property` VALUES (2,517,'O:8:\"stdClass\":1:{s:15:\"defaultTemplate\";s:34:\"templates/body/header/header.phtml\";}',NULL,NULL);
INSERT INTO `ait_aitsu_article_property` VALUES (2,518,'O:8:\"stdClass\":1:{s:15:\"defaultTemplate\";s:34:\"templates/body/header/header.phtml\";}',NULL,NULL);
INSERT INTO `ait_aitsu_article_property` VALUES (2,520,'O:8:\"stdClass\":1:{s:15:\"defaultTemplate\";s:34:\"templates/body/header/header.phtml\";}',NULL,NULL);
INSERT INTO `ait_aitsu_article_property` VALUES (2,521,'O:8:\"stdClass\":1:{s:15:\"defaultTemplate\";s:34:\"templates/body/header/header.phtml\";}',NULL,NULL);
INSERT INTO `ait_aitsu_article_property` VALUES (2,522,'O:8:\"stdClass\":1:{s:15:\"defaultTemplate\";s:34:\"templates/body/header/header.phtml\";}',NULL,NULL);
INSERT INTO `ait_aitsu_article_property` VALUES (2,523,'O:8:\"stdClass\":1:{s:15:\"defaultTemplate\";s:34:\"templates/body/header/header.phtml\";}',NULL,NULL);
INSERT INTO `ait_aitsu_article_property` VALUES (2,524,'O:8:\"stdClass\":1:{s:15:\"defaultTemplate\";s:34:\"templates/body/header/header.phtml\";}',NULL,NULL);
INSERT INTO `ait_aitsu_article_property` VALUES (2,525,'O:8:\"stdClass\":1:{s:15:\"defaultTemplate\";s:34:\"templates/body/header/header.phtml\";}',NULL,NULL);
INSERT INTO `ait_aitsu_article_property` VALUES (2,526,'O:8:\"stdClass\":1:{s:15:\"defaultTemplate\";s:34:\"templates/body/header/header.phtml\";}',NULL,NULL);
INSERT INTO `ait_aitsu_article_property` VALUES (2,527,'O:8:\"stdClass\":1:{s:15:\"defaultTemplate\";s:34:\"templates/body/header/header.phtml\";}',NULL,NULL);
INSERT INTO `ait_aitsu_article_property` VALUES (2,528,'O:8:\"stdClass\":1:{s:15:\"defaultTemplate\";s:34:\"templates/body/header/header.phtml\";}',NULL,NULL);
INSERT INTO `ait_aitsu_article_property` VALUES (2,529,'O:8:\"stdClass\":1:{s:15:\"defaultTemplate\";s:34:\"templates/body/header/header.phtml\";}',NULL,NULL);
INSERT INTO `ait_aitsu_article_property` VALUES (2,531,'O:8:\"stdClass\":1:{s:15:\"defaultTemplate\";s:34:\"templates/body/header/header.phtml\";}',NULL,NULL);
INSERT INTO `ait_aitsu_article_property` VALUES (3,440,'O:8:\"stdClass\":1:{s:15:\"defaultTemplate\";s:31:\"templates/body/navigation.phtml\";}',NULL,NULL);
INSERT INTO `ait_aitsu_article_property` VALUES (3,446,'O:8:\"stdClass\":1:{s:15:\"defaultTemplate\";s:31:\"templates/body/navigation.phtml\";}',NULL,NULL);
INSERT INTO `ait_aitsu_article_property` VALUES (3,449,'O:8:\"stdClass\":1:{s:15:\"defaultTemplate\";s:31:\"templates/body/navigation.phtml\";}',NULL,NULL);
INSERT INTO `ait_aitsu_article_property` VALUES (3,491,'O:8:\"stdClass\":1:{s:15:\"defaultTemplate\";s:31:\"templates/body/navigation.phtml\";}',NULL,NULL);
INSERT INTO `ait_aitsu_article_property` VALUES (3,492,'O:8:\"stdClass\":1:{s:15:\"defaultTemplate\";s:31:\"templates/body/navigation.phtml\";}',NULL,NULL);
INSERT INTO `ait_aitsu_article_property` VALUES (3,493,'O:8:\"stdClass\":1:{s:15:\"defaultTemplate\";s:31:\"templates/body/navigation.phtml\";}',NULL,NULL);
INSERT INTO `ait_aitsu_article_property` VALUES (3,495,'O:8:\"stdClass\":1:{s:15:\"defaultTemplate\";s:31:\"templates/body/navigation.phtml\";}',NULL,NULL);
INSERT INTO `ait_aitsu_article_property` VALUES (3,497,'O:8:\"stdClass\":1:{s:15:\"defaultTemplate\";s:31:\"templates/body/navigation.phtml\";}',NULL,NULL);
INSERT INTO `ait_aitsu_article_property` VALUES (3,505,'O:8:\"stdClass\":1:{s:15:\"defaultTemplate\";s:31:\"templates/body/navigation.phtml\";}',NULL,NULL);
INSERT INTO `ait_aitsu_article_property` VALUES (3,506,'O:8:\"stdClass\":1:{s:15:\"defaultTemplate\";s:31:\"templates/body/navigation.phtml\";}',NULL,NULL);
INSERT INTO `ait_aitsu_article_property` VALUES (3,510,'O:8:\"stdClass\":1:{s:15:\"defaultTemplate\";s:31:\"templates/body/navigation.phtml\";}',NULL,NULL);
INSERT INTO `ait_aitsu_article_property` VALUES (3,511,'O:8:\"stdClass\":1:{s:15:\"defaultTemplate\";s:31:\"templates/body/navigation.phtml\";}',NULL,NULL);
INSERT INTO `ait_aitsu_article_property` VALUES (3,514,'O:8:\"stdClass\":1:{s:15:\"defaultTemplate\";s:31:\"templates/body/navigation.phtml\";}',NULL,NULL);
INSERT INTO `ait_aitsu_article_property` VALUES (4,440,'O:8:\"stdClass\":1:{s:15:\"defaultTemplate\";s:30:\"templates/body/main/main.phtml\";}',NULL,NULL);
INSERT INTO `ait_aitsu_article_property` VALUES (4,446,'O:8:\"stdClass\":1:{s:15:\"defaultTemplate\";s:30:\"templates/body/main/main.phtml\";}',NULL,NULL);
INSERT INTO `ait_aitsu_article_property` VALUES (4,449,'O:8:\"stdClass\":1:{s:15:\"defaultTemplate\";s:30:\"templates/body/main/main.phtml\";}',NULL,NULL);
INSERT INTO `ait_aitsu_article_property` VALUES (4,491,'O:8:\"stdClass\":1:{s:15:\"defaultTemplate\";s:30:\"templates/body/main/main.phtml\";}',NULL,NULL);
INSERT INTO `ait_aitsu_article_property` VALUES (4,492,'O:8:\"stdClass\":1:{s:15:\"defaultTemplate\";s:30:\"templates/body/main/main.phtml\";}',NULL,NULL);
INSERT INTO `ait_aitsu_article_property` VALUES (4,493,'O:8:\"stdClass\":1:{s:15:\"defaultTemplate\";s:30:\"templates/body/main/main.phtml\";}',NULL,NULL);
INSERT INTO `ait_aitsu_article_property` VALUES (4,495,'O:8:\"stdClass\":1:{s:15:\"defaultTemplate\";s:30:\"templates/body/main/main.phtml\";}',NULL,NULL);
INSERT INTO `ait_aitsu_article_property` VALUES (4,497,'O:8:\"stdClass\":1:{s:15:\"defaultTemplate\";s:30:\"templates/body/main/main.phtml\";}',NULL,NULL);
INSERT INTO `ait_aitsu_article_property` VALUES (4,505,'O:8:\"stdClass\":1:{s:15:\"defaultTemplate\";s:25:\"templates/body/main.phtml\";}',NULL,NULL);
INSERT INTO `ait_aitsu_article_property` VALUES (4,506,'O:8:\"stdClass\":1:{s:15:\"defaultTemplate\";s:30:\"templates/body/main/main.phtml\";}',NULL,NULL);
INSERT INTO `ait_aitsu_article_property` VALUES (4,510,'O:8:\"stdClass\":1:{s:15:\"defaultTemplate\";s:25:\"templates/body/main.phtml\";}',NULL,NULL);
INSERT INTO `ait_aitsu_article_property` VALUES (4,511,'O:8:\"stdClass\":1:{s:15:\"defaultTemplate\";s:30:\"templates/body/main/main.phtml\";}',NULL,NULL);
INSERT INTO `ait_aitsu_article_property` VALUES (4,512,'O:8:\"stdClass\":1:{s:15:\"defaultTemplate\";s:30:\"templates/body/main/main.phtml\";}',NULL,NULL);
INSERT INTO `ait_aitsu_article_property` VALUES (4,513,'O:8:\"stdClass\":1:{s:15:\"defaultTemplate\";s:30:\"templates/body/main/main.phtml\";}',NULL,NULL);
INSERT INTO `ait_aitsu_article_property` VALUES (4,514,'O:8:\"stdClass\":1:{s:15:\"defaultTemplate\";s:30:\"templates/body/main/main.phtml\";}',NULL,NULL);
INSERT INTO `ait_aitsu_article_property` VALUES (4,516,'O:8:\"stdClass\":1:{s:15:\"defaultTemplate\";s:30:\"templates/body/main/main.phtml\";}',NULL,NULL);
INSERT INTO `ait_aitsu_article_property` VALUES (4,517,'O:8:\"stdClass\":1:{s:15:\"defaultTemplate\";s:30:\"templates/body/main/main.phtml\";}',NULL,NULL);
INSERT INTO `ait_aitsu_article_property` VALUES (4,518,'O:8:\"stdClass\":1:{s:15:\"defaultTemplate\";s:30:\"templates/body/main/main.phtml\";}',NULL,NULL);
INSERT INTO `ait_aitsu_article_property` VALUES (4,520,'O:8:\"stdClass\":1:{s:15:\"defaultTemplate\";s:30:\"templates/body/main/main.phtml\";}',NULL,NULL);
INSERT INTO `ait_aitsu_article_property` VALUES (4,521,'O:8:\"stdClass\":1:{s:15:\"defaultTemplate\";s:30:\"templates/body/main/main.phtml\";}',NULL,NULL);
INSERT INTO `ait_aitsu_article_property` VALUES (4,522,'O:8:\"stdClass\":1:{s:15:\"defaultTemplate\";s:30:\"templates/body/main/main.phtml\";}',NULL,NULL);
INSERT INTO `ait_aitsu_article_property` VALUES (4,523,'O:8:\"stdClass\":1:{s:15:\"defaultTemplate\";s:30:\"templates/body/main/main.phtml\";}',NULL,NULL);
INSERT INTO `ait_aitsu_article_property` VALUES (4,524,'O:8:\"stdClass\":1:{s:15:\"defaultTemplate\";s:30:\"templates/body/main/main.phtml\";}',NULL,NULL);
INSERT INTO `ait_aitsu_article_property` VALUES (4,525,'O:8:\"stdClass\":1:{s:15:\"defaultTemplate\";s:30:\"templates/body/main/main.phtml\";}',NULL,NULL);
INSERT INTO `ait_aitsu_article_property` VALUES (4,526,'O:8:\"stdClass\":1:{s:15:\"defaultTemplate\";s:30:\"templates/body/main/main.phtml\";}',NULL,NULL);
INSERT INTO `ait_aitsu_article_property` VALUES (4,527,'O:8:\"stdClass\":1:{s:15:\"defaultTemplate\";s:30:\"templates/body/main/main.phtml\";}',NULL,NULL);
INSERT INTO `ait_aitsu_article_property` VALUES (4,528,'O:8:\"stdClass\":1:{s:15:\"defaultTemplate\";s:30:\"templates/body/main/main.phtml\";}',NULL,NULL);
INSERT INTO `ait_aitsu_article_property` VALUES (4,529,'O:8:\"stdClass\":1:{s:15:\"defaultTemplate\";s:30:\"templates/body/main/main.phtml\";}',NULL,NULL);
INSERT INTO `ait_aitsu_article_property` VALUES (4,531,'O:8:\"stdClass\":1:{s:15:\"defaultTemplate\";s:30:\"templates/body/main/main.phtml\";}',NULL,NULL);
INSERT INTO `ait_aitsu_article_property` VALUES (5,440,'O:8:\"stdClass\":1:{s:15:\"defaultTemplate\";s:34:\"templates/body/footer/footer.phtml\";}',NULL,NULL);
INSERT INTO `ait_aitsu_article_property` VALUES (5,446,'O:8:\"stdClass\":1:{s:15:\"defaultTemplate\";s:34:\"templates/body/footer/footer.phtml\";}',NULL,NULL);
INSERT INTO `ait_aitsu_article_property` VALUES (5,449,'O:8:\"stdClass\":1:{s:15:\"defaultTemplate\";s:34:\"templates/body/footer/footer.phtml\";}',NULL,NULL);
INSERT INTO `ait_aitsu_article_property` VALUES (5,491,'O:8:\"stdClass\":1:{s:15:\"defaultTemplate\";s:34:\"templates/body/footer/footer.phtml\";}',NULL,NULL);
INSERT INTO `ait_aitsu_article_property` VALUES (5,492,'O:8:\"stdClass\":1:{s:15:\"defaultTemplate\";s:34:\"templates/body/footer/footer.phtml\";}',NULL,NULL);
INSERT INTO `ait_aitsu_article_property` VALUES (5,493,'O:8:\"stdClass\":1:{s:15:\"defaultTemplate\";s:34:\"templates/body/footer/footer.phtml\";}',NULL,NULL);
INSERT INTO `ait_aitsu_article_property` VALUES (5,495,'O:8:\"stdClass\":1:{s:15:\"defaultTemplate\";s:34:\"templates/body/footer/footer.phtml\";}',NULL,NULL);
INSERT INTO `ait_aitsu_article_property` VALUES (5,497,'O:8:\"stdClass\":1:{s:15:\"defaultTemplate\";s:34:\"templates/body/footer/footer.phtml\";}',NULL,NULL);
INSERT INTO `ait_aitsu_article_property` VALUES (5,505,'O:8:\"stdClass\":1:{s:15:\"defaultTemplate\";s:27:\"templates/body/footer.phtml\";}',NULL,NULL);
INSERT INTO `ait_aitsu_article_property` VALUES (5,506,'O:8:\"stdClass\":1:{s:15:\"defaultTemplate\";s:34:\"templates/body/footer/footer.phtml\";}',NULL,NULL);
INSERT INTO `ait_aitsu_article_property` VALUES (5,510,'O:8:\"stdClass\":1:{s:15:\"defaultTemplate\";s:27:\"templates/body/footer.phtml\";}',NULL,NULL);
INSERT INTO `ait_aitsu_article_property` VALUES (5,511,'O:8:\"stdClass\":1:{s:15:\"defaultTemplate\";s:34:\"templates/body/footer/footer.phtml\";}',NULL,NULL);
INSERT INTO `ait_aitsu_article_property` VALUES (5,512,'O:8:\"stdClass\":1:{s:15:\"defaultTemplate\";s:34:\"templates/body/footer/footer.phtml\";}',NULL,NULL);
INSERT INTO `ait_aitsu_article_property` VALUES (5,513,'O:8:\"stdClass\":1:{s:15:\"defaultTemplate\";s:34:\"templates/body/footer/footer.phtml\";}',NULL,NULL);
INSERT INTO `ait_aitsu_article_property` VALUES (5,514,'O:8:\"stdClass\":1:{s:15:\"defaultTemplate\";s:34:\"templates/body/footer/footer.phtml\";}',NULL,NULL);
INSERT INTO `ait_aitsu_article_property` VALUES (5,516,'O:8:\"stdClass\":1:{s:15:\"defaultTemplate\";s:34:\"templates/body/footer/footer.phtml\";}',NULL,NULL);
INSERT INTO `ait_aitsu_article_property` VALUES (5,517,'O:8:\"stdClass\":1:{s:15:\"defaultTemplate\";s:34:\"templates/body/footer/footer.phtml\";}',NULL,NULL);
INSERT INTO `ait_aitsu_article_property` VALUES (5,518,'O:8:\"stdClass\":1:{s:15:\"defaultTemplate\";s:34:\"templates/body/footer/footer.phtml\";}',NULL,NULL);
INSERT INTO `ait_aitsu_article_property` VALUES (5,520,'O:8:\"stdClass\":1:{s:15:\"defaultTemplate\";s:34:\"templates/body/footer/footer.phtml\";}',NULL,NULL);
INSERT INTO `ait_aitsu_article_property` VALUES (5,521,'O:8:\"stdClass\":1:{s:15:\"defaultTemplate\";s:34:\"templates/body/footer/footer.phtml\";}',NULL,NULL);
INSERT INTO `ait_aitsu_article_property` VALUES (5,522,'O:8:\"stdClass\":1:{s:15:\"defaultTemplate\";s:34:\"templates/body/footer/footer.phtml\";}',NULL,NULL);
INSERT INTO `ait_aitsu_article_property` VALUES (5,523,'O:8:\"stdClass\":1:{s:15:\"defaultTemplate\";s:34:\"templates/body/footer/footer.phtml\";}',NULL,NULL);
INSERT INTO `ait_aitsu_article_property` VALUES (5,524,'O:8:\"stdClass\":1:{s:15:\"defaultTemplate\";s:34:\"templates/body/footer/footer.phtml\";}',NULL,NULL);
INSERT INTO `ait_aitsu_article_property` VALUES (5,525,'O:8:\"stdClass\":1:{s:15:\"defaultTemplate\";s:34:\"templates/body/footer/footer.phtml\";}',NULL,NULL);
INSERT INTO `ait_aitsu_article_property` VALUES (5,526,'O:8:\"stdClass\":1:{s:15:\"defaultTemplate\";s:34:\"templates/body/footer/footer.phtml\";}',NULL,NULL);
INSERT INTO `ait_aitsu_article_property` VALUES (5,527,'O:8:\"stdClass\":1:{s:15:\"defaultTemplate\";s:34:\"templates/body/footer/footer.phtml\";}',NULL,NULL);
INSERT INTO `ait_aitsu_article_property` VALUES (5,528,'O:8:\"stdClass\":1:{s:15:\"defaultTemplate\";s:34:\"templates/body/footer/footer.phtml\";}',NULL,NULL);
INSERT INTO `ait_aitsu_article_property` VALUES (5,529,'O:8:\"stdClass\":1:{s:15:\"defaultTemplate\";s:34:\"templates/body/footer/footer.phtml\";}',NULL,NULL);
INSERT INTO `ait_aitsu_article_property` VALUES (5,531,'O:8:\"stdClass\":1:{s:15:\"defaultTemplate\";s:34:\"templates/body/footer/footer.phtml\";}',NULL,NULL);
INSERT INTO `ait_aitsu_article_property` VALUES (6,440,'O:8:\"stdClass\":2:{s:15:\"defaultTemplate\";s:3:\"100\";s:8:\"template\";O:8:\"stdClass\":4:{s:4:\"none\";O:8:\"stdClass\":2:{s:4:\"name\";s:4:\"none\";s:4:\"file\";s:36:\"templates/body/subcolumns/none.phtml\";}s:5:\"50_50\";O:8:\"stdClass\":2:{s:4:\"name\";s:20:\"Subcolumns 50% | 50%\";s:4:\"file\";s:37:\"templates/body/subcolumns/50_50.phtml\";}i:100;O:8:\"stdClass\":2:{s:4:\"name\";s:14:\"Subcolumn 100%\";s:4:\"file\";s:35:\"templates/body/subcolumns/100.phtml\";}s:7:\"contact\";O:8:\"stdClass\":2:{s:4:\"name\";s:12:\"Contact form\";s:4:\"file\";s:33:\"templates/body/form/contact.phtml\";}}}',NULL,NULL);
INSERT INTO `ait_aitsu_article_property` VALUES (6,446,'O:8:\"stdClass\":2:{s:15:\"defaultTemplate\";s:3:\"100\";s:8:\"template\";O:8:\"stdClass\":4:{s:4:\"none\";O:8:\"stdClass\":2:{s:4:\"name\";s:4:\"none\";s:4:\"file\";s:36:\"templates/body/subcolumns/none.phtml\";}s:5:\"50_50\";O:8:\"stdClass\":2:{s:4:\"name\";s:20:\"Subcolumns 50% | 50%\";s:4:\"file\";s:37:\"templates/body/subcolumns/50_50.phtml\";}i:100;O:8:\"stdClass\":2:{s:4:\"name\";s:14:\"Subcolumn 100%\";s:4:\"file\";s:35:\"templates/body/subcolumns/100.phtml\";}s:7:\"contact\";O:8:\"stdClass\":2:{s:4:\"name\";s:12:\"Contact form\";s:4:\"file\";s:33:\"templates/body/form/contact.phtml\";}}}',NULL,NULL);
INSERT INTO `ait_aitsu_article_property` VALUES (6,449,'O:8:\"stdClass\":2:{s:15:\"defaultTemplate\";s:3:\"100\";s:8:\"template\";O:8:\"stdClass\":4:{s:4:\"none\";O:8:\"stdClass\":2:{s:4:\"name\";s:4:\"none\";s:4:\"file\";s:36:\"templates/body/subcolumns/none.phtml\";}s:5:\"50_50\";O:8:\"stdClass\":2:{s:4:\"name\";s:20:\"Subcolumns 50% | 50%\";s:4:\"file\";s:37:\"templates/body/subcolumns/50_50.phtml\";}i:100;O:8:\"stdClass\":2:{s:4:\"name\";s:14:\"Subcolumn 100%\";s:4:\"file\";s:35:\"templates/body/subcolumns/100.phtml\";}s:7:\"contact\";O:8:\"stdClass\":2:{s:4:\"name\";s:12:\"Contact form\";s:4:\"file\";s:33:\"templates/body/form/contact.phtml\";}}}',NULL,NULL);
INSERT INTO `ait_aitsu_article_property` VALUES (6,491,'O:8:\"stdClass\":2:{s:15:\"defaultTemplate\";s:3:\"100\";s:8:\"template\";O:8:\"stdClass\":4:{s:4:\"none\";O:8:\"stdClass\":2:{s:4:\"name\";s:4:\"none\";s:4:\"file\";s:36:\"templates/body/subcolumns/none.phtml\";}s:5:\"50_50\";O:8:\"stdClass\":2:{s:4:\"name\";s:20:\"Subcolumns 50% | 50%\";s:4:\"file\";s:37:\"templates/body/subcolumns/50_50.phtml\";}i:100;O:8:\"stdClass\":2:{s:4:\"name\";s:14:\"Subcolumn 100%\";s:4:\"file\";s:35:\"templates/body/subcolumns/100.phtml\";}s:7:\"contact\";O:8:\"stdClass\":2:{s:4:\"name\";s:12:\"Contact form\";s:4:\"file\";s:33:\"templates/body/form/contact.phtml\";}}}',NULL,NULL);
INSERT INTO `ait_aitsu_article_property` VALUES (6,492,'O:8:\"stdClass\":2:{s:15:\"defaultTemplate\";s:3:\"100\";s:8:\"template\";O:8:\"stdClass\":4:{s:4:\"none\";O:8:\"stdClass\":2:{s:4:\"name\";s:4:\"none\";s:4:\"file\";s:36:\"templates/body/subcolumns/none.phtml\";}s:5:\"50_50\";O:8:\"stdClass\":2:{s:4:\"name\";s:20:\"Subcolumns 50% | 50%\";s:4:\"file\";s:37:\"templates/body/subcolumns/50_50.phtml\";}i:100;O:8:\"stdClass\":2:{s:4:\"name\";s:14:\"Subcolumn 100%\";s:4:\"file\";s:35:\"templates/body/subcolumns/100.phtml\";}s:7:\"contact\";O:8:\"stdClass\":2:{s:4:\"name\";s:12:\"Contact form\";s:4:\"file\";s:33:\"templates/body/form/contact.phtml\";}}}',NULL,NULL);
INSERT INTO `ait_aitsu_article_property` VALUES (6,493,'O:8:\"stdClass\":2:{s:15:\"defaultTemplate\";s:3:\"100\";s:8:\"template\";O:8:\"stdClass\":4:{s:4:\"none\";O:8:\"stdClass\":2:{s:4:\"name\";s:4:\"none\";s:4:\"file\";s:36:\"templates/body/subcolumns/none.phtml\";}s:5:\"50_50\";O:8:\"stdClass\":2:{s:4:\"name\";s:20:\"Subcolumns 50% | 50%\";s:4:\"file\";s:37:\"templates/body/subcolumns/50_50.phtml\";}i:100;O:8:\"stdClass\":2:{s:4:\"name\";s:14:\"Subcolumn 100%\";s:4:\"file\";s:35:\"templates/body/subcolumns/100.phtml\";}s:7:\"contact\";O:8:\"stdClass\":2:{s:4:\"name\";s:12:\"Contact form\";s:4:\"file\";s:33:\"templates/body/form/contact.phtml\";}}}',NULL,NULL);
INSERT INTO `ait_aitsu_article_property` VALUES (6,495,'O:8:\"stdClass\":2:{s:15:\"defaultTemplate\";s:3:\"100\";s:8:\"template\";O:8:\"stdClass\":4:{s:4:\"none\";O:8:\"stdClass\":2:{s:4:\"name\";s:4:\"none\";s:4:\"file\";s:36:\"templates/body/subcolumns/none.phtml\";}s:5:\"50_50\";O:8:\"stdClass\":2:{s:4:\"name\";s:20:\"Subcolumns 50% | 50%\";s:4:\"file\";s:37:\"templates/body/subcolumns/50_50.phtml\";}i:100;O:8:\"stdClass\":2:{s:4:\"name\";s:14:\"Subcolumn 100%\";s:4:\"file\";s:35:\"templates/body/subcolumns/100.phtml\";}s:7:\"contact\";O:8:\"stdClass\":2:{s:4:\"name\";s:12:\"Contact form\";s:4:\"file\";s:33:\"templates/body/form/contact.phtml\";}}}',NULL,NULL);
INSERT INTO `ait_aitsu_article_property` VALUES (6,497,'O:8:\"stdClass\":2:{s:15:\"defaultTemplate\";s:3:\"100\";s:8:\"template\";O:8:\"stdClass\":4:{s:4:\"none\";O:8:\"stdClass\":2:{s:4:\"name\";s:4:\"none\";s:4:\"file\";s:36:\"templates/body/subcolumns/none.phtml\";}s:5:\"50_50\";O:8:\"stdClass\":2:{s:4:\"name\";s:20:\"Subcolumns 50% | 50%\";s:4:\"file\";s:37:\"templates/body/subcolumns/50_50.phtml\";}i:100;O:8:\"stdClass\":2:{s:4:\"name\";s:14:\"Subcolumn 100%\";s:4:\"file\";s:35:\"templates/body/subcolumns/100.phtml\";}s:7:\"contact\";O:8:\"stdClass\":2:{s:4:\"name\";s:12:\"Contact form\";s:4:\"file\";s:33:\"templates/body/form/contact.phtml\";}}}',NULL,NULL);
INSERT INTO `ait_aitsu_article_property` VALUES (6,505,'O:8:\"stdClass\":2:{s:15:\"defaultTemplate\";s:3:\"100\";s:8:\"template\";O:8:\"stdClass\":4:{s:4:\"none\";O:8:\"stdClass\":2:{s:4:\"name\";s:4:\"none\";s:4:\"file\";s:36:\"templates/body/subcolumns/none.phtml\";}s:5:\"50_50\";O:8:\"stdClass\":2:{s:4:\"name\";s:20:\"Subcolumns 50% | 50%\";s:4:\"file\";s:37:\"templates/body/subcolumns/50_50.phtml\";}s:3:\"100\";O:8:\"stdClass\":2:{s:4:\"name\";s:14:\"Subcolumn 100%\";s:4:\"file\";s:35:\"templates/body/subcolumns/100.phtml\";}s:7:\"contact\";O:8:\"stdClass\":2:{s:4:\"name\";s:12:\"Contact form\";s:4:\"file\";s:33:\"templates/body/form/contact.phtml\";}}}',NULL,NULL);
INSERT INTO `ait_aitsu_article_property` VALUES (6,506,'O:8:\"stdClass\":2:{s:15:\"defaultTemplate\";s:3:\"100\";s:8:\"template\";O:8:\"stdClass\":4:{s:4:\"none\";O:8:\"stdClass\":2:{s:4:\"name\";s:4:\"none\";s:4:\"file\";s:36:\"templates/body/subcolumns/none.phtml\";}s:5:\"50_50\";O:8:\"stdClass\":2:{s:4:\"name\";s:20:\"Subcolumns 50% | 50%\";s:4:\"file\";s:37:\"templates/body/subcolumns/50_50.phtml\";}i:100;O:8:\"stdClass\":2:{s:4:\"name\";s:14:\"Subcolumn 100%\";s:4:\"file\";s:35:\"templates/body/subcolumns/100.phtml\";}s:7:\"contact\";O:8:\"stdClass\":2:{s:4:\"name\";s:12:\"Contact form\";s:4:\"file\";s:33:\"templates/body/form/contact.phtml\";}}}',NULL,NULL);
INSERT INTO `ait_aitsu_article_property` VALUES (6,510,'O:8:\"stdClass\":2:{s:15:\"defaultTemplate\";s:3:\"100\";s:8:\"template\";O:8:\"stdClass\":4:{s:4:\"none\";O:8:\"stdClass\":2:{s:4:\"name\";s:4:\"none\";s:4:\"file\";s:36:\"templates/body/subcolumns/none.phtml\";}s:5:\"50_50\";O:8:\"stdClass\":2:{s:4:\"name\";s:20:\"Subcolumns 50% | 50%\";s:4:\"file\";s:37:\"templates/body/subcolumns/50_50.phtml\";}s:3:\"100\";O:8:\"stdClass\":2:{s:4:\"name\";s:14:\"Subcolumn 100%\";s:4:\"file\";s:35:\"templates/body/subcolumns/100.phtml\";}s:7:\"contact\";O:8:\"stdClass\":2:{s:4:\"name\";s:12:\"Contact form\";s:4:\"file\";s:33:\"templates/body/form/contact.phtml\";}}}',NULL,NULL);
INSERT INTO `ait_aitsu_article_property` VALUES (6,511,'O:8:\"stdClass\":2:{s:15:\"defaultTemplate\";s:3:\"100\";s:8:\"template\";O:8:\"stdClass\":4:{s:4:\"none\";O:8:\"stdClass\":2:{s:4:\"name\";s:4:\"none\";s:4:\"file\";s:36:\"templates/body/subcolumns/none.phtml\";}s:5:\"50_50\";O:8:\"stdClass\":2:{s:4:\"name\";s:20:\"Subcolumns 50% | 50%\";s:4:\"file\";s:37:\"templates/body/subcolumns/50_50.phtml\";}i:100;O:8:\"stdClass\":2:{s:4:\"name\";s:14:\"Subcolumn 100%\";s:4:\"file\";s:35:\"templates/body/subcolumns/100.phtml\";}s:7:\"contact\";O:8:\"stdClass\":2:{s:4:\"name\";s:12:\"Contact form\";s:4:\"file\";s:33:\"templates/body/form/contact.phtml\";}}}',NULL,NULL);
INSERT INTO `ait_aitsu_article_property` VALUES (6,514,'O:8:\"stdClass\":2:{s:15:\"defaultTemplate\";s:3:\"100\";s:8:\"template\";O:8:\"stdClass\":4:{s:4:\"none\";O:8:\"stdClass\":2:{s:4:\"name\";s:4:\"none\";s:4:\"file\";s:36:\"templates/body/subcolumns/none.phtml\";}s:5:\"50_50\";O:8:\"stdClass\":2:{s:4:\"name\";s:20:\"Subcolumns 50% | 50%\";s:4:\"file\";s:37:\"templates/body/subcolumns/50_50.phtml\";}i:100;O:8:\"stdClass\":2:{s:4:\"name\";s:14:\"Subcolumn 100%\";s:4:\"file\";s:35:\"templates/body/subcolumns/100.phtml\";}s:7:\"contact\";O:8:\"stdClass\":2:{s:4:\"name\";s:12:\"Contact form\";s:4:\"file\";s:33:\"templates/body/form/contact.phtml\";}}}',NULL,NULL);
INSERT INTO `ait_aitsu_article_property` VALUES (7,440,'100',NULL,NULL);
INSERT INTO `ait_aitsu_article_property` VALUES (7,449,'none',NULL,NULL);
INSERT INTO `ait_aitsu_article_property` VALUES (7,492,'none',NULL,NULL);
INSERT INTO `ait_aitsu_article_property` VALUES (7,493,'100',NULL,NULL);
INSERT INTO `ait_aitsu_article_property` VALUES (7,495,'contact',NULL,NULL);
INSERT INTO `ait_aitsu_article_property` VALUES (8,440,'O:8:\"stdClass\":2:{s:15:\"defaultTemplate\";s:4:\"none\";s:8:\"template\";O:8:\"stdClass\":8:{s:4:\"none\";O:8:\"stdClass\":2:{s:4:\"name\";s:4:\"none\";s:4:\"file\";s:36:\"templates/body/subcolumns/none.phtml\";}i:100;O:8:\"stdClass\":2:{s:4:\"name\";s:14:\"Subcolumn 100%\";s:4:\"file\";s:35:\"templates/body/subcolumns/100.phtml\";}s:5:\"25_75\";O:8:\"stdClass\":2:{s:4:\"name\";s:20:\"Subcolumns 25% | 75%\";s:4:\"file\";s:37:\"templates/body/subcolumns/25_75.phtml\";}s:8:\"33_33_33\";O:8:\"stdClass\":2:{s:4:\"name\";s:26:\"Subcolumns 33% | 33% | 33%\";s:4:\"file\";s:40:\"templates/body/subcolumns/33_33_33.phtml\";}s:5:\"33_66\";O:8:\"stdClass\":2:{s:4:\"name\";s:20:\"Subcolumns 33% | 66%\";s:4:\"file\";s:37:\"templates/body/subcolumns/33_66.phtml\";}s:5:\"50_50\";O:8:\"stdClass\":2:{s:4:\"name\";s:20:\"Subcolumns 50% | 50%\";s:4:\"file\";s:37:\"templates/body/subcolumns/50_50.phtml\";}s:5:\"66_33\";O:8:\"stdClass\":2:{s:4:\"name\";s:20:\"Subcolumns 66% | 33%\";s:4:\"file\";s:37:\"templates/body/subcolumns/66_33.phtml\";}s:5:\"75_25\";O:8:\"stdClass\":2:{s:4:\"name\";s:20:\"Subcolumns 75% | 25%\";s:4:\"file\";s:37:\"templates/body/subcolumns/75_25.phtml\";}}}',NULL,NULL);
INSERT INTO `ait_aitsu_article_property` VALUES (8,446,'O:8:\"stdClass\":2:{s:15:\"defaultTemplate\";s:4:\"none\";s:8:\"template\";O:8:\"stdClass\":8:{s:4:\"none\";O:8:\"stdClass\":2:{s:4:\"name\";s:4:\"none\";s:4:\"file\";s:36:\"templates/body/subcolumns/none.phtml\";}i:100;O:8:\"stdClass\":2:{s:4:\"name\";s:14:\"Subcolumn 100%\";s:4:\"file\";s:35:\"templates/body/subcolumns/100.phtml\";}s:5:\"25_75\";O:8:\"stdClass\":2:{s:4:\"name\";s:20:\"Subcolumns 25% | 75%\";s:4:\"file\";s:37:\"templates/body/subcolumns/25_75.phtml\";}s:8:\"33_33_33\";O:8:\"stdClass\":2:{s:4:\"name\";s:26:\"Subcolumns 33% | 33% | 33%\";s:4:\"file\";s:40:\"templates/body/subcolumns/33_33_33.phtml\";}s:5:\"33_66\";O:8:\"stdClass\":2:{s:4:\"name\";s:20:\"Subcolumns 33% | 66%\";s:4:\"file\";s:37:\"templates/body/subcolumns/33_66.phtml\";}s:5:\"50_50\";O:8:\"stdClass\":2:{s:4:\"name\";s:20:\"Subcolumns 50% | 50%\";s:4:\"file\";s:37:\"templates/body/subcolumns/50_50.phtml\";}s:5:\"66_33\";O:8:\"stdClass\":2:{s:4:\"name\";s:20:\"Subcolumns 66% | 33%\";s:4:\"file\";s:37:\"templates/body/subcolumns/66_33.phtml\";}s:5:\"75_25\";O:8:\"stdClass\":2:{s:4:\"name\";s:20:\"Subcolumns 75% | 25%\";s:4:\"file\";s:37:\"templates/body/subcolumns/75_25.phtml\";}}}',NULL,NULL);
INSERT INTO `ait_aitsu_article_property` VALUES (8,449,'O:8:\"stdClass\":2:{s:15:\"defaultTemplate\";s:4:\"none\";s:8:\"template\";O:8:\"stdClass\":8:{s:4:\"none\";O:8:\"stdClass\":2:{s:4:\"name\";s:4:\"none\";s:4:\"file\";s:36:\"templates/body/subcolumns/none.phtml\";}i:100;O:8:\"stdClass\":2:{s:4:\"name\";s:14:\"Subcolumn 100%\";s:4:\"file\";s:35:\"templates/body/subcolumns/100.phtml\";}s:5:\"25_75\";O:8:\"stdClass\":2:{s:4:\"name\";s:20:\"Subcolumns 25% | 75%\";s:4:\"file\";s:37:\"templates/body/subcolumns/25_75.phtml\";}s:8:\"33_33_33\";O:8:\"stdClass\":2:{s:4:\"name\";s:26:\"Subcolumns 33% | 33% | 33%\";s:4:\"file\";s:40:\"templates/body/subcolumns/33_33_33.phtml\";}s:5:\"33_66\";O:8:\"stdClass\":2:{s:4:\"name\";s:20:\"Subcolumns 33% | 66%\";s:4:\"file\";s:37:\"templates/body/subcolumns/33_66.phtml\";}s:5:\"50_50\";O:8:\"stdClass\":2:{s:4:\"name\";s:20:\"Subcolumns 50% | 50%\";s:4:\"file\";s:37:\"templates/body/subcolumns/50_50.phtml\";}s:5:\"66_33\";O:8:\"stdClass\":2:{s:4:\"name\";s:20:\"Subcolumns 66% | 33%\";s:4:\"file\";s:37:\"templates/body/subcolumns/66_33.phtml\";}s:5:\"75_25\";O:8:\"stdClass\":2:{s:4:\"name\";s:20:\"Subcolumns 75% | 25%\";s:4:\"file\";s:37:\"templates/body/subcolumns/75_25.phtml\";}}}',NULL,NULL);
INSERT INTO `ait_aitsu_article_property` VALUES (8,491,'O:8:\"stdClass\":2:{s:15:\"defaultTemplate\";s:4:\"none\";s:8:\"template\";O:8:\"stdClass\":8:{s:4:\"none\";O:8:\"stdClass\":2:{s:4:\"name\";s:4:\"none\";s:4:\"file\";s:36:\"templates/body/subcolumns/none.phtml\";}i:100;O:8:\"stdClass\":2:{s:4:\"name\";s:14:\"Subcolumn 100%\";s:4:\"file\";s:35:\"templates/body/subcolumns/100.phtml\";}s:5:\"25_75\";O:8:\"stdClass\":2:{s:4:\"name\";s:20:\"Subcolumns 25% | 75%\";s:4:\"file\";s:37:\"templates/body/subcolumns/25_75.phtml\";}s:8:\"33_33_33\";O:8:\"stdClass\":2:{s:4:\"name\";s:26:\"Subcolumns 33% | 33% | 33%\";s:4:\"file\";s:40:\"templates/body/subcolumns/33_33_33.phtml\";}s:5:\"33_66\";O:8:\"stdClass\":2:{s:4:\"name\";s:20:\"Subcolumns 33% | 66%\";s:4:\"file\";s:37:\"templates/body/subcolumns/33_66.phtml\";}s:5:\"50_50\";O:8:\"stdClass\":2:{s:4:\"name\";s:20:\"Subcolumns 50% | 50%\";s:4:\"file\";s:37:\"templates/body/subcolumns/50_50.phtml\";}s:5:\"66_33\";O:8:\"stdClass\":2:{s:4:\"name\";s:20:\"Subcolumns 66% | 33%\";s:4:\"file\";s:37:\"templates/body/subcolumns/66_33.phtml\";}s:5:\"75_25\";O:8:\"stdClass\":2:{s:4:\"name\";s:20:\"Subcolumns 75% | 25%\";s:4:\"file\";s:37:\"templates/body/subcolumns/75_25.phtml\";}}}',NULL,NULL);
INSERT INTO `ait_aitsu_article_property` VALUES (8,492,'O:8:\"stdClass\":2:{s:15:\"defaultTemplate\";s:4:\"none\";s:8:\"template\";O:8:\"stdClass\":8:{s:4:\"none\";O:8:\"stdClass\":2:{s:4:\"name\";s:4:\"none\";s:4:\"file\";s:36:\"templates/body/subcolumns/none.phtml\";}i:100;O:8:\"stdClass\":2:{s:4:\"name\";s:14:\"Subcolumn 100%\";s:4:\"file\";s:35:\"templates/body/subcolumns/100.phtml\";}s:5:\"25_75\";O:8:\"stdClass\":2:{s:4:\"name\";s:20:\"Subcolumns 25% | 75%\";s:4:\"file\";s:37:\"templates/body/subcolumns/25_75.phtml\";}s:8:\"33_33_33\";O:8:\"stdClass\":2:{s:4:\"name\";s:26:\"Subcolumns 33% | 33% | 33%\";s:4:\"file\";s:40:\"templates/body/subcolumns/33_33_33.phtml\";}s:5:\"33_66\";O:8:\"stdClass\":2:{s:4:\"name\";s:20:\"Subcolumns 33% | 66%\";s:4:\"file\";s:37:\"templates/body/subcolumns/33_66.phtml\";}s:5:\"50_50\";O:8:\"stdClass\":2:{s:4:\"name\";s:20:\"Subcolumns 50% | 50%\";s:4:\"file\";s:37:\"templates/body/subcolumns/50_50.phtml\";}s:5:\"66_33\";O:8:\"stdClass\":2:{s:4:\"name\";s:20:\"Subcolumns 66% | 33%\";s:4:\"file\";s:37:\"templates/body/subcolumns/66_33.phtml\";}s:5:\"75_25\";O:8:\"stdClass\":2:{s:4:\"name\";s:20:\"Subcolumns 75% | 25%\";s:4:\"file\";s:37:\"templates/body/subcolumns/75_25.phtml\";}}}',NULL,NULL);
INSERT INTO `ait_aitsu_article_property` VALUES (8,493,'O:8:\"stdClass\":2:{s:15:\"defaultTemplate\";s:4:\"none\";s:8:\"template\";O:8:\"stdClass\":8:{s:4:\"none\";O:8:\"stdClass\":2:{s:4:\"name\";s:4:\"none\";s:4:\"file\";s:36:\"templates/body/subcolumns/none.phtml\";}i:100;O:8:\"stdClass\":2:{s:4:\"name\";s:14:\"Subcolumn 100%\";s:4:\"file\";s:35:\"templates/body/subcolumns/100.phtml\";}s:5:\"25_75\";O:8:\"stdClass\":2:{s:4:\"name\";s:20:\"Subcolumns 25% | 75%\";s:4:\"file\";s:37:\"templates/body/subcolumns/25_75.phtml\";}s:8:\"33_33_33\";O:8:\"stdClass\":2:{s:4:\"name\";s:26:\"Subcolumns 33% | 33% | 33%\";s:4:\"file\";s:40:\"templates/body/subcolumns/33_33_33.phtml\";}s:5:\"33_66\";O:8:\"stdClass\":2:{s:4:\"name\";s:20:\"Subcolumns 33% | 66%\";s:4:\"file\";s:37:\"templates/body/subcolumns/33_66.phtml\";}s:5:\"50_50\";O:8:\"stdClass\":2:{s:4:\"name\";s:20:\"Subcolumns 50% | 50%\";s:4:\"file\";s:37:\"templates/body/subcolumns/50_50.phtml\";}s:5:\"66_33\";O:8:\"stdClass\":2:{s:4:\"name\";s:20:\"Subcolumns 66% | 33%\";s:4:\"file\";s:37:\"templates/body/subcolumns/66_33.phtml\";}s:5:\"75_25\";O:8:\"stdClass\":2:{s:4:\"name\";s:20:\"Subcolumns 75% | 25%\";s:4:\"file\";s:37:\"templates/body/subcolumns/75_25.phtml\";}}}',NULL,NULL);
INSERT INTO `ait_aitsu_article_property` VALUES (8,495,'O:8:\"stdClass\":2:{s:15:\"defaultTemplate\";s:4:\"none\";s:8:\"template\";O:8:\"stdClass\":8:{s:4:\"none\";O:8:\"stdClass\":2:{s:4:\"name\";s:4:\"none\";s:4:\"file\";s:36:\"templates/body/subcolumns/none.phtml\";}i:100;O:8:\"stdClass\":2:{s:4:\"name\";s:14:\"Subcolumn 100%\";s:4:\"file\";s:35:\"templates/body/subcolumns/100.phtml\";}s:5:\"25_75\";O:8:\"stdClass\":2:{s:4:\"name\";s:20:\"Subcolumns 25% | 75%\";s:4:\"file\";s:37:\"templates/body/subcolumns/25_75.phtml\";}s:8:\"33_33_33\";O:8:\"stdClass\":2:{s:4:\"name\";s:26:\"Subcolumns 33% | 33% | 33%\";s:4:\"file\";s:40:\"templates/body/subcolumns/33_33_33.phtml\";}s:5:\"33_66\";O:8:\"stdClass\":2:{s:4:\"name\";s:20:\"Subcolumns 33% | 66%\";s:4:\"file\";s:37:\"templates/body/subcolumns/33_66.phtml\";}s:5:\"50_50\";O:8:\"stdClass\":2:{s:4:\"name\";s:20:\"Subcolumns 50% | 50%\";s:4:\"file\";s:37:\"templates/body/subcolumns/50_50.phtml\";}s:5:\"66_33\";O:8:\"stdClass\":2:{s:4:\"name\";s:20:\"Subcolumns 66% | 33%\";s:4:\"file\";s:37:\"templates/body/subcolumns/66_33.phtml\";}s:5:\"75_25\";O:8:\"stdClass\":2:{s:4:\"name\";s:20:\"Subcolumns 75% | 25%\";s:4:\"file\";s:37:\"templates/body/subcolumns/75_25.phtml\";}}}',NULL,NULL);
INSERT INTO `ait_aitsu_article_property` VALUES (8,497,'O:8:\"stdClass\":2:{s:15:\"defaultTemplate\";s:4:\"none\";s:8:\"template\";O:8:\"stdClass\":8:{s:4:\"none\";O:8:\"stdClass\":2:{s:4:\"name\";s:4:\"none\";s:4:\"file\";s:36:\"templates/body/subcolumns/none.phtml\";}i:100;O:8:\"stdClass\":2:{s:4:\"name\";s:14:\"Subcolumn 100%\";s:4:\"file\";s:35:\"templates/body/subcolumns/100.phtml\";}s:5:\"25_75\";O:8:\"stdClass\":2:{s:4:\"name\";s:20:\"Subcolumns 25% | 75%\";s:4:\"file\";s:37:\"templates/body/subcolumns/25_75.phtml\";}s:8:\"33_33_33\";O:8:\"stdClass\":2:{s:4:\"name\";s:26:\"Subcolumns 33% | 33% | 33%\";s:4:\"file\";s:40:\"templates/body/subcolumns/33_33_33.phtml\";}s:5:\"33_66\";O:8:\"stdClass\":2:{s:4:\"name\";s:20:\"Subcolumns 33% | 66%\";s:4:\"file\";s:37:\"templates/body/subcolumns/33_66.phtml\";}s:5:\"50_50\";O:8:\"stdClass\":2:{s:4:\"name\";s:20:\"Subcolumns 50% | 50%\";s:4:\"file\";s:37:\"templates/body/subcolumns/50_50.phtml\";}s:5:\"66_33\";O:8:\"stdClass\":2:{s:4:\"name\";s:20:\"Subcolumns 66% | 33%\";s:4:\"file\";s:37:\"templates/body/subcolumns/66_33.phtml\";}s:5:\"75_25\";O:8:\"stdClass\":2:{s:4:\"name\";s:20:\"Subcolumns 75% | 25%\";s:4:\"file\";s:37:\"templates/body/subcolumns/75_25.phtml\";}}}',NULL,NULL);
INSERT INTO `ait_aitsu_article_property` VALUES (8,505,'O:8:\"stdClass\":2:{s:15:\"defaultTemplate\";s:4:\"none\";s:8:\"template\";O:8:\"stdClass\":8:{s:4:\"none\";O:8:\"stdClass\":2:{s:4:\"name\";s:4:\"none\";s:4:\"file\";s:36:\"templates/body/subcolumns/none.phtml\";}s:3:\"100\";O:8:\"stdClass\":2:{s:4:\"name\";s:14:\"Subcolumn 100%\";s:4:\"file\";s:35:\"templates/body/subcolumns/100.phtml\";}s:5:\"25_75\";O:8:\"stdClass\":2:{s:4:\"name\";s:20:\"Subcolumns 25% | 75%\";s:4:\"file\";s:37:\"templates/body/subcolumns/25_75.phtml\";}s:8:\"33_33_33\";O:8:\"stdClass\":2:{s:4:\"name\";s:26:\"Subcolumns 33% | 33% | 33%\";s:4:\"file\";s:40:\"templates/body/subcolumns/33_33_33.phtml\";}s:5:\"33_66\";O:8:\"stdClass\":2:{s:4:\"name\";s:20:\"Subcolumns 33% | 66%\";s:4:\"file\";s:37:\"templates/body/subcolumns/33_66.phtml\";}s:5:\"50_50\";O:8:\"stdClass\":2:{s:4:\"name\";s:20:\"Subcolumns 50% | 50%\";s:4:\"file\";s:37:\"templates/body/subcolumns/50_50.phtml\";}s:5:\"66_33\";O:8:\"stdClass\":2:{s:4:\"name\";s:20:\"Subcolumns 66% | 33%\";s:4:\"file\";s:37:\"templates/body/subcolumns/66_33.phtml\";}s:5:\"75_25\";O:8:\"stdClass\":2:{s:4:\"name\";s:20:\"Subcolumns 75% | 25%\";s:4:\"file\";s:37:\"templates/body/subcolumns/75_25.phtml\";}}}',NULL,NULL);
INSERT INTO `ait_aitsu_article_property` VALUES (8,506,'O:8:\"stdClass\":2:{s:15:\"defaultTemplate\";s:4:\"none\";s:8:\"template\";O:8:\"stdClass\":8:{s:4:\"none\";O:8:\"stdClass\":2:{s:4:\"name\";s:4:\"none\";s:4:\"file\";s:36:\"templates/body/subcolumns/none.phtml\";}i:100;O:8:\"stdClass\":2:{s:4:\"name\";s:14:\"Subcolumn 100%\";s:4:\"file\";s:35:\"templates/body/subcolumns/100.phtml\";}s:5:\"25_75\";O:8:\"stdClass\":2:{s:4:\"name\";s:20:\"Subcolumns 25% | 75%\";s:4:\"file\";s:37:\"templates/body/subcolumns/25_75.phtml\";}s:8:\"33_33_33\";O:8:\"stdClass\":2:{s:4:\"name\";s:26:\"Subcolumns 33% | 33% | 33%\";s:4:\"file\";s:40:\"templates/body/subcolumns/33_33_33.phtml\";}s:5:\"33_66\";O:8:\"stdClass\":2:{s:4:\"name\";s:20:\"Subcolumns 33% | 66%\";s:4:\"file\";s:37:\"templates/body/subcolumns/33_66.phtml\";}s:5:\"50_50\";O:8:\"stdClass\":2:{s:4:\"name\";s:20:\"Subcolumns 50% | 50%\";s:4:\"file\";s:37:\"templates/body/subcolumns/50_50.phtml\";}s:5:\"66_33\";O:8:\"stdClass\":2:{s:4:\"name\";s:20:\"Subcolumns 66% | 33%\";s:4:\"file\";s:37:\"templates/body/subcolumns/66_33.phtml\";}s:5:\"75_25\";O:8:\"stdClass\":2:{s:4:\"name\";s:20:\"Subcolumns 75% | 25%\";s:4:\"file\";s:37:\"templates/body/subcolumns/75_25.phtml\";}}}',NULL,NULL);
INSERT INTO `ait_aitsu_article_property` VALUES (8,510,'O:8:\"stdClass\":2:{s:15:\"defaultTemplate\";s:4:\"none\";s:8:\"template\";O:8:\"stdClass\":8:{s:4:\"none\";O:8:\"stdClass\":2:{s:4:\"name\";s:4:\"none\";s:4:\"file\";s:36:\"templates/body/subcolumns/none.phtml\";}s:3:\"100\";O:8:\"stdClass\":2:{s:4:\"name\";s:14:\"Subcolumn 100%\";s:4:\"file\";s:35:\"templates/body/subcolumns/100.phtml\";}s:5:\"25_75\";O:8:\"stdClass\":2:{s:4:\"name\";s:20:\"Subcolumns 25% | 75%\";s:4:\"file\";s:37:\"templates/body/subcolumns/25_75.phtml\";}s:8:\"33_33_33\";O:8:\"stdClass\":2:{s:4:\"name\";s:26:\"Subcolumns 33% | 33% | 33%\";s:4:\"file\";s:40:\"templates/body/subcolumns/33_33_33.phtml\";}s:5:\"33_66\";O:8:\"stdClass\":2:{s:4:\"name\";s:20:\"Subcolumns 33% | 66%\";s:4:\"file\";s:37:\"templates/body/subcolumns/33_66.phtml\";}s:5:\"50_50\";O:8:\"stdClass\":2:{s:4:\"name\";s:20:\"Subcolumns 50% | 50%\";s:4:\"file\";s:37:\"templates/body/subcolumns/50_50.phtml\";}s:5:\"66_33\";O:8:\"stdClass\":2:{s:4:\"name\";s:20:\"Subcolumns 66% | 33%\";s:4:\"file\";s:37:\"templates/body/subcolumns/66_33.phtml\";}s:5:\"75_25\";O:8:\"stdClass\":2:{s:4:\"name\";s:20:\"Subcolumns 75% | 25%\";s:4:\"file\";s:37:\"templates/body/subcolumns/75_25.phtml\";}}}',NULL,NULL);
INSERT INTO `ait_aitsu_article_property` VALUES (8,511,'O:8:\"stdClass\":2:{s:15:\"defaultTemplate\";s:4:\"none\";s:8:\"template\";O:8:\"stdClass\":8:{s:4:\"none\";O:8:\"stdClass\":2:{s:4:\"name\";s:4:\"none\";s:4:\"file\";s:36:\"templates/body/subcolumns/none.phtml\";}i:100;O:8:\"stdClass\":2:{s:4:\"name\";s:14:\"Subcolumn 100%\";s:4:\"file\";s:35:\"templates/body/subcolumns/100.phtml\";}s:5:\"25_75\";O:8:\"stdClass\":2:{s:4:\"name\";s:20:\"Subcolumns 25% | 75%\";s:4:\"file\";s:37:\"templates/body/subcolumns/25_75.phtml\";}s:8:\"33_33_33\";O:8:\"stdClass\":2:{s:4:\"name\";s:26:\"Subcolumns 33% | 33% | 33%\";s:4:\"file\";s:40:\"templates/body/subcolumns/33_33_33.phtml\";}s:5:\"33_66\";O:8:\"stdClass\":2:{s:4:\"name\";s:20:\"Subcolumns 33% | 66%\";s:4:\"file\";s:37:\"templates/body/subcolumns/33_66.phtml\";}s:5:\"50_50\";O:8:\"stdClass\":2:{s:4:\"name\";s:20:\"Subcolumns 50% | 50%\";s:4:\"file\";s:37:\"templates/body/subcolumns/50_50.phtml\";}s:5:\"66_33\";O:8:\"stdClass\":2:{s:4:\"name\";s:20:\"Subcolumns 66% | 33%\";s:4:\"file\";s:37:\"templates/body/subcolumns/66_33.phtml\";}s:5:\"75_25\";O:8:\"stdClass\":2:{s:4:\"name\";s:20:\"Subcolumns 75% | 25%\";s:4:\"file\";s:37:\"templates/body/subcolumns/75_25.phtml\";}}}',NULL,NULL);
INSERT INTO `ait_aitsu_article_property` VALUES (8,514,'O:8:\"stdClass\":2:{s:15:\"defaultTemplate\";s:4:\"none\";s:8:\"template\";O:8:\"stdClass\":8:{s:4:\"none\";O:8:\"stdClass\":2:{s:4:\"name\";s:4:\"none\";s:4:\"file\";s:36:\"templates/body/subcolumns/none.phtml\";}i:100;O:8:\"stdClass\":2:{s:4:\"name\";s:14:\"Subcolumn 100%\";s:4:\"file\";s:35:\"templates/body/subcolumns/100.phtml\";}s:5:\"25_75\";O:8:\"stdClass\":2:{s:4:\"name\";s:20:\"Subcolumns 25% | 75%\";s:4:\"file\";s:37:\"templates/body/subcolumns/25_75.phtml\";}s:8:\"33_33_33\";O:8:\"stdClass\":2:{s:4:\"name\";s:26:\"Subcolumns 33% | 33% | 33%\";s:4:\"file\";s:40:\"templates/body/subcolumns/33_33_33.phtml\";}s:5:\"33_66\";O:8:\"stdClass\":2:{s:4:\"name\";s:20:\"Subcolumns 33% | 66%\";s:4:\"file\";s:37:\"templates/body/subcolumns/33_66.phtml\";}s:5:\"50_50\";O:8:\"stdClass\":2:{s:4:\"name\";s:20:\"Subcolumns 50% | 50%\";s:4:\"file\";s:37:\"templates/body/subcolumns/50_50.phtml\";}s:5:\"66_33\";O:8:\"stdClass\":2:{s:4:\"name\";s:20:\"Subcolumns 66% | 33%\";s:4:\"file\";s:37:\"templates/body/subcolumns/66_33.phtml\";}s:5:\"75_25\";O:8:\"stdClass\":2:{s:4:\"name\";s:20:\"Subcolumns 75% | 25%\";s:4:\"file\";s:37:\"templates/body/subcolumns/75_25.phtml\";}}}',NULL,NULL);
INSERT INTO `ait_aitsu_article_property` VALUES (9,440,'O:8:\"stdClass\":1:{s:15:\"defaultTemplate\";s:25:\"templates/body/body.phtml\";}',NULL,NULL);
INSERT INTO `ait_aitsu_article_property` VALUES (9,446,'O:8:\"stdClass\":1:{s:15:\"defaultTemplate\";s:25:\"templates/body/body.phtml\";}',NULL,NULL);
INSERT INTO `ait_aitsu_article_property` VALUES (9,449,'O:8:\"stdClass\":1:{s:15:\"defaultTemplate\";s:25:\"templates/body/body.phtml\";}',NULL,NULL);
INSERT INTO `ait_aitsu_article_property` VALUES (9,491,'O:8:\"stdClass\":1:{s:15:\"defaultTemplate\";s:25:\"templates/body/body.phtml\";}',NULL,NULL);
INSERT INTO `ait_aitsu_article_property` VALUES (9,492,'O:8:\"stdClass\":1:{s:15:\"defaultTemplate\";s:25:\"templates/body/body.phtml\";}',NULL,NULL);
INSERT INTO `ait_aitsu_article_property` VALUES (9,493,'O:8:\"stdClass\":1:{s:15:\"defaultTemplate\";s:25:\"templates/body/body.phtml\";}',NULL,NULL);
INSERT INTO `ait_aitsu_article_property` VALUES (9,495,'O:8:\"stdClass\":1:{s:15:\"defaultTemplate\";s:25:\"templates/body/body.phtml\";}',NULL,NULL);
INSERT INTO `ait_aitsu_article_property` VALUES (9,497,'O:8:\"stdClass\":1:{s:15:\"defaultTemplate\";s:25:\"templates/body/body.phtml\";}',NULL,NULL);
INSERT INTO `ait_aitsu_article_property` VALUES (9,506,'O:8:\"stdClass\":1:{s:15:\"defaultTemplate\";s:25:\"templates/body/body.phtml\";}',NULL,NULL);
INSERT INTO `ait_aitsu_article_property` VALUES (9,511,'O:8:\"stdClass\":1:{s:15:\"defaultTemplate\";s:25:\"templates/body/body.phtml\";}',NULL,NULL);
INSERT INTO `ait_aitsu_article_property` VALUES (9,512,'O:8:\"stdClass\":1:{s:15:\"defaultTemplate\";s:25:\"templates/body/body.phtml\";}',NULL,NULL);
INSERT INTO `ait_aitsu_article_property` VALUES (9,513,'O:8:\"stdClass\":1:{s:15:\"defaultTemplate\";s:25:\"templates/body/body.phtml\";}',NULL,NULL);
INSERT INTO `ait_aitsu_article_property` VALUES (9,514,'O:8:\"stdClass\":1:{s:15:\"defaultTemplate\";s:25:\"templates/body/body.phtml\";}',NULL,NULL);
INSERT INTO `ait_aitsu_article_property` VALUES (9,516,'O:8:\"stdClass\":1:{s:15:\"defaultTemplate\";s:25:\"templates/body/body.phtml\";}',NULL,NULL);
INSERT INTO `ait_aitsu_article_property` VALUES (9,517,'O:8:\"stdClass\":1:{s:15:\"defaultTemplate\";s:25:\"templates/body/body.phtml\";}',NULL,NULL);
INSERT INTO `ait_aitsu_article_property` VALUES (9,518,'O:8:\"stdClass\":1:{s:15:\"defaultTemplate\";s:25:\"templates/body/body.phtml\";}',NULL,NULL);
INSERT INTO `ait_aitsu_article_property` VALUES (9,520,'O:8:\"stdClass\":1:{s:15:\"defaultTemplate\";s:25:\"templates/body/body.phtml\";}',NULL,NULL);
INSERT INTO `ait_aitsu_article_property` VALUES (9,521,'O:8:\"stdClass\":1:{s:15:\"defaultTemplate\";s:25:\"templates/body/body.phtml\";}',NULL,NULL);
INSERT INTO `ait_aitsu_article_property` VALUES (9,522,'O:8:\"stdClass\":1:{s:15:\"defaultTemplate\";s:25:\"templates/body/body.phtml\";}',NULL,NULL);
INSERT INTO `ait_aitsu_article_property` VALUES (9,523,'O:8:\"stdClass\":1:{s:15:\"defaultTemplate\";s:25:\"templates/body/body.phtml\";}',NULL,NULL);
INSERT INTO `ait_aitsu_article_property` VALUES (9,524,'O:8:\"stdClass\":1:{s:15:\"defaultTemplate\";s:25:\"templates/body/body.phtml\";}',NULL,NULL);
INSERT INTO `ait_aitsu_article_property` VALUES (9,525,'O:8:\"stdClass\":1:{s:15:\"defaultTemplate\";s:25:\"templates/body/body.phtml\";}',NULL,NULL);
INSERT INTO `ait_aitsu_article_property` VALUES (9,526,'O:8:\"stdClass\":1:{s:15:\"defaultTemplate\";s:25:\"templates/body/body.phtml\";}',NULL,NULL);
INSERT INTO `ait_aitsu_article_property` VALUES (9,527,'O:8:\"stdClass\":1:{s:15:\"defaultTemplate\";s:25:\"templates/body/body.phtml\";}',NULL,NULL);
INSERT INTO `ait_aitsu_article_property` VALUES (9,528,'O:8:\"stdClass\":1:{s:15:\"defaultTemplate\";s:25:\"templates/body/body.phtml\";}',NULL,NULL);
INSERT INTO `ait_aitsu_article_property` VALUES (9,529,'O:8:\"stdClass\":1:{s:15:\"defaultTemplate\";s:25:\"templates/body/body.phtml\";}',NULL,NULL);
INSERT INTO `ait_aitsu_article_property` VALUES (9,531,'O:8:\"stdClass\":1:{s:15:\"defaultTemplate\";s:25:\"templates/body/body.phtml\";}',NULL,NULL);
INSERT INTO `ait_aitsu_article_property` VALUES (10,440,'useArticleMedia',NULL,NULL);
INSERT INTO `ait_aitsu_article_property` VALUES (11,440,'a:18:{i:2;s:1:\"2\";i:3;s:0:\"\";i:4;s:0:\"\";i:5;s:0:\"\";i:7;s:0:\"\";i:9;s:0:\"\";i:10;s:0:\"\";i:11;s:0:\"\";i:12;s:0:\"\";i:13;s:0:\"\";i:14;s:0:\"\";i:15;s:0:\"\";i:16;s:0:\"\";i:18;s:0:\"\";i:23;s:0:\"\";i:24;s:0:\"\";i:25;s:0:\"\";i:27;s:0:\"\";}',NULL,NULL);
INSERT INTO `ait_aitsu_article_property` VALUES (13,440,'O:8:\"stdClass\":2:{s:15:\"defaultTemplate\";s:5:\"promo\";s:8:\"template\";O:8:\"stdClass\":3:{s:5:\"promo\";O:8:\"stdClass\":2:{s:4:\"name\";s:9:\"Promotion\";s:4:\"file\";s:25:\"templates/promotion.phtml\";}s:4:\"html\";O:8:\"stdClass\":2:{s:4:\"name\";s:4:\"HTML\";s:4:\"file\";s:30:\"templates/htmlMainBottom.phtml\";}s:4:\"none\";O:8:\"stdClass\":2:{s:4:\"name\";s:2:\"--\";s:4:\"file\";s:20:\"templates/none.phtml\";}}}',NULL,NULL);
INSERT INTO `ait_aitsu_article_property` VALUES (14,440,'promo',NULL,NULL);
INSERT INTO `ait_aitsu_article_property` VALUES (15,440,'small',NULL,NULL);
INSERT INTO `ait_aitsu_article_property` VALUES (15,492,'small',NULL,NULL);
INSERT INTO `ait_aitsu_article_property` VALUES (15,493,'small',NULL,NULL);
INSERT INTO `ait_aitsu_article_property` VALUES (15,513,'small',NULL,NULL);
INSERT INTO `ait_aitsu_article_property` VALUES (16,440,'a:18:{i:2;s:0:\"\";i:3;s:0:\"\";i:4;s:0:\"\";i:5;s:0:\"\";i:7;s:0:\"\";i:9;s:0:\"\";i:10;s:0:\"\";i:11;s:0:\"\";i:12;s:0:\"\";i:13;s:0:\"\";i:14;s:0:\"\";i:15;s:2:\"15\";i:16;s:0:\"\";i:18;s:0:\"\";i:23;s:0:\"\";i:24;s:0:\"\";i:25;s:0:\"\";i:27;s:0:\"\";}',NULL,NULL);
INSERT INTO `ait_aitsu_article_property` VALUES (16,493,'a:3:{i:4;s:0:\"\";i:5;s:0:\"\";i:6;s:1:\"6\";}',NULL,NULL);
INSERT INTO `ait_aitsu_article_property` VALUES (17,440,'small',NULL,NULL);
INSERT INTO `ait_aitsu_article_property` VALUES (17,492,NULL,NULL,NULL);
INSERT INTO `ait_aitsu_article_property` VALUES (17,513,'small',NULL,NULL);
INSERT INTO `ait_aitsu_article_property` VALUES (18,440,'a:18:{i:2;s:0:\"\";i:3;s:0:\"\";i:4;s:0:\"\";i:5;s:1:\"5\";i:7;s:0:\"\";i:9;s:0:\"\";i:10;s:0:\"\";i:11;s:0:\"\";i:12;s:0:\"\";i:13;s:0:\"\";i:14;s:0:\"\";i:15;s:0:\"\";i:16;s:0:\"\";i:18;s:0:\"\";i:23;s:0:\"\";i:24;s:0:\"\";i:25;s:0:\"\";i:27;s:0:\"\";}',NULL,NULL);
INSERT INTO `ait_aitsu_article_property` VALUES (19,449,'none',NULL,NULL);
INSERT INTO `ait_aitsu_article_property` VALUES (19,492,'none',NULL,NULL);
INSERT INTO `ait_aitsu_article_property` VALUES (19,493,'none',NULL,NULL);
INSERT INTO `ait_aitsu_article_property` VALUES (19,495,'33_33_33',NULL,NULL);
INSERT INTO `ait_aitsu_article_property` VALUES (34,440,'sdfsdf',NULL,NULL);
INSERT INTO `ait_aitsu_article_property` VALUES (35,440,'sdfsdfs',NULL,NULL);
INSERT INTO `ait_aitsu_article_property` VALUES (36,440,'',NULL,NULL);
INSERT INTO `ait_aitsu_article_property` VALUES (37,440,'',NULL,NULL);
INSERT INTO `ait_aitsu_article_property` VALUES (38,440,'',NULL,NULL);
INSERT INTO `ait_aitsu_article_property` VALUES (39,440,'',NULL,NULL);
INSERT INTO `ait_aitsu_article_property` VALUES (40,440,'',NULL,NULL);
INSERT INTO `ait_aitsu_article_property` VALUES (41,440,'',NULL,NULL);
INSERT INTO `ait_aitsu_article_property` VALUES (42,440,'',NULL,NULL);
INSERT INTO `ait_aitsu_article_property` VALUES (43,440,'Andreas',NULL,NULL);
INSERT INTO `ait_aitsu_article_property` VALUES (44,440,'Kummer',NULL,NULL);
INSERT INTO `ait_aitsu_article_property` VALUES (45,440,'',NULL,NULL);
INSERT INTO `ait_aitsu_article_property` VALUES (46,440,'',NULL,NULL);
INSERT INTO `ait_aitsu_article_property` VALUES (47,440,'',NULL,NULL);
INSERT INTO `ait_aitsu_article_property` VALUES (48,440,'',NULL,NULL);
INSERT INTO `ait_aitsu_article_property` VALUES (49,440,'',NULL,NULL);
INSERT INTO `ait_aitsu_article_property` VALUES (50,440,'',NULL,NULL);
INSERT INTO `ait_aitsu_article_property` VALUES (51,440,'',NULL,NULL);
INSERT INTO `ait_aitsu_article_property` VALUES (52,492,'a:8:{i:0;s:24:\"sunset_coast_2230302.jpg\";i:1;s:9:\"Bild1.jpg\";i:2;s:34:\"summer_beach_australia_2240541.jpg\";i:3;s:10:\"marker.jpg\";i:4;s:32:\"frosty_winter_morning_177037.jpg\";i:5;s:13:\"riesenrad.jpg\";i:6;s:31:\"small_wind_turbine_P8092706.jpg\";i:7;s:25:\"stormy_beach_P1013473.jpg\";}',NULL,NULL);
INSERT INTO `ait_aitsu_article_property` VALUES (53,492,'value2',NULL,NULL);
INSERT INTO `ait_aitsu_article_property` VALUES (54,492,'a:3:{i:4;s:6:\"value4\";i:6;s:6:\"value6\";i:8;s:6:\"value8\";}',NULL,NULL);
INSERT INTO `ait_aitsu_article_property` VALUES (55,492,'a:3:{i:5;s:6:\"value5\";i:9;s:6:\"value9\";i:2;s:6:\"value2\";}',NULL,NULL);
INSERT INTO `ait_aitsu_article_property` VALUES (56,492,'a:7:{i:0;s:9:\"Bild1.jpg\";i:1;s:10:\"marker.jpg\";i:2;s:13:\"riesenrad.jpg\";i:3;s:32:\"frosty_winter_morning_177037.jpg\";i:4;s:42:\"beach_side_swimming_australia_PB181577.jpg\";i:5;s:29:\"drought_dead_tree_5264574.jpg\";i:6;s:32:\"frost_oak_leaf_winter_218310.jpg\";}',NULL,NULL);
INSERT INTO `ait_aitsu_article_property` VALUES (57,492,NULL,NULL,'0000-00-00 00:00:00');
INSERT INTO `ait_aitsu_article_property` VALUES (58,492,NULL,NULL,'0000-00-00 00:00:00');
INSERT INTO `ait_aitsu_article_property` VALUES (59,492,'das ist ein test 2',NULL,NULL);
INSERT INTO `ait_aitsu_article_property` VALUES (60,492,'und ein weiterer test',NULL,NULL);
INSERT INTO `ait_aitsu_article_property` VALUES (61,492,'value9',NULL,NULL);
INSERT INTO `ait_aitsu_article_property` VALUES (62,492,'idcat 31',NULL,NULL);
INSERT INTO `ait_aitsu_article_property` VALUES (70,497,'Brunnmattstrasse 13, 3174 Thrishaus, Schweiz',NULL,NULL);
INSERT INTO `ait_aitsu_article_property` VALUES (71,497,'w3concepts AG',NULL,NULL);
INSERT INTO `ait_aitsu_article_property` VALUES (72,497,'650',NULL,NULL);
INSERT INTO `ait_aitsu_article_property` VALUES (73,497,'400',NULL,NULL);
INSERT INTO `ait_aitsu_article_property` VALUES (74,497,'',NULL,NULL);
INSERT INTO `ait_aitsu_article_property` VALUES (75,497,'16',NULL,NULL);
INSERT INTO `ait_aitsu_article_property` VALUES (76,497,'SATELLITE',NULL,NULL);
INSERT INTO `ait_aitsu_article_property` VALUES (77,497,'Frstenwall 35, 40219 Dsseldorf, Deutschland',NULL,NULL);
INSERT INTO `ait_aitsu_article_property` VALUES (78,497,'meine experten GbR',NULL,NULL);
INSERT INTO `ait_aitsu_article_property` VALUES (79,497,'650',NULL,NULL);
INSERT INTO `ait_aitsu_article_property` VALUES (80,497,'400',NULL,NULL);
INSERT INTO `ait_aitsu_article_property` VALUES (81,497,'',NULL,NULL);
INSERT INTO `ait_aitsu_article_property` VALUES (82,497,'15',NULL,NULL);
INSERT INTO `ait_aitsu_article_property` VALUES (83,497,'ROADMAP',NULL,NULL);
INSERT INTO `ait_aitsu_article_property` VALUES (85,492,NULL,NULL,NULL);
INSERT INTO `ait_aitsu_article_property` VALUES (86,492,'N;',NULL,NULL);
INSERT INTO `ait_aitsu_article_property` VALUES (87,492,NULL,NULL,'0000-00-00 00:00:00');
INSERT INTO `ait_aitsu_article_property` VALUES (88,492,NULL,NULL,'0000-00-00 00:00:00');
INSERT INTO `ait_aitsu_article_property` VALUES (89,492,'',NULL,NULL);
INSERT INTO `ait_aitsu_article_property` VALUES (90,492,'',NULL,NULL);
INSERT INTO `ait_aitsu_article_property` VALUES (91,492,'',NULL,NULL);
INSERT INTO `ait_aitsu_article_property` VALUES (92,492,'',NULL,NULL);
INSERT INTO `ait_aitsu_article_property` VALUES (93,492,NULL,NULL,NULL);
INSERT INTO `ait_aitsu_article_property` VALUES (93,513,'small',NULL,NULL);
INSERT INTO `ait_aitsu_article_property` VALUES (94,492,'a:1:{i:0;s:9:\"Bild1.jpg\";}',NULL,NULL);
INSERT INTO `ait_aitsu_article_property` VALUES (95,492,NULL,NULL,NULL);
INSERT INTO `ait_aitsu_article_property` VALUES (96,492,'N;',NULL,NULL);
INSERT INTO `ait_aitsu_article_property` VALUES (97,492,NULL,NULL,'0000-00-00 00:00:00');
INSERT INTO `ait_aitsu_article_property` VALUES (98,492,NULL,NULL,'0000-00-00 00:00:00');
INSERT INTO `ait_aitsu_article_property` VALUES (99,492,'',NULL,NULL);
INSERT INTO `ait_aitsu_article_property` VALUES (100,492,'',NULL,NULL);
INSERT INTO `ait_aitsu_article_property` VALUES (101,492,'',NULL,NULL);
INSERT INTO `ait_aitsu_article_property` VALUES (102,492,'',NULL,NULL);
INSERT INTO `ait_aitsu_article_property` VALUES (103,492,'a:2:{i:0;s:10:\"marker.jpg\";i:1;s:9:\"Bild1.jpg\";}',NULL,NULL);
INSERT INTO `ait_aitsu_article_property` VALUES (110,440,'O:8:\"stdClass\":1:{s:15:\"defaultTemplate\";s:25:\"templates/head/head.phtml\";}',NULL,NULL);
INSERT INTO `ait_aitsu_article_property` VALUES (110,446,'O:8:\"stdClass\":1:{s:15:\"defaultTemplate\";s:25:\"templates/head/head.phtml\";}',NULL,NULL);
INSERT INTO `ait_aitsu_article_property` VALUES (110,449,'O:8:\"stdClass\":1:{s:15:\"defaultTemplate\";s:25:\"templates/head/head.phtml\";}',NULL,NULL);
INSERT INTO `ait_aitsu_article_property` VALUES (110,491,'O:8:\"stdClass\":1:{s:15:\"defaultTemplate\";s:25:\"templates/head/head.phtml\";}',NULL,NULL);
INSERT INTO `ait_aitsu_article_property` VALUES (110,492,'O:8:\"stdClass\":1:{s:15:\"defaultTemplate\";s:25:\"templates/head/head.phtml\";}',NULL,NULL);
INSERT INTO `ait_aitsu_article_property` VALUES (110,493,'O:8:\"stdClass\":1:{s:15:\"defaultTemplate\";s:25:\"templates/head/head.phtml\";}',NULL,NULL);
INSERT INTO `ait_aitsu_article_property` VALUES (110,495,'O:8:\"stdClass\":1:{s:15:\"defaultTemplate\";s:25:\"templates/head/head.phtml\";}',NULL,NULL);
INSERT INTO `ait_aitsu_article_property` VALUES (110,497,'O:8:\"stdClass\":1:{s:15:\"defaultTemplate\";s:25:\"templates/head/head.phtml\";}',NULL,NULL);
INSERT INTO `ait_aitsu_article_property` VALUES (110,506,'O:8:\"stdClass\":1:{s:15:\"defaultTemplate\";s:25:\"templates/head/head.phtml\";}',NULL,NULL);
INSERT INTO `ait_aitsu_article_property` VALUES (110,511,'O:8:\"stdClass\":1:{s:15:\"defaultTemplate\";s:25:\"templates/head/head.phtml\";}',NULL,NULL);
INSERT INTO `ait_aitsu_article_property` VALUES (110,512,'O:8:\"stdClass\":1:{s:15:\"defaultTemplate\";s:25:\"templates/head/head.phtml\";}',NULL,NULL);
INSERT INTO `ait_aitsu_article_property` VALUES (110,513,'O:8:\"stdClass\":1:{s:15:\"defaultTemplate\";s:25:\"templates/head/head.phtml\";}',NULL,NULL);
INSERT INTO `ait_aitsu_article_property` VALUES (110,514,'O:8:\"stdClass\":1:{s:15:\"defaultTemplate\";s:25:\"templates/head/head.phtml\";}',NULL,NULL);
INSERT INTO `ait_aitsu_article_property` VALUES (110,516,'O:8:\"stdClass\":1:{s:15:\"defaultTemplate\";s:25:\"templates/head/head.phtml\";}',NULL,NULL);
INSERT INTO `ait_aitsu_article_property` VALUES (110,517,'O:8:\"stdClass\":1:{s:15:\"defaultTemplate\";s:25:\"templates/head/head.phtml\";}',NULL,NULL);
INSERT INTO `ait_aitsu_article_property` VALUES (110,518,'O:8:\"stdClass\":1:{s:15:\"defaultTemplate\";s:25:\"templates/head/head.phtml\";}',NULL,NULL);
INSERT INTO `ait_aitsu_article_property` VALUES (110,520,'O:8:\"stdClass\":1:{s:15:\"defaultTemplate\";s:25:\"templates/head/head.phtml\";}',NULL,NULL);
INSERT INTO `ait_aitsu_article_property` VALUES (110,521,'O:8:\"stdClass\":1:{s:15:\"defaultTemplate\";s:25:\"templates/head/head.phtml\";}',NULL,NULL);
INSERT INTO `ait_aitsu_article_property` VALUES (110,522,'O:8:\"stdClass\":1:{s:15:\"defaultTemplate\";s:25:\"templates/head/head.phtml\";}',NULL,NULL);
INSERT INTO `ait_aitsu_article_property` VALUES (110,523,'O:8:\"stdClass\":1:{s:15:\"defaultTemplate\";s:25:\"templates/head/head.phtml\";}',NULL,NULL);
INSERT INTO `ait_aitsu_article_property` VALUES (110,524,'O:8:\"stdClass\":1:{s:15:\"defaultTemplate\";s:25:\"templates/head/head.phtml\";}',NULL,NULL);
INSERT INTO `ait_aitsu_article_property` VALUES (110,525,'O:8:\"stdClass\":1:{s:15:\"defaultTemplate\";s:25:\"templates/head/head.phtml\";}',NULL,NULL);
INSERT INTO `ait_aitsu_article_property` VALUES (110,526,'O:8:\"stdClass\":1:{s:15:\"defaultTemplate\";s:25:\"templates/head/head.phtml\";}',NULL,NULL);
INSERT INTO `ait_aitsu_article_property` VALUES (110,527,'O:8:\"stdClass\":1:{s:15:\"defaultTemplate\";s:25:\"templates/head/head.phtml\";}',NULL,NULL);
INSERT INTO `ait_aitsu_article_property` VALUES (110,528,'O:8:\"stdClass\":1:{s:15:\"defaultTemplate\";s:25:\"templates/head/head.phtml\";}',NULL,NULL);
INSERT INTO `ait_aitsu_article_property` VALUES (110,529,'O:8:\"stdClass\":1:{s:15:\"defaultTemplate\";s:25:\"templates/head/head.phtml\";}',NULL,NULL);
INSERT INTO `ait_aitsu_article_property` VALUES (110,531,'O:8:\"stdClass\":1:{s:15:\"defaultTemplate\";s:25:\"templates/head/head.phtml\";}',NULL,NULL);
INSERT INTO `ait_aitsu_article_property` VALUES (111,440,'O:8:\"stdClass\":1:{s:15:\"defaultTemplate\";s:22:\"templates/google.phtml\";}',NULL,NULL);
INSERT INTO `ait_aitsu_article_property` VALUES (111,446,'O:8:\"stdClass\":1:{s:15:\"defaultTemplate\";s:22:\"templates/google.phtml\";}',NULL,NULL);
INSERT INTO `ait_aitsu_article_property` VALUES (111,449,'O:8:\"stdClass\":1:{s:15:\"defaultTemplate\";s:22:\"templates/google.phtml\";}',NULL,NULL);
INSERT INTO `ait_aitsu_article_property` VALUES (111,491,'O:8:\"stdClass\":1:{s:15:\"defaultTemplate\";s:22:\"templates/google.phtml\";}',NULL,NULL);
INSERT INTO `ait_aitsu_article_property` VALUES (111,492,'O:8:\"stdClass\":1:{s:15:\"defaultTemplate\";s:22:\"templates/google.phtml\";}',NULL,NULL);
INSERT INTO `ait_aitsu_article_property` VALUES (111,493,'O:8:\"stdClass\":1:{s:15:\"defaultTemplate\";s:22:\"templates/google.phtml\";}',NULL,NULL);
INSERT INTO `ait_aitsu_article_property` VALUES (111,495,'O:8:\"stdClass\":1:{s:15:\"defaultTemplate\";s:22:\"templates/google.phtml\";}',NULL,NULL);
INSERT INTO `ait_aitsu_article_property` VALUES (111,497,'O:8:\"stdClass\":1:{s:15:\"defaultTemplate\";s:22:\"templates/google.phtml\";}',NULL,NULL);
INSERT INTO `ait_aitsu_article_property` VALUES (111,506,'O:8:\"stdClass\":1:{s:15:\"defaultTemplate\";s:22:\"templates/google.phtml\";}',NULL,NULL);
INSERT INTO `ait_aitsu_article_property` VALUES (111,511,'O:8:\"stdClass\":1:{s:15:\"defaultTemplate\";s:22:\"templates/google.phtml\";}',NULL,NULL);
INSERT INTO `ait_aitsu_article_property` VALUES (111,512,'O:8:\"stdClass\":1:{s:15:\"defaultTemplate\";s:22:\"templates/google.phtml\";}',NULL,NULL);
INSERT INTO `ait_aitsu_article_property` VALUES (111,513,'O:8:\"stdClass\":1:{s:15:\"defaultTemplate\";s:22:\"templates/google.phtml\";}',NULL,NULL);
INSERT INTO `ait_aitsu_article_property` VALUES (111,514,'O:8:\"stdClass\":1:{s:15:\"defaultTemplate\";s:22:\"templates/google.phtml\";}',NULL,NULL);
INSERT INTO `ait_aitsu_article_property` VALUES (111,516,'O:8:\"stdClass\":1:{s:15:\"defaultTemplate\";s:22:\"templates/google.phtml\";}',NULL,NULL);
INSERT INTO `ait_aitsu_article_property` VALUES (111,517,'O:8:\"stdClass\":1:{s:15:\"defaultTemplate\";s:22:\"templates/google.phtml\";}',NULL,NULL);
INSERT INTO `ait_aitsu_article_property` VALUES (111,518,'O:8:\"stdClass\":1:{s:15:\"defaultTemplate\";s:22:\"templates/google.phtml\";}',NULL,NULL);
INSERT INTO `ait_aitsu_article_property` VALUES (111,520,'O:8:\"stdClass\":1:{s:15:\"defaultTemplate\";s:22:\"templates/google.phtml\";}',NULL,NULL);
INSERT INTO `ait_aitsu_article_property` VALUES (111,521,'O:8:\"stdClass\":1:{s:15:\"defaultTemplate\";s:22:\"templates/google.phtml\";}',NULL,NULL);
INSERT INTO `ait_aitsu_article_property` VALUES (111,522,'O:8:\"stdClass\":1:{s:15:\"defaultTemplate\";s:22:\"templates/google.phtml\";}',NULL,NULL);
INSERT INTO `ait_aitsu_article_property` VALUES (111,523,'O:8:\"stdClass\":1:{s:15:\"defaultTemplate\";s:22:\"templates/google.phtml\";}',NULL,NULL);
INSERT INTO `ait_aitsu_article_property` VALUES (111,524,'O:8:\"stdClass\":1:{s:15:\"defaultTemplate\";s:22:\"templates/google.phtml\";}',NULL,NULL);
INSERT INTO `ait_aitsu_article_property` VALUES (111,525,'O:8:\"stdClass\":1:{s:15:\"defaultTemplate\";s:22:\"templates/google.phtml\";}',NULL,NULL);
INSERT INTO `ait_aitsu_article_property` VALUES (111,526,'O:8:\"stdClass\":1:{s:15:\"defaultTemplate\";s:22:\"templates/google.phtml\";}',NULL,NULL);
INSERT INTO `ait_aitsu_article_property` VALUES (111,527,'O:8:\"stdClass\":1:{s:15:\"defaultTemplate\";s:22:\"templates/google.phtml\";}',NULL,NULL);
INSERT INTO `ait_aitsu_article_property` VALUES (111,528,'O:8:\"stdClass\":1:{s:15:\"defaultTemplate\";s:22:\"templates/google.phtml\";}',NULL,NULL);
INSERT INTO `ait_aitsu_article_property` VALUES (111,529,'O:8:\"stdClass\":1:{s:15:\"defaultTemplate\";s:22:\"templates/google.phtml\";}',NULL,NULL);
INSERT INTO `ait_aitsu_article_property` VALUES (111,531,'O:8:\"stdClass\":1:{s:15:\"defaultTemplate\";s:22:\"templates/google.phtml\";}',NULL,NULL);
INSERT INTO `ait_aitsu_article_property` VALUES (112,440,'O:8:\"stdClass\":1:{s:15:\"defaultTemplate\";s:34:\"templates/body/teaser/teaser.phtml\";}',NULL,NULL);
INSERT INTO `ait_aitsu_article_property` VALUES (112,446,'O:8:\"stdClass\":1:{s:15:\"defaultTemplate\";s:34:\"templates/body/teaser/teaser.phtml\";}',NULL,NULL);
INSERT INTO `ait_aitsu_article_property` VALUES (112,449,'O:8:\"stdClass\":1:{s:15:\"defaultTemplate\";s:34:\"templates/body/teaser/teaser.phtml\";}',NULL,NULL);
INSERT INTO `ait_aitsu_article_property` VALUES (112,491,'O:8:\"stdClass\":1:{s:15:\"defaultTemplate\";s:34:\"templates/body/teaser/teaser.phtml\";}',NULL,NULL);
INSERT INTO `ait_aitsu_article_property` VALUES (112,492,'O:8:\"stdClass\":1:{s:15:\"defaultTemplate\";s:34:\"templates/body/teaser/teaser.phtml\";}',NULL,NULL);
INSERT INTO `ait_aitsu_article_property` VALUES (112,493,'O:8:\"stdClass\":1:{s:15:\"defaultTemplate\";s:34:\"templates/body/teaser/teaser.phtml\";}',NULL,NULL);
INSERT INTO `ait_aitsu_article_property` VALUES (112,495,'O:8:\"stdClass\":1:{s:15:\"defaultTemplate\";s:34:\"templates/body/teaser/teaser.phtml\";}',NULL,NULL);
INSERT INTO `ait_aitsu_article_property` VALUES (112,497,'O:8:\"stdClass\":1:{s:15:\"defaultTemplate\";s:34:\"templates/body/teaser/teaser.phtml\";}',NULL,NULL);
INSERT INTO `ait_aitsu_article_property` VALUES (112,506,'O:8:\"stdClass\":1:{s:15:\"defaultTemplate\";s:34:\"templates/body/teaser/teaser.phtml\";}',NULL,NULL);
INSERT INTO `ait_aitsu_article_property` VALUES (112,511,'O:8:\"stdClass\":1:{s:15:\"defaultTemplate\";s:34:\"templates/body/teaser/teaser.phtml\";}',NULL,NULL);
INSERT INTO `ait_aitsu_article_property` VALUES (112,512,'O:8:\"stdClass\":1:{s:15:\"defaultTemplate\";s:34:\"templates/body/teaser/teaser.phtml\";}',NULL,NULL);
INSERT INTO `ait_aitsu_article_property` VALUES (112,513,'O:8:\"stdClass\":1:{s:15:\"defaultTemplate\";s:34:\"templates/body/teaser/teaser.phtml\";}',NULL,NULL);
INSERT INTO `ait_aitsu_article_property` VALUES (112,514,'O:8:\"stdClass\":1:{s:15:\"defaultTemplate\";s:34:\"templates/body/teaser/teaser.phtml\";}',NULL,NULL);
INSERT INTO `ait_aitsu_article_property` VALUES (112,516,'O:8:\"stdClass\":1:{s:15:\"defaultTemplate\";s:34:\"templates/body/teaser/teaser.phtml\";}',NULL,NULL);
INSERT INTO `ait_aitsu_article_property` VALUES (112,517,'O:8:\"stdClass\":1:{s:15:\"defaultTemplate\";s:34:\"templates/body/teaser/teaser.phtml\";}',NULL,NULL);
INSERT INTO `ait_aitsu_article_property` VALUES (112,518,'O:8:\"stdClass\":1:{s:15:\"defaultTemplate\";s:34:\"templates/body/teaser/teaser.phtml\";}',NULL,NULL);
INSERT INTO `ait_aitsu_article_property` VALUES (112,520,'O:8:\"stdClass\":1:{s:15:\"defaultTemplate\";s:34:\"templates/body/teaser/teaser.phtml\";}',NULL,NULL);
INSERT INTO `ait_aitsu_article_property` VALUES (112,521,'O:8:\"stdClass\":1:{s:15:\"defaultTemplate\";s:34:\"templates/body/teaser/teaser.phtml\";}',NULL,NULL);
INSERT INTO `ait_aitsu_article_property` VALUES (112,522,'O:8:\"stdClass\":1:{s:15:\"defaultTemplate\";s:34:\"templates/body/teaser/teaser.phtml\";}',NULL,NULL);
INSERT INTO `ait_aitsu_article_property` VALUES (112,523,'O:8:\"stdClass\":1:{s:15:\"defaultTemplate\";s:34:\"templates/body/teaser/teaser.phtml\";}',NULL,NULL);
INSERT INTO `ait_aitsu_article_property` VALUES (112,524,'O:8:\"stdClass\":1:{s:15:\"defaultTemplate\";s:34:\"templates/body/teaser/teaser.phtml\";}',NULL,NULL);
INSERT INTO `ait_aitsu_article_property` VALUES (112,525,'O:8:\"stdClass\":1:{s:15:\"defaultTemplate\";s:34:\"templates/body/teaser/teaser.phtml\";}',NULL,NULL);
INSERT INTO `ait_aitsu_article_property` VALUES (112,526,'O:8:\"stdClass\":1:{s:15:\"defaultTemplate\";s:34:\"templates/body/teaser/teaser.phtml\";}',NULL,NULL);
INSERT INTO `ait_aitsu_article_property` VALUES (112,527,'O:8:\"stdClass\":1:{s:15:\"defaultTemplate\";s:34:\"templates/body/teaser/teaser.phtml\";}',NULL,NULL);
INSERT INTO `ait_aitsu_article_property` VALUES (112,528,'O:8:\"stdClass\":1:{s:15:\"defaultTemplate\";s:34:\"templates/body/teaser/teaser.phtml\";}',NULL,NULL);
INSERT INTO `ait_aitsu_article_property` VALUES (112,529,'O:8:\"stdClass\":1:{s:15:\"defaultTemplate\";s:34:\"templates/body/teaser/teaser.phtml\";}',NULL,NULL);
INSERT INTO `ait_aitsu_article_property` VALUES (112,531,'O:8:\"stdClass\":1:{s:15:\"defaultTemplate\";s:34:\"templates/body/teaser/teaser.phtml\";}',NULL,NULL);
INSERT INTO `ait_aitsu_article_property` VALUES (113,440,'O:8:\"stdClass\":1:{s:15:\"defaultTemplate\";s:30:\"templates/body/main/col1.phtml\";}',NULL,NULL);
INSERT INTO `ait_aitsu_article_property` VALUES (113,449,'O:8:\"stdClass\":1:{s:15:\"defaultTemplate\";s:30:\"templates/body/main/col1.phtml\";}',NULL,NULL);
INSERT INTO `ait_aitsu_article_property` VALUES (113,491,'O:8:\"stdClass\":1:{s:15:\"defaultTemplate\";s:30:\"templates/body/main/col1.phtml\";}',NULL,NULL);
INSERT INTO `ait_aitsu_article_property` VALUES (113,492,'O:8:\"stdClass\":1:{s:15:\"defaultTemplate\";s:30:\"templates/body/main/col1.phtml\";}',NULL,NULL);
INSERT INTO `ait_aitsu_article_property` VALUES (113,493,'O:8:\"stdClass\":1:{s:15:\"defaultTemplate\";s:30:\"templates/body/main/col1.phtml\";}',NULL,NULL);
INSERT INTO `ait_aitsu_article_property` VALUES (113,495,'O:8:\"stdClass\":1:{s:15:\"defaultTemplate\";s:30:\"templates/body/main/col1.phtml\";}',NULL,NULL);
INSERT INTO `ait_aitsu_article_property` VALUES (113,511,'O:8:\"stdClass\":1:{s:15:\"defaultTemplate\";s:30:\"templates/body/main/col1.phtml\";}',NULL,NULL);
INSERT INTO `ait_aitsu_article_property` VALUES (113,512,'O:8:\"stdClass\":1:{s:15:\"defaultTemplate\";s:30:\"templates/body/main/col1.phtml\";}',NULL,NULL);
INSERT INTO `ait_aitsu_article_property` VALUES (113,513,'O:8:\"stdClass\":1:{s:15:\"defaultTemplate\";s:30:\"templates/body/main/col1.phtml\";}',NULL,NULL);
INSERT INTO `ait_aitsu_article_property` VALUES (113,514,'O:8:\"stdClass\":1:{s:15:\"defaultTemplate\";s:30:\"templates/body/main/col1.phtml\";}',NULL,NULL);
INSERT INTO `ait_aitsu_article_property` VALUES (113,516,'O:8:\"stdClass\":1:{s:15:\"defaultTemplate\";s:30:\"templates/body/main/col1.phtml\";}',NULL,NULL);
INSERT INTO `ait_aitsu_article_property` VALUES (113,521,'O:8:\"stdClass\":1:{s:15:\"defaultTemplate\";s:30:\"templates/body/main/col1.phtml\";}',NULL,NULL);
INSERT INTO `ait_aitsu_article_property` VALUES (113,522,'O:8:\"stdClass\":1:{s:15:\"defaultTemplate\";s:30:\"templates/body/main/col1.phtml\";}',NULL,NULL);
INSERT INTO `ait_aitsu_article_property` VALUES (114,440,'O:8:\"stdClass\":1:{s:15:\"defaultTemplate\";s:30:\"templates/body/main/col2.phtml\";}',NULL,NULL);
INSERT INTO `ait_aitsu_article_property` VALUES (114,449,'O:8:\"stdClass\":1:{s:15:\"defaultTemplate\";s:30:\"templates/body/main/col2.phtml\";}',NULL,NULL);
INSERT INTO `ait_aitsu_article_property` VALUES (114,491,'O:8:\"stdClass\":1:{s:15:\"defaultTemplate\";s:30:\"templates/body/main/col2.phtml\";}',NULL,NULL);
INSERT INTO `ait_aitsu_article_property` VALUES (114,492,'O:8:\"stdClass\":1:{s:15:\"defaultTemplate\";s:30:\"templates/body/main/col2.phtml\";}',NULL,NULL);
INSERT INTO `ait_aitsu_article_property` VALUES (114,493,'O:8:\"stdClass\":1:{s:15:\"defaultTemplate\";s:30:\"templates/body/main/col2.phtml\";}',NULL,NULL);
INSERT INTO `ait_aitsu_article_property` VALUES (114,495,'O:8:\"stdClass\":1:{s:15:\"defaultTemplate\";s:30:\"templates/body/main/col2.phtml\";}',NULL,NULL);
INSERT INTO `ait_aitsu_article_property` VALUES (114,511,'O:8:\"stdClass\":1:{s:15:\"defaultTemplate\";s:30:\"templates/body/main/col2.phtml\";}',NULL,NULL);
INSERT INTO `ait_aitsu_article_property` VALUES (114,512,'O:8:\"stdClass\":1:{s:15:\"defaultTemplate\";s:30:\"templates/body/main/col2.phtml\";}',NULL,NULL);
INSERT INTO `ait_aitsu_article_property` VALUES (114,513,'O:8:\"stdClass\":1:{s:15:\"defaultTemplate\";s:30:\"templates/body/main/col2.phtml\";}',NULL,NULL);
INSERT INTO `ait_aitsu_article_property` VALUES (114,514,'O:8:\"stdClass\":1:{s:15:\"defaultTemplate\";s:30:\"templates/body/main/col2.phtml\";}',NULL,NULL);
INSERT INTO `ait_aitsu_article_property` VALUES (114,516,'O:8:\"stdClass\":1:{s:15:\"defaultTemplate\";s:30:\"templates/body/main/col2.phtml\";}',NULL,NULL);
INSERT INTO `ait_aitsu_article_property` VALUES (114,521,'O:8:\"stdClass\":1:{s:15:\"defaultTemplate\";s:30:\"templates/body/main/col2.phtml\";}',NULL,NULL);
INSERT INTO `ait_aitsu_article_property` VALUES (114,522,'O:8:\"stdClass\":1:{s:15:\"defaultTemplate\";s:30:\"templates/body/main/col2.phtml\";}',NULL,NULL);
INSERT INTO `ait_aitsu_article_property` VALUES (115,440,'O:8:\"stdClass\":1:{s:15:\"defaultTemplate\";s:30:\"templates/body/main/col3.phtml\";}',NULL,NULL);
INSERT INTO `ait_aitsu_article_property` VALUES (115,449,'O:8:\"stdClass\":1:{s:15:\"defaultTemplate\";s:30:\"templates/body/main/col3.phtml\";}',NULL,NULL);
INSERT INTO `ait_aitsu_article_property` VALUES (115,491,'O:8:\"stdClass\":1:{s:15:\"defaultTemplate\";s:30:\"templates/body/main/col3.phtml\";}',NULL,NULL);
INSERT INTO `ait_aitsu_article_property` VALUES (115,492,'O:8:\"stdClass\":1:{s:15:\"defaultTemplate\";s:30:\"templates/body/main/col3.phtml\";}',NULL,NULL);
INSERT INTO `ait_aitsu_article_property` VALUES (115,493,'O:8:\"stdClass\":1:{s:15:\"defaultTemplate\";s:30:\"templates/body/main/col3.phtml\";}',NULL,NULL);
INSERT INTO `ait_aitsu_article_property` VALUES (115,495,'O:8:\"stdClass\":1:{s:15:\"defaultTemplate\";s:30:\"templates/body/main/col3.phtml\";}',NULL,NULL);
INSERT INTO `ait_aitsu_article_property` VALUES (115,511,'O:8:\"stdClass\":1:{s:15:\"defaultTemplate\";s:30:\"templates/body/main/col3.phtml\";}',NULL,NULL);
INSERT INTO `ait_aitsu_article_property` VALUES (115,512,'O:8:\"stdClass\":1:{s:15:\"defaultTemplate\";s:30:\"templates/body/main/col3.phtml\";}',NULL,NULL);
INSERT INTO `ait_aitsu_article_property` VALUES (115,513,'O:8:\"stdClass\":1:{s:15:\"defaultTemplate\";s:30:\"templates/body/main/col3.phtml\";}',NULL,NULL);
INSERT INTO `ait_aitsu_article_property` VALUES (115,514,'O:8:\"stdClass\":1:{s:15:\"defaultTemplate\";s:30:\"templates/body/main/col3.phtml\";}',NULL,NULL);
INSERT INTO `ait_aitsu_article_property` VALUES (115,516,'O:8:\"stdClass\":1:{s:15:\"defaultTemplate\";s:30:\"templates/body/main/col3.phtml\";}',NULL,NULL);
INSERT INTO `ait_aitsu_article_property` VALUES (115,521,'O:8:\"stdClass\":1:{s:15:\"defaultTemplate\";s:30:\"templates/body/main/col3.phtml\";}',NULL,NULL);
INSERT INTO `ait_aitsu_article_property` VALUES (115,522,'O:8:\"stdClass\":1:{s:15:\"defaultTemplate\";s:30:\"templates/body/main/col3.phtml\";}',NULL,NULL);
INSERT INTO `ait_aitsu_article_property` VALUES (116,440,'O:8:\"stdClass\":2:{s:15:\"defaultTemplate\";s:4:\"html\";s:8:\"template\";O:8:\"stdClass\":8:{s:4:\"html\";O:8:\"stdClass\":2:{s:4:\"file\";s:38:\"templates/body/main/sidebar/html.phtml\";s:4:\"name\";s:4:\"HTML\";}s:5:\"htmli\";O:8:\"stdClass\":2:{s:4:\"file\";s:39:\"templates/body/main/sidebar/htmli.phtml\";s:4:\"name\";s:5:\"HTMLi\";}s:15:\"articleListHtml\";O:8:\"stdClass\":2:{s:4:\"file\";s:49:\"templates/body/main/sidebar/articleListHtml.phtml\";s:4:\"name\";s:18:\"ArticleList / HTML\";}s:7:\"partner\";O:8:\"stdClass\":2:{s:4:\"file\";s:41:\"templates/body/main/sidebar/partner.phtml\";s:4:\"name\";s:7:\"Partner\";}s:5:\"modul\";O:8:\"stdClass\":2:{s:4:\"file\";s:39:\"templates/body/main/sidebar/modul.phtml\";s:4:\"name\";s:5:\"Modul\";}s:7:\"blogRss\";O:8:\"stdClass\":2:{s:4:\"file\";s:41:\"templates/body/main/sidebar/blogRss.phtml\";s:4:\"name\";s:8:\"Blog-RSS\";}s:7:\"htmlRss\";O:8:\"stdClass\":2:{s:4:\"file\";s:45:\"templates/body/main/sidebar/htmlBlogRss.phtml\";s:4:\"name\";s:15:\"HTML / Blog-RSS\";}s:10:\"htmlCorner\";O:8:\"stdClass\":2:{s:4:\"file\";s:44:\"templates/body/main/sidebar/htmlCorner.phtml\";s:4:\"name\";s:24:\"HTML with rounded corner\";}}}',NULL,NULL);
INSERT INTO `ait_aitsu_article_property` VALUES (116,449,'O:8:\"stdClass\":2:{s:15:\"defaultTemplate\";s:4:\"html\";s:8:\"template\";O:8:\"stdClass\":8:{s:4:\"html\";O:8:\"stdClass\":2:{s:4:\"file\";s:38:\"templates/body/main/sidebar/html.phtml\";s:4:\"name\";s:4:\"HTML\";}s:5:\"htmli\";O:8:\"stdClass\":2:{s:4:\"file\";s:39:\"templates/body/main/sidebar/htmli.phtml\";s:4:\"name\";s:5:\"HTMLi\";}s:15:\"articleListHtml\";O:8:\"stdClass\":2:{s:4:\"file\";s:49:\"templates/body/main/sidebar/articleListHtml.phtml\";s:4:\"name\";s:18:\"ArticleList / HTML\";}s:7:\"partner\";O:8:\"stdClass\":2:{s:4:\"file\";s:41:\"templates/body/main/sidebar/partner.phtml\";s:4:\"name\";s:7:\"Partner\";}s:5:\"modul\";O:8:\"stdClass\":2:{s:4:\"file\";s:39:\"templates/body/main/sidebar/modul.phtml\";s:4:\"name\";s:5:\"Modul\";}s:7:\"blogRss\";O:8:\"stdClass\":2:{s:4:\"file\";s:41:\"templates/body/main/sidebar/blogRss.phtml\";s:4:\"name\";s:8:\"Blog-RSS\";}s:7:\"htmlRss\";O:8:\"stdClass\":2:{s:4:\"file\";s:45:\"templates/body/main/sidebar/htmlBlogRss.phtml\";s:4:\"name\";s:15:\"HTML / Blog-RSS\";}s:10:\"htmlCorner\";O:8:\"stdClass\":2:{s:4:\"file\";s:44:\"templates/body/main/sidebar/htmlCorner.phtml\";s:4:\"name\";s:24:\"HTML with rounded corner\";}}}',NULL,NULL);
INSERT INTO `ait_aitsu_article_property` VALUES (116,491,'O:8:\"stdClass\":2:{s:15:\"defaultTemplate\";s:4:\"html\";s:8:\"template\";O:8:\"stdClass\":8:{s:4:\"html\";O:8:\"stdClass\":2:{s:4:\"file\";s:38:\"templates/body/main/sidebar/html.phtml\";s:4:\"name\";s:4:\"HTML\";}s:5:\"htmli\";O:8:\"stdClass\":2:{s:4:\"file\";s:39:\"templates/body/main/sidebar/htmli.phtml\";s:4:\"name\";s:5:\"HTMLi\";}s:15:\"articleListHtml\";O:8:\"stdClass\":2:{s:4:\"file\";s:49:\"templates/body/main/sidebar/articleListHtml.phtml\";s:4:\"name\";s:18:\"ArticleList / HTML\";}s:7:\"partner\";O:8:\"stdClass\":2:{s:4:\"file\";s:41:\"templates/body/main/sidebar/partner.phtml\";s:4:\"name\";s:7:\"Partner\";}s:5:\"modul\";O:8:\"stdClass\":2:{s:4:\"file\";s:39:\"templates/body/main/sidebar/modul.phtml\";s:4:\"name\";s:5:\"Modul\";}s:7:\"blogRss\";O:8:\"stdClass\":2:{s:4:\"file\";s:41:\"templates/body/main/sidebar/blogRss.phtml\";s:4:\"name\";s:8:\"Blog-RSS\";}s:7:\"htmlRss\";O:8:\"stdClass\":2:{s:4:\"file\";s:45:\"templates/body/main/sidebar/htmlBlogRss.phtml\";s:4:\"name\";s:15:\"HTML / Blog-RSS\";}s:10:\"htmlCorner\";O:8:\"stdClass\":2:{s:4:\"file\";s:44:\"templates/body/main/sidebar/htmlCorner.phtml\";s:4:\"name\";s:24:\"HTML with rounded corner\";}}}',NULL,NULL);
INSERT INTO `ait_aitsu_article_property` VALUES (116,492,'O:8:\"stdClass\":2:{s:15:\"defaultTemplate\";s:4:\"html\";s:8:\"template\";O:8:\"stdClass\":8:{s:4:\"html\";O:8:\"stdClass\":2:{s:4:\"file\";s:38:\"templates/body/main/sidebar/html.phtml\";s:4:\"name\";s:4:\"HTML\";}s:5:\"htmli\";O:8:\"stdClass\":2:{s:4:\"file\";s:39:\"templates/body/main/sidebar/htmli.phtml\";s:4:\"name\";s:5:\"HTMLi\";}s:15:\"articleListHtml\";O:8:\"stdClass\":2:{s:4:\"file\";s:49:\"templates/body/main/sidebar/articleListHtml.phtml\";s:4:\"name\";s:18:\"ArticleList / HTML\";}s:7:\"partner\";O:8:\"stdClass\":2:{s:4:\"file\";s:41:\"templates/body/main/sidebar/partner.phtml\";s:4:\"name\";s:7:\"Partner\";}s:5:\"modul\";O:8:\"stdClass\":2:{s:4:\"file\";s:39:\"templates/body/main/sidebar/modul.phtml\";s:4:\"name\";s:5:\"Modul\";}s:7:\"blogRss\";O:8:\"stdClass\":2:{s:4:\"file\";s:41:\"templates/body/main/sidebar/blogRss.phtml\";s:4:\"name\";s:8:\"Blog-RSS\";}s:7:\"htmlRss\";O:8:\"stdClass\":2:{s:4:\"file\";s:45:\"templates/body/main/sidebar/htmlBlogRss.phtml\";s:4:\"name\";s:15:\"HTML / Blog-RSS\";}s:10:\"htmlCorner\";O:8:\"stdClass\":2:{s:4:\"file\";s:44:\"templates/body/main/sidebar/htmlCorner.phtml\";s:4:\"name\";s:24:\"HTML with rounded corner\";}}}',NULL,NULL);
INSERT INTO `ait_aitsu_article_property` VALUES (116,493,'O:8:\"stdClass\":2:{s:15:\"defaultTemplate\";s:4:\"html\";s:8:\"template\";O:8:\"stdClass\":8:{s:4:\"html\";O:8:\"stdClass\":2:{s:4:\"file\";s:38:\"templates/body/main/sidebar/html.phtml\";s:4:\"name\";s:4:\"HTML\";}s:5:\"htmli\";O:8:\"stdClass\":2:{s:4:\"file\";s:39:\"templates/body/main/sidebar/htmli.phtml\";s:4:\"name\";s:5:\"HTMLi\";}s:15:\"articleListHtml\";O:8:\"stdClass\":2:{s:4:\"file\";s:49:\"templates/body/main/sidebar/articleListHtml.phtml\";s:4:\"name\";s:18:\"ArticleList / HTML\";}s:7:\"partner\";O:8:\"stdClass\":2:{s:4:\"file\";s:41:\"templates/body/main/sidebar/partner.phtml\";s:4:\"name\";s:7:\"Partner\";}s:5:\"modul\";O:8:\"stdClass\":2:{s:4:\"file\";s:39:\"templates/body/main/sidebar/modul.phtml\";s:4:\"name\";s:5:\"Modul\";}s:7:\"blogRss\";O:8:\"stdClass\":2:{s:4:\"file\";s:41:\"templates/body/main/sidebar/blogRss.phtml\";s:4:\"name\";s:8:\"Blog-RSS\";}s:7:\"htmlRss\";O:8:\"stdClass\":2:{s:4:\"file\";s:45:\"templates/body/main/sidebar/htmlBlogRss.phtml\";s:4:\"name\";s:15:\"HTML / Blog-RSS\";}s:10:\"htmlCorner\";O:8:\"stdClass\":2:{s:4:\"file\";s:44:\"templates/body/main/sidebar/htmlCorner.phtml\";s:4:\"name\";s:24:\"HTML with rounded corner\";}}}',NULL,NULL);
INSERT INTO `ait_aitsu_article_property` VALUES (116,495,'O:8:\"stdClass\":2:{s:15:\"defaultTemplate\";s:4:\"html\";s:8:\"template\";O:8:\"stdClass\":8:{s:4:\"html\";O:8:\"stdClass\":2:{s:4:\"file\";s:38:\"templates/body/main/sidebar/html.phtml\";s:4:\"name\";s:4:\"HTML\";}s:5:\"htmli\";O:8:\"stdClass\":2:{s:4:\"file\";s:39:\"templates/body/main/sidebar/htmli.phtml\";s:4:\"name\";s:5:\"HTMLi\";}s:15:\"articleListHtml\";O:8:\"stdClass\":2:{s:4:\"file\";s:49:\"templates/body/main/sidebar/articleListHtml.phtml\";s:4:\"name\";s:18:\"ArticleList / HTML\";}s:7:\"partner\";O:8:\"stdClass\":2:{s:4:\"file\";s:41:\"templates/body/main/sidebar/partner.phtml\";s:4:\"name\";s:7:\"Partner\";}s:5:\"modul\";O:8:\"stdClass\":2:{s:4:\"file\";s:39:\"templates/body/main/sidebar/modul.phtml\";s:4:\"name\";s:5:\"Modul\";}s:7:\"blogRss\";O:8:\"stdClass\":2:{s:4:\"file\";s:41:\"templates/body/main/sidebar/blogRss.phtml\";s:4:\"name\";s:8:\"Blog-RSS\";}s:7:\"htmlRss\";O:8:\"stdClass\":2:{s:4:\"file\";s:45:\"templates/body/main/sidebar/htmlBlogRss.phtml\";s:4:\"name\";s:15:\"HTML / Blog-RSS\";}s:10:\"htmlCorner\";O:8:\"stdClass\":2:{s:4:\"file\";s:44:\"templates/body/main/sidebar/htmlCorner.phtml\";s:4:\"name\";s:24:\"HTML with rounded corner\";}}}',NULL,NULL);
INSERT INTO `ait_aitsu_article_property` VALUES (116,511,'O:8:\"stdClass\":2:{s:15:\"defaultTemplate\";s:4:\"html\";s:8:\"template\";O:8:\"stdClass\":8:{s:4:\"html\";O:8:\"stdClass\":2:{s:4:\"file\";s:38:\"templates/body/main/sidebar/html.phtml\";s:4:\"name\";s:4:\"HTML\";}s:5:\"htmli\";O:8:\"stdClass\":2:{s:4:\"file\";s:39:\"templates/body/main/sidebar/htmli.phtml\";s:4:\"name\";s:5:\"HTMLi\";}s:15:\"articleListHtml\";O:8:\"stdClass\":2:{s:4:\"file\";s:49:\"templates/body/main/sidebar/articleListHtml.phtml\";s:4:\"name\";s:18:\"ArticleList / HTML\";}s:7:\"partner\";O:8:\"stdClass\":2:{s:4:\"file\";s:41:\"templates/body/main/sidebar/partner.phtml\";s:4:\"name\";s:7:\"Partner\";}s:5:\"modul\";O:8:\"stdClass\":2:{s:4:\"file\";s:39:\"templates/body/main/sidebar/modul.phtml\";s:4:\"name\";s:5:\"Modul\";}s:7:\"blogRss\";O:8:\"stdClass\":2:{s:4:\"file\";s:41:\"templates/body/main/sidebar/blogRss.phtml\";s:4:\"name\";s:8:\"Blog-RSS\";}s:7:\"htmlRss\";O:8:\"stdClass\":2:{s:4:\"file\";s:45:\"templates/body/main/sidebar/htmlBlogRss.phtml\";s:4:\"name\";s:15:\"HTML / Blog-RSS\";}s:10:\"htmlCorner\";O:8:\"stdClass\":2:{s:4:\"file\";s:44:\"templates/body/main/sidebar/htmlCorner.phtml\";s:4:\"name\";s:24:\"HTML with rounded corner\";}}}',NULL,NULL);
INSERT INTO `ait_aitsu_article_property` VALUES (116,512,'O:8:\"stdClass\":2:{s:15:\"defaultTemplate\";s:4:\"html\";s:8:\"template\";O:8:\"stdClass\":8:{s:4:\"html\";O:8:\"stdClass\":2:{s:4:\"file\";s:38:\"templates/body/main/sidebar/html.phtml\";s:4:\"name\";s:4:\"HTML\";}s:5:\"htmli\";O:8:\"stdClass\":2:{s:4:\"file\";s:39:\"templates/body/main/sidebar/htmli.phtml\";s:4:\"name\";s:5:\"HTMLi\";}s:15:\"articleListHtml\";O:8:\"stdClass\":2:{s:4:\"file\";s:49:\"templates/body/main/sidebar/articleListHtml.phtml\";s:4:\"name\";s:18:\"ArticleList / HTML\";}s:7:\"partner\";O:8:\"stdClass\":2:{s:4:\"file\";s:41:\"templates/body/main/sidebar/partner.phtml\";s:4:\"name\";s:7:\"Partner\";}s:5:\"modul\";O:8:\"stdClass\":2:{s:4:\"file\";s:39:\"templates/body/main/sidebar/modul.phtml\";s:4:\"name\";s:5:\"Modul\";}s:7:\"blogRss\";O:8:\"stdClass\":2:{s:4:\"file\";s:41:\"templates/body/main/sidebar/blogRss.phtml\";s:4:\"name\";s:8:\"Blog-RSS\";}s:7:\"htmlRss\";O:8:\"stdClass\":2:{s:4:\"file\";s:45:\"templates/body/main/sidebar/htmlBlogRss.phtml\";s:4:\"name\";s:15:\"HTML / Blog-RSS\";}s:10:\"htmlCorner\";O:8:\"stdClass\":2:{s:4:\"file\";s:44:\"templates/body/main/sidebar/htmlCorner.phtml\";s:4:\"name\";s:24:\"HTML with rounded corner\";}}}',NULL,NULL);
INSERT INTO `ait_aitsu_article_property` VALUES (116,513,'O:8:\"stdClass\":2:{s:15:\"defaultTemplate\";s:4:\"html\";s:8:\"template\";O:8:\"stdClass\":8:{s:4:\"html\";O:8:\"stdClass\":2:{s:4:\"file\";s:38:\"templates/body/main/sidebar/html.phtml\";s:4:\"name\";s:4:\"HTML\";}s:5:\"htmli\";O:8:\"stdClass\":2:{s:4:\"file\";s:39:\"templates/body/main/sidebar/htmli.phtml\";s:4:\"name\";s:5:\"HTMLi\";}s:15:\"articleListHtml\";O:8:\"stdClass\":2:{s:4:\"file\";s:49:\"templates/body/main/sidebar/articleListHtml.phtml\";s:4:\"name\";s:18:\"ArticleList / HTML\";}s:7:\"partner\";O:8:\"stdClass\":2:{s:4:\"file\";s:41:\"templates/body/main/sidebar/partner.phtml\";s:4:\"name\";s:7:\"Partner\";}s:5:\"modul\";O:8:\"stdClass\":2:{s:4:\"file\";s:39:\"templates/body/main/sidebar/modul.phtml\";s:4:\"name\";s:5:\"Modul\";}s:7:\"blogRss\";O:8:\"stdClass\":2:{s:4:\"file\";s:41:\"templates/body/main/sidebar/blogRss.phtml\";s:4:\"name\";s:8:\"Blog-RSS\";}s:7:\"htmlRss\";O:8:\"stdClass\":2:{s:4:\"file\";s:45:\"templates/body/main/sidebar/htmlBlogRss.phtml\";s:4:\"name\";s:15:\"HTML / Blog-RSS\";}s:10:\"htmlCorner\";O:8:\"stdClass\":2:{s:4:\"file\";s:44:\"templates/body/main/sidebar/htmlCorner.phtml\";s:4:\"name\";s:24:\"HTML with rounded corner\";}}}',NULL,NULL);
INSERT INTO `ait_aitsu_article_property` VALUES (116,514,'O:8:\"stdClass\":2:{s:15:\"defaultTemplate\";s:4:\"html\";s:8:\"template\";O:8:\"stdClass\":8:{s:4:\"html\";O:8:\"stdClass\":2:{s:4:\"file\";s:38:\"templates/body/main/sidebar/html.phtml\";s:4:\"name\";s:4:\"HTML\";}s:5:\"htmli\";O:8:\"stdClass\":2:{s:4:\"file\";s:39:\"templates/body/main/sidebar/htmli.phtml\";s:4:\"name\";s:5:\"HTMLi\";}s:15:\"articleListHtml\";O:8:\"stdClass\":2:{s:4:\"file\";s:49:\"templates/body/main/sidebar/articleListHtml.phtml\";s:4:\"name\";s:18:\"ArticleList / HTML\";}s:7:\"partner\";O:8:\"stdClass\":2:{s:4:\"file\";s:41:\"templates/body/main/sidebar/partner.phtml\";s:4:\"name\";s:7:\"Partner\";}s:5:\"modul\";O:8:\"stdClass\":2:{s:4:\"file\";s:39:\"templates/body/main/sidebar/modul.phtml\";s:4:\"name\";s:5:\"Modul\";}s:7:\"blogRss\";O:8:\"stdClass\":2:{s:4:\"file\";s:41:\"templates/body/main/sidebar/blogRss.phtml\";s:4:\"name\";s:8:\"Blog-RSS\";}s:7:\"htmlRss\";O:8:\"stdClass\":2:{s:4:\"file\";s:45:\"templates/body/main/sidebar/htmlBlogRss.phtml\";s:4:\"name\";s:15:\"HTML / Blog-RSS\";}s:10:\"htmlCorner\";O:8:\"stdClass\":2:{s:4:\"file\";s:44:\"templates/body/main/sidebar/htmlCorner.phtml\";s:4:\"name\";s:24:\"HTML with rounded corner\";}}}',NULL,NULL);
INSERT INTO `ait_aitsu_article_property` VALUES (116,516,'O:8:\"stdClass\":2:{s:15:\"defaultTemplate\";s:4:\"html\";s:8:\"template\";O:8:\"stdClass\":8:{s:4:\"html\";O:8:\"stdClass\":2:{s:4:\"file\";s:38:\"templates/body/main/sidebar/html.phtml\";s:4:\"name\";s:4:\"HTML\";}s:5:\"htmli\";O:8:\"stdClass\":2:{s:4:\"file\";s:39:\"templates/body/main/sidebar/htmli.phtml\";s:4:\"name\";s:5:\"HTMLi\";}s:15:\"articleListHtml\";O:8:\"stdClass\":2:{s:4:\"file\";s:49:\"templates/body/main/sidebar/articleListHtml.phtml\";s:4:\"name\";s:18:\"ArticleList / HTML\";}s:7:\"partner\";O:8:\"stdClass\":2:{s:4:\"file\";s:41:\"templates/body/main/sidebar/partner.phtml\";s:4:\"name\";s:7:\"Partner\";}s:5:\"modul\";O:8:\"stdClass\":2:{s:4:\"file\";s:39:\"templates/body/main/sidebar/modul.phtml\";s:4:\"name\";s:5:\"Modul\";}s:7:\"blogRss\";O:8:\"stdClass\":2:{s:4:\"file\";s:41:\"templates/body/main/sidebar/blogRss.phtml\";s:4:\"name\";s:8:\"Blog-RSS\";}s:7:\"htmlRss\";O:8:\"stdClass\":2:{s:4:\"file\";s:45:\"templates/body/main/sidebar/htmlBlogRss.phtml\";s:4:\"name\";s:15:\"HTML / Blog-RSS\";}s:10:\"htmlCorner\";O:8:\"stdClass\":2:{s:4:\"file\";s:44:\"templates/body/main/sidebar/htmlCorner.phtml\";s:4:\"name\";s:24:\"HTML with rounded corner\";}}}',NULL,NULL);
INSERT INTO `ait_aitsu_article_property` VALUES (116,521,'O:8:\"stdClass\":2:{s:15:\"defaultTemplate\";s:4:\"html\";s:8:\"template\";O:8:\"stdClass\":8:{s:4:\"html\";O:8:\"stdClass\":2:{s:4:\"file\";s:38:\"templates/body/main/sidebar/html.phtml\";s:4:\"name\";s:4:\"HTML\";}s:5:\"htmli\";O:8:\"stdClass\":2:{s:4:\"file\";s:39:\"templates/body/main/sidebar/htmli.phtml\";s:4:\"name\";s:5:\"HTMLi\";}s:15:\"articleListHtml\";O:8:\"stdClass\":2:{s:4:\"file\";s:49:\"templates/body/main/sidebar/articleListHtml.phtml\";s:4:\"name\";s:18:\"ArticleList / HTML\";}s:7:\"partner\";O:8:\"stdClass\":2:{s:4:\"file\";s:41:\"templates/body/main/sidebar/partner.phtml\";s:4:\"name\";s:7:\"Partner\";}s:5:\"modul\";O:8:\"stdClass\":2:{s:4:\"file\";s:39:\"templates/body/main/sidebar/modul.phtml\";s:4:\"name\";s:5:\"Modul\";}s:7:\"blogRss\";O:8:\"stdClass\":2:{s:4:\"file\";s:41:\"templates/body/main/sidebar/blogRss.phtml\";s:4:\"name\";s:8:\"Blog-RSS\";}s:7:\"htmlRss\";O:8:\"stdClass\":2:{s:4:\"file\";s:45:\"templates/body/main/sidebar/htmlBlogRss.phtml\";s:4:\"name\";s:15:\"HTML / Blog-RSS\";}s:10:\"htmlCorner\";O:8:\"stdClass\":2:{s:4:\"file\";s:44:\"templates/body/main/sidebar/htmlCorner.phtml\";s:4:\"name\";s:24:\"HTML with rounded corner\";}}}',NULL,NULL);
INSERT INTO `ait_aitsu_article_property` VALUES (116,522,'O:8:\"stdClass\":2:{s:15:\"defaultTemplate\";s:4:\"html\";s:8:\"template\";O:8:\"stdClass\":8:{s:4:\"html\";O:8:\"stdClass\":2:{s:4:\"file\";s:38:\"templates/body/main/sidebar/html.phtml\";s:4:\"name\";s:4:\"HTML\";}s:5:\"htmli\";O:8:\"stdClass\":2:{s:4:\"file\";s:39:\"templates/body/main/sidebar/htmli.phtml\";s:4:\"name\";s:5:\"HTMLi\";}s:15:\"articleListHtml\";O:8:\"stdClass\":2:{s:4:\"file\";s:49:\"templates/body/main/sidebar/articleListHtml.phtml\";s:4:\"name\";s:18:\"ArticleList / HTML\";}s:7:\"partner\";O:8:\"stdClass\":2:{s:4:\"file\";s:41:\"templates/body/main/sidebar/partner.phtml\";s:4:\"name\";s:7:\"Partner\";}s:5:\"modul\";O:8:\"stdClass\":2:{s:4:\"file\";s:39:\"templates/body/main/sidebar/modul.phtml\";s:4:\"name\";s:5:\"Modul\";}s:7:\"blogRss\";O:8:\"stdClass\":2:{s:4:\"file\";s:41:\"templates/body/main/sidebar/blogRss.phtml\";s:4:\"name\";s:8:\"Blog-RSS\";}s:7:\"htmlRss\";O:8:\"stdClass\":2:{s:4:\"file\";s:45:\"templates/body/main/sidebar/htmlBlogRss.phtml\";s:4:\"name\";s:15:\"HTML / Blog-RSS\";}s:10:\"htmlCorner\";O:8:\"stdClass\":2:{s:4:\"file\";s:44:\"templates/body/main/sidebar/htmlCorner.phtml\";s:4:\"name\";s:24:\"HTML with rounded corner\";}}}',NULL,NULL);
INSERT INTO `ait_aitsu_article_property` VALUES (117,513,'a:1:{i:0;s:9:\"dummy.png\";}',NULL,NULL);
INSERT INTO `ait_aitsu_article_property` VALUES (118,513,'a:1:{i:0;s:9:\"dummy.png\";}',NULL,NULL);
INSERT INTO `ait_aitsu_article_property` VALUES (119,513,'a:1:{i:0;s:9:\"dummy.png\";}',NULL,NULL);
INSERT INTO `ait_aitsu_article_property` VALUES (120,513,'medium_caption',NULL,NULL);
INSERT INTO `ait_aitsu_article_property` VALUES (121,513,'a:1:{i:0;s:9:\"dummy.png\";}',NULL,NULL);
INSERT INTO `ait_aitsu_article_property` VALUES (122,513,'medium_description',NULL,NULL);
INSERT INTO `ait_aitsu_article_property` VALUES (123,513,'a:1:{i:0;s:9:\"dummy.png\";}',NULL,NULL);
INSERT INTO `ait_aitsu_article_property` VALUES (124,513,'left',NULL,NULL);
INSERT INTO `ait_aitsu_article_property` VALUES (125,513,'right',NULL,NULL);
INSERT INTO `ait_aitsu_article_property` VALUES (126,513,'center',NULL,NULL);
INSERT INTO `ait_aitsu_article_property` VALUES (127,513,'right',NULL,NULL);
INSERT INTO `ait_aitsu_article_property` VALUES (128,513,'left',NULL,NULL);
INSERT INTO `ait_aitsu_article_property` VALUES (129,512,'inline',NULL,NULL);
INSERT INTO `ait_aitsu_article_property` VALUES (129,526,'',NULL,NULL);
INSERT INTO `ait_aitsu_article_property` VALUES (130,512,'all_right',NULL,NULL);
INSERT INTO `ait_aitsu_article_property` VALUES (130,526,'6.right',NULL,NULL);
INSERT INTO `ait_aitsu_article_property` VALUES (131,512,'0',NULL,NULL);
INSERT INTO `ait_aitsu_article_property` VALUES (131,526,NULL,NULL,NULL);
INSERT INTO `ait_aitsu_article_property` VALUES (132,512,'150',NULL,NULL);
INSERT INTO `ait_aitsu_article_property` VALUES (132,526,'',NULL,NULL);
INSERT INTO `ait_aitsu_article_property` VALUES (133,512,'150',NULL,NULL);
INSERT INTO `ait_aitsu_article_property` VALUES (133,526,'',NULL,NULL);
INSERT INTO `ait_aitsu_article_property` VALUES (134,512,'',NULL,NULL);
INSERT INTO `ait_aitsu_article_property` VALUES (134,526,'',NULL,NULL);
INSERT INTO `ait_aitsu_article_property` VALUES (135,512,'',NULL,NULL);
INSERT INTO `ait_aitsu_article_property` VALUES (136,512,'id1',NULL,NULL);
INSERT INTO `ait_aitsu_article_property` VALUES (136,526,'',NULL,NULL);
INSERT INTO `ait_aitsu_article_property` VALUES (137,512,'',NULL,NULL);
INSERT INTO `ait_aitsu_article_property` VALUES (137,526,'',NULL,NULL);
INSERT INTO `ait_aitsu_article_property` VALUES (138,512,'',NULL,NULL);
INSERT INTO `ait_aitsu_article_property` VALUES (138,526,'',NULL,NULL);
INSERT INTO `ait_aitsu_article_property` VALUES (139,512,'a:1:{i:0;s:7:\"hat.jpg\";}',NULL,NULL);
INSERT INTO `ait_aitsu_article_property` VALUES (139,526,'a:1:{i:0;s:8:\"icon.jpg\";}',NULL,NULL);
INSERT INTO `ait_aitsu_article_property` VALUES (140,512,'33-33-33',NULL,NULL);
INSERT INTO `ait_aitsu_article_property` VALUES (141,512,'',NULL,NULL);
INSERT INTO `ait_aitsu_article_property` VALUES (142,512,'',NULL,NULL);
INSERT INTO `ait_aitsu_article_property` VALUES (143,512,'',NULL,NULL);
INSERT INTO `ait_aitsu_article_property` VALUES (144,512,'',NULL,NULL);
INSERT INTO `ait_aitsu_article_property` VALUES (144,526,'',NULL,NULL);
INSERT INTO `ait_aitsu_article_property` VALUES (145,512,'small',NULL,NULL);
INSERT INTO `ait_aitsu_article_property` VALUES (145,526,'4.all_right',NULL,NULL);
INSERT INTO `ait_aitsu_article_property` VALUES (146,512,NULL,NULL,NULL);
INSERT INTO `ait_aitsu_article_property` VALUES (146,526,NULL,NULL,NULL);
INSERT INTO `ait_aitsu_article_property` VALUES (147,512,'',NULL,NULL);
INSERT INTO `ait_aitsu_article_property` VALUES (147,526,'',NULL,NULL);
INSERT INTO `ait_aitsu_article_property` VALUES (148,512,'',NULL,NULL);
INSERT INTO `ait_aitsu_article_property` VALUES (148,526,'',NULL,NULL);
INSERT INTO `ait_aitsu_article_property` VALUES (149,512,'',NULL,NULL);
INSERT INTO `ait_aitsu_article_property` VALUES (149,526,'',NULL,NULL);
INSERT INTO `ait_aitsu_article_property` VALUES (150,512,'',NULL,NULL);
INSERT INTO `ait_aitsu_article_property` VALUES (151,512,'',NULL,NULL);
INSERT INTO `ait_aitsu_article_property` VALUES (151,526,'',NULL,NULL);
INSERT INTO `ait_aitsu_article_property` VALUES (152,512,'',NULL,NULL);
INSERT INTO `ait_aitsu_article_property` VALUES (152,526,'',NULL,NULL);
INSERT INTO `ait_aitsu_article_property` VALUES (153,512,'',NULL,NULL);
INSERT INTO `ait_aitsu_article_property` VALUES (153,526,'',NULL,NULL);
INSERT INTO `ait_aitsu_article_property` VALUES (154,512,'a:1:{i:0;s:9:\"water.jpg\";}',NULL,NULL);
INSERT INTO `ait_aitsu_article_property` VALUES (154,526,'a:1:{i:0;s:8:\"icon.jpg\";}',NULL,NULL);
INSERT INTO `ait_aitsu_article_property` VALUES (155,513,'inline',NULL,NULL);
INSERT INTO `ait_aitsu_article_property` VALUES (156,513,'idart 295',NULL,NULL);
INSERT INTO `ait_aitsu_article_property` VALUES (157,513,'Linktext',NULL,NULL);
INSERT INTO `ait_aitsu_article_property` VALUES (158,513,'',NULL,NULL);
INSERT INTO `ait_aitsu_article_property` VALUES (159,513,'',NULL,NULL);
INSERT INTO `ait_aitsu_article_property` VALUES (160,513,'',NULL,NULL);
INSERT INTO `ait_aitsu_article_property` VALUES (161,513,'',NULL,NULL);
INSERT INTO `ait_aitsu_article_property` VALUES (162,513,'',NULL,NULL);
INSERT INTO `ait_aitsu_article_property` VALUES (163,440,'index',NULL,NULL);
INSERT INTO `ait_aitsu_article_property` VALUES (164,516,'pre',NULL,NULL);
INSERT INTO `ait_aitsu_article_property` VALUES (165,516,'a:1:{i:0;s:16:\"division-tkl.jpg\";}',NULL,NULL);
INSERT INTO `ait_aitsu_article_property` VALUES (166,512,'',NULL,NULL);
INSERT INTO `ait_aitsu_article_property` VALUES (167,512,'idcat 50',NULL,NULL);
INSERT INTO `ait_aitsu_article_property` VALUES (168,512,'Kategorie',NULL,NULL);
INSERT INTO `ait_aitsu_article_property` VALUES (169,512,'',NULL,NULL);
INSERT INTO `ait_aitsu_article_property` VALUES (170,512,'',NULL,NULL);
INSERT INTO `ait_aitsu_article_property` VALUES (171,512,'',NULL,NULL);
INSERT INTO `ait_aitsu_article_property` VALUES (172,512,'',NULL,NULL);
INSERT INTO `ait_aitsu_article_property` VALUES (173,512,'',NULL,NULL);
INSERT INTO `ait_aitsu_article_property` VALUES (174,512,'',NULL,NULL);
INSERT INTO `ait_aitsu_article_property` VALUES (175,512,'idart 275',NULL,NULL);
INSERT INTO `ait_aitsu_article_property` VALUES (176,512,'Artikel',NULL,NULL);
INSERT INTO `ait_aitsu_article_property` VALUES (177,512,'',NULL,NULL);
INSERT INTO `ait_aitsu_article_property` VALUES (178,512,'',NULL,NULL);
INSERT INTO `ait_aitsu_article_property` VALUES (179,512,'',NULL,NULL);
INSERT INTO `ait_aitsu_article_property` VALUES (180,512,'',NULL,NULL);
INSERT INTO `ait_aitsu_article_property` VALUES (181,512,'',NULL,NULL);
INSERT INTO `ait_aitsu_article_property` VALUES (182,512,'',NULL,NULL);
INSERT INTO `ait_aitsu_article_property` VALUES (183,512,'http://www.aitsu.org/',NULL,NULL);
INSERT INTO `ait_aitsu_article_property` VALUES (184,512,'aitsu.org',NULL,NULL);
INSERT INTO `ait_aitsu_article_property` VALUES (185,512,'',NULL,NULL);
INSERT INTO `ait_aitsu_article_property` VALUES (186,512,'',NULL,NULL);
INSERT INTO `ait_aitsu_article_property` VALUES (187,512,'',NULL,NULL);
INSERT INTO `ait_aitsu_article_property` VALUES (188,512,'',NULL,NULL);
INSERT INTO `ait_aitsu_article_property` VALUES (189,512,'',NULL,NULL);
INSERT INTO `ait_aitsu_article_property` VALUES (190,514,'bild1.jpg',NULL,NULL);
INSERT INTO `ait_aitsu_article_property` VALUES (191,511,'',NULL,NULL);
INSERT INTO `ait_aitsu_article_property` VALUES (192,511,'http://www.aitsu.org/cms/funktionsweise/',NULL,NULL);
INSERT INTO `ait_aitsu_article_property` VALUES (193,511,'Funktionsweise aitsu CMS ',NULL,NULL);
INSERT INTO `ait_aitsu_article_property` VALUES (194,511,'',NULL,NULL);
INSERT INTO `ait_aitsu_article_property` VALUES (195,511,'none',NULL,NULL);
INSERT INTO `ait_aitsu_article_property` VALUES (196,511,'',NULL,NULL);
INSERT INTO `ait_aitsu_article_property` VALUES (197,511,'',NULL,NULL);
INSERT INTO `ait_aitsu_article_property` VALUES (198,511,'',NULL,NULL);
INSERT INTO `ait_aitsu_article_property` VALUES (199,491,'',NULL,NULL);
INSERT INTO `ait_aitsu_article_property` VALUES (200,491,'http://www.aitsu.org/cms/layouts/',NULL,NULL);
INSERT INTO `ait_aitsu_article_property` VALUES (201,491,'Mehr zu Layouts mit aitsu CMS &raquo;',NULL,NULL);
INSERT INTO `ait_aitsu_article_property` VALUES (202,491,'',NULL,NULL);
INSERT INTO `ait_aitsu_article_property` VALUES (203,491,'',NULL,NULL);
INSERT INTO `ait_aitsu_article_property` VALUES (204,491,'',NULL,NULL);
INSERT INTO `ait_aitsu_article_property` VALUES (205,491,'',NULL,NULL);
INSERT INTO `ait_aitsu_article_property` VALUES (206,491,'',NULL,NULL);
INSERT INTO `ait_aitsu_article_property` VALUES (207,493,'inline',NULL,NULL);
INSERT INTO `ait_aitsu_article_property` VALUES (208,493,'http://www.aitsu.org/cms/module/',NULL,NULL);
INSERT INTO `ait_aitsu_article_property` VALUES (209,493,'aitsu CMS-Module &raquo;',NULL,NULL);
INSERT INTO `ait_aitsu_article_property` VALUES (210,493,'Mehr ber aitsu CMS-Module',NULL,NULL);
INSERT INTO `ait_aitsu_article_property` VALUES (211,493,'_blank',NULL,NULL);
INSERT INTO `ait_aitsu_article_property` VALUES (212,493,'',NULL,NULL);
INSERT INTO `ait_aitsu_article_property` VALUES (213,493,'',NULL,NULL);
INSERT INTO `ait_aitsu_article_property` VALUES (214,493,'',NULL,NULL);
INSERT INTO `ait_aitsu_article_property` VALUES (215,492,'',NULL,NULL);
INSERT INTO `ait_aitsu_article_property` VALUES (216,492,'http://www.aitsu.org/cms/templates/',NULL,NULL);
INSERT INTO `ait_aitsu_article_property` VALUES (217,492,'Mehr zu Templates mit aitsu CMS &raquo;',NULL,NULL);
INSERT INTO `ait_aitsu_article_property` VALUES (218,492,'',NULL,NULL);
INSERT INTO `ait_aitsu_article_property` VALUES (219,492,'',NULL,NULL);
INSERT INTO `ait_aitsu_article_property` VALUES (220,492,'',NULL,NULL);
INSERT INTO `ait_aitsu_article_property` VALUES (221,492,'',NULL,NULL);
INSERT INTO `ait_aitsu_article_property` VALUES (222,492,'',NULL,NULL);
INSERT INTO `ait_aitsu_article_property` VALUES (223,512,'',NULL,NULL);
INSERT INTO `ait_aitsu_article_property` VALUES (224,512,'http://www.aitsu.org/cms/bildskalierung/',NULL,NULL);
INSERT INTO `ait_aitsu_article_property` VALUES (225,512,'Bildskalierung mit aitsu CMS &raquo;',NULL,NULL);
INSERT INTO `ait_aitsu_article_property` VALUES (226,512,'',NULL,NULL);
INSERT INTO `ait_aitsu_article_property` VALUES (227,512,'',NULL,NULL);
INSERT INTO `ait_aitsu_article_property` VALUES (228,512,'',NULL,NULL);
INSERT INTO `ait_aitsu_article_property` VALUES (229,512,'',NULL,NULL);
INSERT INTO `ait_aitsu_article_property` VALUES (230,512,'',NULL,NULL);
INSERT INTO `ait_aitsu_article_property` VALUES (231,440,'O:8:\"stdClass\":1:{s:15:\"defaultTemplate\";s:27:\"templates/javascripts.phtml\";}',NULL,NULL);
INSERT INTO `ait_aitsu_article_property` VALUES (231,446,'O:8:\"stdClass\":1:{s:15:\"defaultTemplate\";s:27:\"templates/javascripts.phtml\";}',NULL,NULL);
INSERT INTO `ait_aitsu_article_property` VALUES (231,491,'O:8:\"stdClass\":1:{s:15:\"defaultTemplate\";s:27:\"templates/javascripts.phtml\";}',NULL,NULL);
INSERT INTO `ait_aitsu_article_property` VALUES (231,492,'O:8:\"stdClass\":1:{s:15:\"defaultTemplate\";s:27:\"templates/javascripts.phtml\";}',NULL,NULL);
INSERT INTO `ait_aitsu_article_property` VALUES (231,493,'O:8:\"stdClass\":1:{s:15:\"defaultTemplate\";s:27:\"templates/javascripts.phtml\";}',NULL,NULL);
INSERT INTO `ait_aitsu_article_property` VALUES (231,495,'O:8:\"stdClass\":1:{s:15:\"defaultTemplate\";s:27:\"templates/javascripts.phtml\";}',NULL,NULL);
INSERT INTO `ait_aitsu_article_property` VALUES (231,497,'O:8:\"stdClass\":1:{s:15:\"defaultTemplate\";s:27:\"templates/javascripts.phtml\";}',NULL,NULL);
INSERT INTO `ait_aitsu_article_property` VALUES (231,506,'O:8:\"stdClass\":1:{s:15:\"defaultTemplate\";s:27:\"templates/javascripts.phtml\";}',NULL,NULL);
INSERT INTO `ait_aitsu_article_property` VALUES (231,511,'O:8:\"stdClass\":1:{s:15:\"defaultTemplate\";s:27:\"templates/javascripts.phtml\";}',NULL,NULL);
INSERT INTO `ait_aitsu_article_property` VALUES (231,512,'O:8:\"stdClass\":1:{s:15:\"defaultTemplate\";s:27:\"templates/javascripts.phtml\";}',NULL,NULL);
INSERT INTO `ait_aitsu_article_property` VALUES (231,513,'O:8:\"stdClass\":1:{s:15:\"defaultTemplate\";s:27:\"templates/javascripts.phtml\";}',NULL,NULL);
INSERT INTO `ait_aitsu_article_property` VALUES (231,514,'O:8:\"stdClass\":1:{s:15:\"defaultTemplate\";s:27:\"templates/javascripts.phtml\";}',NULL,NULL);
INSERT INTO `ait_aitsu_article_property` VALUES (231,516,'O:8:\"stdClass\":1:{s:15:\"defaultTemplate\";s:27:\"templates/javascripts.phtml\";}',NULL,NULL);
INSERT INTO `ait_aitsu_article_property` VALUES (231,517,'O:8:\"stdClass\":1:{s:15:\"defaultTemplate\";s:27:\"templates/javascripts.phtml\";}',NULL,NULL);
INSERT INTO `ait_aitsu_article_property` VALUES (231,518,'O:8:\"stdClass\":1:{s:15:\"defaultTemplate\";s:27:\"templates/javascripts.phtml\";}',NULL,NULL);
INSERT INTO `ait_aitsu_article_property` VALUES (231,520,'O:8:\"stdClass\":1:{s:15:\"defaultTemplate\";s:27:\"templates/javascripts.phtml\";}',NULL,NULL);
INSERT INTO `ait_aitsu_article_property` VALUES (231,521,'O:8:\"stdClass\":1:{s:15:\"defaultTemplate\";s:27:\"templates/javascripts.phtml\";}',NULL,NULL);
INSERT INTO `ait_aitsu_article_property` VALUES (231,522,'O:8:\"stdClass\":1:{s:15:\"defaultTemplate\";s:27:\"templates/javascripts.phtml\";}',NULL,NULL);
INSERT INTO `ait_aitsu_article_property` VALUES (231,523,'O:8:\"stdClass\":1:{s:15:\"defaultTemplate\";s:27:\"templates/javascripts.phtml\";}',NULL,NULL);
INSERT INTO `ait_aitsu_article_property` VALUES (231,524,'O:8:\"stdClass\":1:{s:15:\"defaultTemplate\";s:27:\"templates/javascripts.phtml\";}',NULL,NULL);
INSERT INTO `ait_aitsu_article_property` VALUES (231,525,'O:8:\"stdClass\":1:{s:15:\"defaultTemplate\";s:27:\"templates/javascripts.phtml\";}',NULL,NULL);
INSERT INTO `ait_aitsu_article_property` VALUES (231,526,'O:8:\"stdClass\":1:{s:15:\"defaultTemplate\";s:27:\"templates/javascripts.phtml\";}',NULL,NULL);
INSERT INTO `ait_aitsu_article_property` VALUES (231,527,'O:8:\"stdClass\":1:{s:15:\"defaultTemplate\";s:27:\"templates/javascripts.phtml\";}',NULL,NULL);
INSERT INTO `ait_aitsu_article_property` VALUES (231,528,'O:8:\"stdClass\":1:{s:15:\"defaultTemplate\";s:27:\"templates/javascripts.phtml\";}',NULL,NULL);
INSERT INTO `ait_aitsu_article_property` VALUES (231,529,'O:8:\"stdClass\":1:{s:15:\"defaultTemplate\";s:27:\"templates/javascripts.phtml\";}',NULL,NULL);
INSERT INTO `ait_aitsu_article_property` VALUES (231,531,'O:8:\"stdClass\":1:{s:15:\"defaultTemplate\";s:27:\"templates/javascripts.phtml\";}',NULL,NULL);
INSERT INTO `ait_aitsu_article_property` VALUES (232,511,NULL,NULL,NULL);
INSERT INTO `ait_aitsu_article_property` VALUES (233,511,'',NULL,NULL);
INSERT INTO `ait_aitsu_article_property` VALUES (234,511,'',NULL,NULL);
INSERT INTO `ait_aitsu_article_property` VALUES (235,511,'',NULL,NULL);
INSERT INTO `ait_aitsu_article_property` VALUES (236,511,'',NULL,NULL);
INSERT INTO `ait_aitsu_article_property` VALUES (237,511,'a:1:{i:0;s:7:\"zip.zip\";}',NULL,NULL);
INSERT INTO `ait_aitsu_article_property` VALUES (238,493,'value1',NULL,NULL);
INSERT INTO `ait_aitsu_article_property` VALUES (239,493,'a:2:{i:1;s:6:\"value1\";i:2;s:6:\"value2\";}',NULL,NULL);
INSERT INTO `ait_aitsu_article_property` VALUES (240,493,NULL,NULL,'2011-01-01 00:00:00');
INSERT INTO `ait_aitsu_article_property` VALUES (241,493,NULL,NULL,'2011-12-31 00:00:00');
INSERT INTO `ait_aitsu_article_property` VALUES (242,493,'Text1',NULL,NULL);
INSERT INTO `ait_aitsu_article_property` VALUES (243,493,'Text2',NULL,NULL);
INSERT INTO `ait_aitsu_article_property` VALUES (244,493,'value9',NULL,NULL);
INSERT INTO `ait_aitsu_article_property` VALUES (245,493,'idcat 1',NULL,NULL);
INSERT INTO `ait_aitsu_article_property` VALUES (246,493,'a:1:{i:0;s:5:\"0.gif\";}',NULL,NULL);
INSERT INTO `ait_aitsu_article_property` VALUES (247,492,'O:8:\"stdClass\":2:{s:15:\"defaultTemplate\";s:4:\"none\";s:8:\"template\";O:8:\"stdClass\":4:{s:4:\"none\";O:8:\"stdClass\":2:{s:4:\"name\";s:14:\"default (none)\";s:4:\"file\";s:41:\"templates/body/main/subcolumns/none.phtml\";}i:100;O:8:\"stdClass\":2:{s:4:\"name\";s:4:\"100%\";s:4:\"file\";s:40:\"templates/body/main/subcolumns/100.phtml\";}s:5:\"25_75\";O:8:\"stdClass\":2:{s:4:\"name\";s:9:\"25% | 75%\";s:4:\"file\";s:42:\"templates/body/main/subcolumns/25_75.phtml\";}s:8:\"33_33_33\";O:8:\"stdClass\":2:{s:4:\"name\";s:15:\"33% | 33% | 33%\";s:4:\"file\";s:45:\"templates/body/main/subcolumns/33_33_33.phtml\";}}}',NULL,NULL);
INSERT INTO `ait_aitsu_article_property` VALUES (248,440,'O:8:\"stdClass\":2:{s:15:\"defaultTemplate\";s:4:\"none\";s:8:\"template\";O:8:\"stdClass\":4:{s:4:\"none\";O:8:\"stdClass\":2:{s:4:\"name\";s:14:\"default (none)\";s:4:\"file\";s:41:\"templates/body/main/subcolumns/none.phtml\";}s:3:\"100\";O:8:\"stdClass\":2:{s:4:\"name\";s:4:\"100%\";s:4:\"file\";s:40:\"templates/body/main/subcolumns/100.phtml\";}s:5:\"25_75\";O:8:\"stdClass\":2:{s:4:\"name\";s:9:\"25% | 75%\";s:4:\"file\";s:42:\"templates/body/main/subcolumns/25_75.phtml\";}s:8:\"33_33_33\";O:8:\"stdClass\":2:{s:4:\"name\";s:15:\"33% | 33% | 33%\";s:4:\"file\";s:45:\"templates/body/main/subcolumns/33_33_33.phtml\";}}}',NULL,NULL);
INSERT INTO `ait_aitsu_article_property` VALUES (248,491,'O:8:\"stdClass\":2:{s:15:\"defaultTemplate\";s:4:\"none\";s:8:\"template\";O:8:\"stdClass\":4:{s:4:\"none\";O:8:\"stdClass\":2:{s:4:\"name\";s:14:\"default (none)\";s:4:\"file\";s:41:\"templates/body/main/subcolumns/none.phtml\";}s:3:\"100\";O:8:\"stdClass\":2:{s:4:\"name\";s:4:\"100%\";s:4:\"file\";s:40:\"templates/body/main/subcolumns/100.phtml\";}s:5:\"25_75\";O:8:\"stdClass\":2:{s:4:\"name\";s:9:\"25% | 75%\";s:4:\"file\";s:42:\"templates/body/main/subcolumns/25_75.phtml\";}s:8:\"33_33_33\";O:8:\"stdClass\":2:{s:4:\"name\";s:15:\"33% | 33% | 33%\";s:4:\"file\";s:45:\"templates/body/main/subcolumns/33_33_33.phtml\";}}}',NULL,NULL);
INSERT INTO `ait_aitsu_article_property` VALUES (248,492,'O:8:\"stdClass\":2:{s:15:\"defaultTemplate\";s:4:\"none\";s:8:\"template\";O:8:\"stdClass\":4:{s:4:\"none\";O:8:\"stdClass\":2:{s:4:\"name\";s:14:\"default (none)\";s:4:\"file\";s:41:\"templates/body/main/subcolumns/none.phtml\";}s:3:\"100\";O:8:\"stdClass\":2:{s:4:\"name\";s:4:\"100%\";s:4:\"file\";s:40:\"templates/body/main/subcolumns/100.phtml\";}s:5:\"25_75\";O:8:\"stdClass\":2:{s:4:\"name\";s:9:\"25% | 75%\";s:4:\"file\";s:42:\"templates/body/main/subcolumns/25_75.phtml\";}s:8:\"33_33_33\";O:8:\"stdClass\":2:{s:4:\"name\";s:15:\"33% | 33% | 33%\";s:4:\"file\";s:45:\"templates/body/main/subcolumns/33_33_33.phtml\";}}}',NULL,NULL);
INSERT INTO `ait_aitsu_article_property` VALUES (248,493,'O:8:\"stdClass\":2:{s:15:\"defaultTemplate\";s:4:\"none\";s:8:\"template\";O:8:\"stdClass\":4:{s:4:\"none\";O:8:\"stdClass\":2:{s:4:\"name\";s:14:\"default (none)\";s:4:\"file\";s:41:\"templates/body/main/subcolumns/none.phtml\";}s:3:\"100\";O:8:\"stdClass\":2:{s:4:\"name\";s:4:\"100%\";s:4:\"file\";s:40:\"templates/body/main/subcolumns/100.phtml\";}s:5:\"25_75\";O:8:\"stdClass\":2:{s:4:\"name\";s:9:\"25% | 75%\";s:4:\"file\";s:42:\"templates/body/main/subcolumns/25_75.phtml\";}s:8:\"33_33_33\";O:8:\"stdClass\":2:{s:4:\"name\";s:15:\"33% | 33% | 33%\";s:4:\"file\";s:45:\"templates/body/main/subcolumns/33_33_33.phtml\";}}}',NULL,NULL);
INSERT INTO `ait_aitsu_article_property` VALUES (248,495,'O:8:\"stdClass\":2:{s:15:\"defaultTemplate\";s:4:\"none\";s:8:\"template\";O:8:\"stdClass\":4:{s:4:\"none\";O:8:\"stdClass\":2:{s:4:\"name\";s:14:\"default (none)\";s:4:\"file\";s:41:\"templates/body/main/subcolumns/none.phtml\";}s:3:\"100\";O:8:\"stdClass\":2:{s:4:\"name\";s:4:\"100%\";s:4:\"file\";s:40:\"templates/body/main/subcolumns/100.phtml\";}s:5:\"25_75\";O:8:\"stdClass\":2:{s:4:\"name\";s:9:\"25% | 75%\";s:4:\"file\";s:42:\"templates/body/main/subcolumns/25_75.phtml\";}s:8:\"33_33_33\";O:8:\"stdClass\":2:{s:4:\"name\";s:15:\"33% | 33% | 33%\";s:4:\"file\";s:45:\"templates/body/main/subcolumns/33_33_33.phtml\";}}}',NULL,NULL);
INSERT INTO `ait_aitsu_article_property` VALUES (248,497,'O:8:\"stdClass\":2:{s:15:\"defaultTemplate\";s:4:\"none\";s:8:\"template\";O:8:\"stdClass\":4:{s:4:\"none\";O:8:\"stdClass\":2:{s:4:\"name\";s:14:\"default (none)\";s:4:\"file\";s:41:\"templates/body/main/subcolumns/none.phtml\";}s:3:\"100\";O:8:\"stdClass\":2:{s:4:\"name\";s:4:\"100%\";s:4:\"file\";s:40:\"templates/body/main/subcolumns/100.phtml\";}s:5:\"25_75\";O:8:\"stdClass\":2:{s:4:\"name\";s:9:\"25% | 75%\";s:4:\"file\";s:42:\"templates/body/main/subcolumns/25_75.phtml\";}s:8:\"33_33_33\";O:8:\"stdClass\":2:{s:4:\"name\";s:15:\"33% | 33% | 33%\";s:4:\"file\";s:45:\"templates/body/main/subcolumns/33_33_33.phtml\";}}}',NULL,NULL);
INSERT INTO `ait_aitsu_article_property` VALUES (248,506,'O:8:\"stdClass\":2:{s:15:\"defaultTemplate\";s:4:\"none\";s:8:\"template\";O:8:\"stdClass\":4:{s:4:\"none\";O:8:\"stdClass\":2:{s:4:\"name\";s:14:\"default (none)\";s:4:\"file\";s:41:\"templates/body/main/subcolumns/none.phtml\";}s:3:\"100\";O:8:\"stdClass\":2:{s:4:\"name\";s:4:\"100%\";s:4:\"file\";s:40:\"templates/body/main/subcolumns/100.phtml\";}s:5:\"25_75\";O:8:\"stdClass\":2:{s:4:\"name\";s:9:\"25% | 75%\";s:4:\"file\";s:42:\"templates/body/main/subcolumns/25_75.phtml\";}s:8:\"33_33_33\";O:8:\"stdClass\":2:{s:4:\"name\";s:15:\"33% | 33% | 33%\";s:4:\"file\";s:45:\"templates/body/main/subcolumns/33_33_33.phtml\";}}}',NULL,NULL);
INSERT INTO `ait_aitsu_article_property` VALUES (248,512,'O:8:\"stdClass\":2:{s:15:\"defaultTemplate\";s:4:\"none\";s:8:\"template\";O:8:\"stdClass\":4:{s:4:\"none\";O:8:\"stdClass\":2:{s:4:\"name\";s:14:\"default (none)\";s:4:\"file\";s:41:\"templates/body/main/subcolumns/none.phtml\";}i:100;O:8:\"stdClass\":2:{s:4:\"name\";s:4:\"100%\";s:4:\"file\";s:40:\"templates/body/main/subcolumns/100.phtml\";}s:5:\"25_75\";O:8:\"stdClass\":2:{s:4:\"name\";s:9:\"25% | 75%\";s:4:\"file\";s:42:\"templates/body/main/subcolumns/25_75.phtml\";}s:8:\"33_33_33\";O:8:\"stdClass\":2:{s:4:\"name\";s:15:\"33% | 33% | 33%\";s:4:\"file\";s:45:\"templates/body/main/subcolumns/33_33_33.phtml\";}}}',NULL,NULL);
INSERT INTO `ait_aitsu_article_property` VALUES (248,513,'O:8:\"stdClass\":2:{s:15:\"defaultTemplate\";s:4:\"none\";s:8:\"template\";O:8:\"stdClass\":4:{s:4:\"none\";O:8:\"stdClass\":2:{s:4:\"name\";s:14:\"default (none)\";s:4:\"file\";s:41:\"templates/body/main/subcolumns/none.phtml\";}s:3:\"100\";O:8:\"stdClass\":2:{s:4:\"name\";s:4:\"100%\";s:4:\"file\";s:40:\"templates/body/main/subcolumns/100.phtml\";}s:5:\"25_75\";O:8:\"stdClass\":2:{s:4:\"name\";s:9:\"25% | 75%\";s:4:\"file\";s:42:\"templates/body/main/subcolumns/25_75.phtml\";}s:8:\"33_33_33\";O:8:\"stdClass\":2:{s:4:\"name\";s:15:\"33% | 33% | 33%\";s:4:\"file\";s:45:\"templates/body/main/subcolumns/33_33_33.phtml\";}}}',NULL,NULL);
INSERT INTO `ait_aitsu_article_property` VALUES (248,514,'O:8:\"stdClass\":2:{s:15:\"defaultTemplate\";s:4:\"none\";s:8:\"template\";O:8:\"stdClass\":4:{s:4:\"none\";O:8:\"stdClass\":2:{s:4:\"name\";s:14:\"default (none)\";s:4:\"file\";s:41:\"templates/body/main/subcolumns/none.phtml\";}s:3:\"100\";O:8:\"stdClass\":2:{s:4:\"name\";s:4:\"100%\";s:4:\"file\";s:40:\"templates/body/main/subcolumns/100.phtml\";}s:5:\"25_75\";O:8:\"stdClass\":2:{s:4:\"name\";s:9:\"25% | 75%\";s:4:\"file\";s:42:\"templates/body/main/subcolumns/25_75.phtml\";}s:8:\"33_33_33\";O:8:\"stdClass\":2:{s:4:\"name\";s:15:\"33% | 33% | 33%\";s:4:\"file\";s:45:\"templates/body/main/subcolumns/33_33_33.phtml\";}}}',NULL,NULL);
INSERT INTO `ait_aitsu_article_property` VALUES (248,516,'O:8:\"stdClass\":2:{s:15:\"defaultTemplate\";s:4:\"none\";s:8:\"template\";O:8:\"stdClass\":4:{s:4:\"none\";O:8:\"stdClass\":2:{s:4:\"name\";s:14:\"default (none)\";s:4:\"file\";s:41:\"templates/body/main/subcolumns/none.phtml\";}s:3:\"100\";O:8:\"stdClass\":2:{s:4:\"name\";s:4:\"100%\";s:4:\"file\";s:40:\"templates/body/main/subcolumns/100.phtml\";}s:5:\"25_75\";O:8:\"stdClass\":2:{s:4:\"name\";s:9:\"25% | 75%\";s:4:\"file\";s:42:\"templates/body/main/subcolumns/25_75.phtml\";}s:8:\"33_33_33\";O:8:\"stdClass\":2:{s:4:\"name\";s:15:\"33% | 33% | 33%\";s:4:\"file\";s:45:\"templates/body/main/subcolumns/33_33_33.phtml\";}}}',NULL,NULL);
INSERT INTO `ait_aitsu_article_property` VALUES (248,517,'O:8:\"stdClass\":2:{s:15:\"defaultTemplate\";s:4:\"none\";s:8:\"template\";O:8:\"stdClass\":4:{s:4:\"none\";O:8:\"stdClass\":2:{s:4:\"name\";s:14:\"default (none)\";s:4:\"file\";s:41:\"templates/body/main/subcolumns/none.phtml\";}s:3:\"100\";O:8:\"stdClass\":2:{s:4:\"name\";s:4:\"100%\";s:4:\"file\";s:40:\"templates/body/main/subcolumns/100.phtml\";}s:5:\"25_75\";O:8:\"stdClass\":2:{s:4:\"name\";s:9:\"25% | 75%\";s:4:\"file\";s:42:\"templates/body/main/subcolumns/25_75.phtml\";}s:8:\"33_33_33\";O:8:\"stdClass\":2:{s:4:\"name\";s:15:\"33% | 33% | 33%\";s:4:\"file\";s:45:\"templates/body/main/subcolumns/33_33_33.phtml\";}}}',NULL,NULL);
INSERT INTO `ait_aitsu_article_property` VALUES (248,518,'O:8:\"stdClass\":2:{s:15:\"defaultTemplate\";s:4:\"none\";s:8:\"template\";O:8:\"stdClass\":4:{s:4:\"none\";O:8:\"stdClass\":2:{s:4:\"name\";s:14:\"default (none)\";s:4:\"file\";s:41:\"templates/body/main/subcolumns/none.phtml\";}s:3:\"100\";O:8:\"stdClass\":2:{s:4:\"name\";s:4:\"100%\";s:4:\"file\";s:40:\"templates/body/main/subcolumns/100.phtml\";}s:5:\"25_75\";O:8:\"stdClass\":2:{s:4:\"name\";s:9:\"25% | 75%\";s:4:\"file\";s:42:\"templates/body/main/subcolumns/25_75.phtml\";}s:8:\"33_33_33\";O:8:\"stdClass\":2:{s:4:\"name\";s:15:\"33% | 33% | 33%\";s:4:\"file\";s:45:\"templates/body/main/subcolumns/33_33_33.phtml\";}}}',NULL,NULL);
INSERT INTO `ait_aitsu_article_property` VALUES (248,521,'O:8:\"stdClass\":2:{s:15:\"defaultTemplate\";s:4:\"none\";s:8:\"template\";O:8:\"stdClass\":4:{s:4:\"none\";O:8:\"stdClass\":2:{s:4:\"name\";s:14:\"default (none)\";s:4:\"file\";s:41:\"templates/body/main/subcolumns/none.phtml\";}s:3:\"100\";O:8:\"stdClass\":2:{s:4:\"name\";s:4:\"100%\";s:4:\"file\";s:40:\"templates/body/main/subcolumns/100.phtml\";}s:5:\"25_75\";O:8:\"stdClass\":2:{s:4:\"name\";s:9:\"25% | 75%\";s:4:\"file\";s:42:\"templates/body/main/subcolumns/25_75.phtml\";}s:8:\"33_33_33\";O:8:\"stdClass\":2:{s:4:\"name\";s:15:\"33% | 33% | 33%\";s:4:\"file\";s:45:\"templates/body/main/subcolumns/33_33_33.phtml\";}}}',NULL,NULL);
INSERT INTO `ait_aitsu_article_property` VALUES (248,522,'O:8:\"stdClass\":2:{s:15:\"defaultTemplate\";s:4:\"none\";s:8:\"template\";O:8:\"stdClass\":4:{s:4:\"none\";O:8:\"stdClass\":2:{s:4:\"name\";s:14:\"default (none)\";s:4:\"file\";s:41:\"templates/body/main/subcolumns/none.phtml\";}s:3:\"100\";O:8:\"stdClass\":2:{s:4:\"name\";s:4:\"100%\";s:4:\"file\";s:40:\"templates/body/main/subcolumns/100.phtml\";}s:5:\"25_75\";O:8:\"stdClass\":2:{s:4:\"name\";s:9:\"25% | 75%\";s:4:\"file\";s:42:\"templates/body/main/subcolumns/25_75.phtml\";}s:8:\"33_33_33\";O:8:\"stdClass\":2:{s:4:\"name\";s:15:\"33% | 33% | 33%\";s:4:\"file\";s:45:\"templates/body/main/subcolumns/33_33_33.phtml\";}}}',NULL,NULL);
INSERT INTO `ait_aitsu_article_property` VALUES (248,523,'O:8:\"stdClass\":2:{s:15:\"defaultTemplate\";s:4:\"none\";s:8:\"template\";O:8:\"stdClass\":4:{s:4:\"none\";O:8:\"stdClass\":2:{s:4:\"name\";s:14:\"default (none)\";s:4:\"file\";s:41:\"templates/body/main/subcolumns/none.phtml\";}s:3:\"100\";O:8:\"stdClass\":2:{s:4:\"name\";s:4:\"100%\";s:4:\"file\";s:40:\"templates/body/main/subcolumns/100.phtml\";}s:5:\"25_75\";O:8:\"stdClass\":2:{s:4:\"name\";s:9:\"25% | 75%\";s:4:\"file\";s:42:\"templates/body/main/subcolumns/25_75.phtml\";}s:8:\"33_33_33\";O:8:\"stdClass\":2:{s:4:\"name\";s:15:\"33% | 33% | 33%\";s:4:\"file\";s:45:\"templates/body/main/subcolumns/33_33_33.phtml\";}}}',NULL,NULL);
INSERT INTO `ait_aitsu_article_property` VALUES (248,524,'O:8:\"stdClass\":2:{s:15:\"defaultTemplate\";s:4:\"none\";s:8:\"template\";O:8:\"stdClass\":4:{s:4:\"none\";O:8:\"stdClass\":2:{s:4:\"name\";s:14:\"default (none)\";s:4:\"file\";s:41:\"templates/body/main/subcolumns/none.phtml\";}s:3:\"100\";O:8:\"stdClass\":2:{s:4:\"name\";s:4:\"100%\";s:4:\"file\";s:40:\"templates/body/main/subcolumns/100.phtml\";}s:5:\"25_75\";O:8:\"stdClass\":2:{s:4:\"name\";s:9:\"25% | 75%\";s:4:\"file\";s:42:\"templates/body/main/subcolumns/25_75.phtml\";}s:8:\"33_33_33\";O:8:\"stdClass\":2:{s:4:\"name\";s:15:\"33% | 33% | 33%\";s:4:\"file\";s:45:\"templates/body/main/subcolumns/33_33_33.phtml\";}}}',NULL,NULL);
INSERT INTO `ait_aitsu_article_property` VALUES (248,525,'O:8:\"stdClass\":2:{s:15:\"defaultTemplate\";s:4:\"none\";s:8:\"template\";O:8:\"stdClass\":4:{s:4:\"none\";O:8:\"stdClass\":2:{s:4:\"name\";s:14:\"default (none)\";s:4:\"file\";s:41:\"templates/body/main/subcolumns/none.phtml\";}s:3:\"100\";O:8:\"stdClass\":2:{s:4:\"name\";s:4:\"100%\";s:4:\"file\";s:40:\"templates/body/main/subcolumns/100.phtml\";}s:5:\"25_75\";O:8:\"stdClass\":2:{s:4:\"name\";s:9:\"25% | 75%\";s:4:\"file\";s:42:\"templates/body/main/subcolumns/25_75.phtml\";}s:8:\"33_33_33\";O:8:\"stdClass\":2:{s:4:\"name\";s:15:\"33% | 33% | 33%\";s:4:\"file\";s:45:\"templates/body/main/subcolumns/33_33_33.phtml\";}}}',NULL,NULL);
INSERT INTO `ait_aitsu_article_property` VALUES (248,526,'O:8:\"stdClass\":2:{s:15:\"defaultTemplate\";s:4:\"none\";s:8:\"template\";O:8:\"stdClass\":4:{s:4:\"none\";O:8:\"stdClass\":2:{s:4:\"name\";s:14:\"default (none)\";s:4:\"file\";s:41:\"templates/body/main/subcolumns/none.phtml\";}s:3:\"100\";O:8:\"stdClass\":2:{s:4:\"name\";s:4:\"100%\";s:4:\"file\";s:40:\"templates/body/main/subcolumns/100.phtml\";}s:5:\"25_75\";O:8:\"stdClass\":2:{s:4:\"name\";s:9:\"25% | 75%\";s:4:\"file\";s:42:\"templates/body/main/subcolumns/25_75.phtml\";}s:8:\"33_33_33\";O:8:\"stdClass\":2:{s:4:\"name\";s:15:\"33% | 33% | 33%\";s:4:\"file\";s:45:\"templates/body/main/subcolumns/33_33_33.phtml\";}}}',NULL,NULL);
INSERT INTO `ait_aitsu_article_property` VALUES (248,527,'O:8:\"stdClass\":2:{s:15:\"defaultTemplate\";s:4:\"none\";s:8:\"template\";O:8:\"stdClass\":4:{s:4:\"none\";O:8:\"stdClass\":2:{s:4:\"name\";s:14:\"default (none)\";s:4:\"file\";s:41:\"templates/body/main/subcolumns/none.phtml\";}s:3:\"100\";O:8:\"stdClass\":2:{s:4:\"name\";s:4:\"100%\";s:4:\"file\";s:40:\"templates/body/main/subcolumns/100.phtml\";}s:5:\"25_75\";O:8:\"stdClass\":2:{s:4:\"name\";s:9:\"25% | 75%\";s:4:\"file\";s:42:\"templates/body/main/subcolumns/25_75.phtml\";}s:8:\"33_33_33\";O:8:\"stdClass\":2:{s:4:\"name\";s:15:\"33% | 33% | 33%\";s:4:\"file\";s:45:\"templates/body/main/subcolumns/33_33_33.phtml\";}}}',NULL,NULL);
INSERT INTO `ait_aitsu_article_property` VALUES (248,528,'O:8:\"stdClass\":2:{s:15:\"defaultTemplate\";s:4:\"none\";s:8:\"template\";O:8:\"stdClass\":4:{s:4:\"none\";O:8:\"stdClass\":2:{s:4:\"name\";s:14:\"default (none)\";s:4:\"file\";s:41:\"templates/body/main/subcolumns/none.phtml\";}s:3:\"100\";O:8:\"stdClass\":2:{s:4:\"name\";s:4:\"100%\";s:4:\"file\";s:40:\"templates/body/main/subcolumns/100.phtml\";}s:5:\"25_75\";O:8:\"stdClass\":2:{s:4:\"name\";s:9:\"25% | 75%\";s:4:\"file\";s:42:\"templates/body/main/subcolumns/25_75.phtml\";}s:8:\"33_33_33\";O:8:\"stdClass\":2:{s:4:\"name\";s:15:\"33% | 33% | 33%\";s:4:\"file\";s:45:\"templates/body/main/subcolumns/33_33_33.phtml\";}}}',NULL,NULL);
INSERT INTO `ait_aitsu_article_property` VALUES (248,529,'O:8:\"stdClass\":2:{s:15:\"defaultTemplate\";s:4:\"none\";s:8:\"template\";O:8:\"stdClass\":4:{s:4:\"none\";O:8:\"stdClass\":2:{s:4:\"name\";s:14:\"default (none)\";s:4:\"file\";s:41:\"templates/body/main/subcolumns/none.phtml\";}s:3:\"100\";O:8:\"stdClass\":2:{s:4:\"name\";s:4:\"100%\";s:4:\"file\";s:40:\"templates/body/main/subcolumns/100.phtml\";}s:5:\"25_75\";O:8:\"stdClass\":2:{s:4:\"name\";s:9:\"25% | 75%\";s:4:\"file\";s:42:\"templates/body/main/subcolumns/25_75.phtml\";}s:8:\"33_33_33\";O:8:\"stdClass\":2:{s:4:\"name\";s:15:\"33% | 33% | 33%\";s:4:\"file\";s:45:\"templates/body/main/subcolumns/33_33_33.phtml\";}}}',NULL,NULL);
INSERT INTO `ait_aitsu_article_property` VALUES (248,531,'O:8:\"stdClass\":2:{s:15:\"defaultTemplate\";s:4:\"none\";s:8:\"template\";O:8:\"stdClass\":4:{s:4:\"none\";O:8:\"stdClass\":2:{s:4:\"name\";s:14:\"default (none)\";s:4:\"file\";s:41:\"templates/body/main/subcolumns/none.phtml\";}s:3:\"100\";O:8:\"stdClass\":2:{s:4:\"name\";s:4:\"100%\";s:4:\"file\";s:40:\"templates/body/main/subcolumns/100.phtml\";}s:5:\"25_75\";O:8:\"stdClass\":2:{s:4:\"name\";s:9:\"25% | 75%\";s:4:\"file\";s:42:\"templates/body/main/subcolumns/25_75.phtml\";}s:8:\"33_33_33\";O:8:\"stdClass\":2:{s:4:\"name\";s:15:\"33% | 33% | 33%\";s:4:\"file\";s:45:\"templates/body/main/subcolumns/33_33_33.phtml\";}}}',NULL,NULL);
INSERT INTO `ait_aitsu_article_property` VALUES (249,492,'O:8:\"stdClass\":1:{s:15:\"defaultTemplate\";s:41:\"templates/body/main/subcolumns/none.phtml\";}',NULL,NULL);
INSERT INTO `ait_aitsu_article_property` VALUES (250,492,'33_33_33',NULL,NULL);
INSERT INTO `ait_aitsu_article_property` VALUES (251,492,'50-50',NULL,NULL);
INSERT INTO `ait_aitsu_article_property` VALUES (252,492,'',NULL,NULL);
INSERT INTO `ait_aitsu_article_property` VALUES (253,492,'',NULL,NULL);
INSERT INTO `ait_aitsu_article_property` VALUES (254,492,'',NULL,NULL);
INSERT INTO `ait_aitsu_article_property` VALUES (255,526,'',NULL,NULL);
INSERT INTO `ait_aitsu_article_property` VALUES (256,526,'',NULL,NULL);
INSERT INTO `ait_aitsu_article_property` VALUES (257,526,'5.left',NULL,NULL);
INSERT INTO `ait_aitsu_article_property` VALUES (258,526,NULL,NULL,NULL);
INSERT INTO `ait_aitsu_article_property` VALUES (259,526,'',NULL,NULL);
INSERT INTO `ait_aitsu_article_property` VALUES (260,526,'',NULL,NULL);
INSERT INTO `ait_aitsu_article_property` VALUES (261,526,'',NULL,NULL);
INSERT INTO `ait_aitsu_article_property` VALUES (262,526,'',NULL,NULL);
INSERT INTO `ait_aitsu_article_property` VALUES (263,526,'',NULL,NULL);
INSERT INTO `ait_aitsu_article_property` VALUES (264,526,'',NULL,NULL);
INSERT INTO `ait_aitsu_article_property` VALUES (265,526,'',NULL,NULL);
INSERT INTO `ait_aitsu_article_property` VALUES (266,526,'a:1:{i:0;s:8:\"icon.jpg\";}',NULL,NULL);
INSERT INTO `ait_aitsu_article_property` VALUES (267,526,'',NULL,NULL);
INSERT INTO `ait_aitsu_article_property` VALUES (268,526,'5.left',NULL,NULL);
INSERT INTO `ait_aitsu_article_property` VALUES (269,526,NULL,NULL,NULL);
INSERT INTO `ait_aitsu_article_property` VALUES (270,526,'',NULL,NULL);
INSERT INTO `ait_aitsu_article_property` VALUES (271,526,'',NULL,NULL);
INSERT INTO `ait_aitsu_article_property` VALUES (272,526,'',NULL,NULL);
INSERT INTO `ait_aitsu_article_property` VALUES (273,526,'',NULL,NULL);
INSERT INTO `ait_aitsu_article_property` VALUES (274,526,'',NULL,NULL);
INSERT INTO `ait_aitsu_article_property` VALUES (275,526,'',NULL,NULL);
INSERT INTO `ait_aitsu_article_property` VALUES (276,526,'',NULL,NULL);
INSERT INTO `ait_aitsu_article_property` VALUES (277,526,'a:1:{i:0;s:8:\"icon.jpg\";}',NULL,NULL);
INSERT INTO `ait_aitsu_article_property` VALUES (278,526,'',NULL,NULL);
INSERT INTO `ait_aitsu_article_property` VALUES (279,526,'',NULL,NULL);
INSERT INTO `ait_aitsu_article_property` VALUES (280,526,'3.all_left',NULL,NULL);
INSERT INTO `ait_aitsu_article_property` VALUES (281,526,NULL,NULL,NULL);
INSERT INTO `ait_aitsu_article_property` VALUES (282,526,'',NULL,NULL);
INSERT INTO `ait_aitsu_article_property` VALUES (283,526,'',NULL,NULL);
INSERT INTO `ait_aitsu_article_property` VALUES (284,526,'',NULL,NULL);
INSERT INTO `ait_aitsu_article_property` VALUES (285,526,'',NULL,NULL);
INSERT INTO `ait_aitsu_article_property` VALUES (286,526,'',NULL,NULL);
INSERT INTO `ait_aitsu_article_property` VALUES (287,526,'',NULL,NULL);
INSERT INTO `ait_aitsu_article_property` VALUES (288,526,'',NULL,NULL);
INSERT INTO `ait_aitsu_article_property` VALUES (289,526,'a:1:{i:0;s:8:\"icon.jpg\";}',NULL,NULL);
INSERT INTO `ait_aitsu_article_property` VALUES (290,512,'1',NULL,NULL);
INSERT INTO `ait_aitsu_article_property` VALUES (291,512,'a:1:{i:0;s:28:\"aitsu_icon_alpha_120x120.png\";}',NULL,NULL);
INSERT INTO `ait_aitsu_article_property` VALUES (292,529,'5',NULL,NULL);
INSERT INTO `ait_aitsu_article_property` VALUES (293,529,'a:15:{i:0;s:23:\"autumn_leaves_00195.jpg\";i:1;s:42:\"beach_side_swimming_australia_PB181577.jpg\";i:2;s:26:\"big_wheel_tokyo_172007.jpg\";i:3;s:27:\"bush_walk_marker_080150.jpg\";i:4;s:27:\"dessert_drought_5021235.jpg\";i:5;s:29:\"drought_dead_tree_5264574.jpg\";i:6;s:28:\"frost_covered_ivy_176967.jpg\";i:7;s:32:\"frost_oak_leaf_winter_218310.jpg\";i:8;s:32:\"frosty_winter_morning_177037.jpg\";i:9;s:31:\"small_wind_turbine_P8092706.jpg\";i:10;s:25:\"stormy_beach_P1013473.jpg\";i:11;s:34:\"summer_beach_australia_2240541.jpg\";i:12;s:24:\"sunset_coast_2230302.jpg\";i:13;s:29:\"whitsunday_cruise_4220838.jpg\";i:14;s:25:\"wind_red_flag_1011403.jpg\";}',NULL,NULL);
INSERT INTO `ait_aitsu_article_property` VALUES (297,440,'inline',NULL,NULL);
INSERT INTO `ait_aitsu_article_property` VALUES (297,495,'inline',NULL,NULL);
INSERT INTO `ait_aitsu_article_property` VALUES (298,440,'http://www.aitsu.org/partner',NULL,NULL);
INSERT INTO `ait_aitsu_article_property` VALUES (298,495,'http://www.aitsu.org/partner',NULL,NULL);
INSERT INTO `ait_aitsu_article_property` VALUES (299,440,'aitsu.org/partner',NULL,NULL);
INSERT INTO `ait_aitsu_article_property` VALUES (299,495,'aitsu.org/partner',NULL,NULL);
INSERT INTO `ait_aitsu_article_property` VALUES (300,440,'Internet-Experten finden auf aitsu.org/partner',NULL,NULL);
INSERT INTO `ait_aitsu_article_property` VALUES (300,495,'Internet-Experten finden auf aitsu.org/partner',NULL,NULL);
INSERT INTO `ait_aitsu_article_property` VALUES (301,440,'_blank',NULL,NULL);
INSERT INTO `ait_aitsu_article_property` VALUES (301,495,'_blank',NULL,NULL);
INSERT INTO `ait_aitsu_article_property` VALUES (302,440,'',NULL,NULL);
INSERT INTO `ait_aitsu_article_property` VALUES (302,495,'',NULL,NULL);
INSERT INTO `ait_aitsu_article_property` VALUES (303,440,'',NULL,NULL);
INSERT INTO `ait_aitsu_article_property` VALUES (303,495,'',NULL,NULL);
INSERT INTO `ait_aitsu_article_property` VALUES (304,440,'',NULL,NULL);
INSERT INTO `ait_aitsu_article_property` VALUES (304,495,'',NULL,NULL);
INSERT INTO `ait_aitsu_article_property` VALUES (305,440,'inline',NULL,NULL);
INSERT INTO `ait_aitsu_article_property` VALUES (305,495,'inline',NULL,NULL);
INSERT INTO `ait_aitsu_article_property` VALUES (306,440,'http://www.yaml.de/',NULL,NULL);
INSERT INTO `ait_aitsu_article_property` VALUES (306,495,'http://www.yaml.de',NULL,NULL);
INSERT INTO `ait_aitsu_article_property` VALUES (307,440,'yaml.de',NULL,NULL);
INSERT INTO `ait_aitsu_article_property` VALUES (307,495,'yaml.de',NULL,NULL);
INSERT INTO `ait_aitsu_article_property` VALUES (308,440,'Informieren Sie sich ber YAML-Lizenzen',NULL,NULL);
INSERT INTO `ait_aitsu_article_property` VALUES (308,495,'Mehr ber YAML-Lizenzen lesen',NULL,NULL);
INSERT INTO `ait_aitsu_article_property` VALUES (309,440,'_blank',NULL,NULL);
INSERT INTO `ait_aitsu_article_property` VALUES (309,495,'_blank',NULL,NULL);
INSERT INTO `ait_aitsu_article_property` VALUES (310,440,'',NULL,NULL);
INSERT INTO `ait_aitsu_article_property` VALUES (310,495,'',NULL,NULL);
INSERT INTO `ait_aitsu_article_property` VALUES (311,440,'',NULL,NULL);
INSERT INTO `ait_aitsu_article_property` VALUES (311,495,'',NULL,NULL);
INSERT INTO `ait_aitsu_article_property` VALUES (312,440,'',NULL,NULL);
INSERT INTO `ait_aitsu_article_property` VALUES (312,495,'',NULL,NULL);
INSERT INTO `ait_aitsu_article_property` VALUES (313,512,'',NULL,NULL);
INSERT INTO `ait_aitsu_article_property` VALUES (314,512,'2.pre',NULL,NULL);
INSERT INTO `ait_aitsu_article_property` VALUES (315,512,'',NULL,NULL);
INSERT INTO `ait_aitsu_article_property` VALUES (316,512,'',NULL,NULL);
INSERT INTO `ait_aitsu_article_property` VALUES (317,512,'',NULL,NULL);
INSERT INTO `ait_aitsu_article_property` VALUES (318,512,'',NULL,NULL);
INSERT INTO `ait_aitsu_article_property` VALUES (319,512,'',NULL,NULL);
INSERT INTO `ait_aitsu_article_property` VALUES (320,512,'',NULL,NULL);
INSERT INTO `ait_aitsu_article_property` VALUES (321,512,'',NULL,NULL);
INSERT INTO `ait_aitsu_article_property` VALUES (322,512,'',NULL,NULL);
INSERT INTO `ait_aitsu_article_property` VALUES (323,512,'',NULL,NULL);
INSERT INTO `ait_aitsu_article_property` VALUES (324,512,'',NULL,NULL);
INSERT INTO `ait_aitsu_article_property` VALUES (325,512,'',NULL,NULL);
INSERT INTO `ait_aitsu_article_property` VALUES (326,512,'a:1:{i:0;s:28:\"aitsu_icon_alpha_120x120.png\";}',NULL,NULL);
INSERT INTO `ait_aitsu_article_property` VALUES (327,512,'',NULL,NULL);
INSERT INTO `ait_aitsu_article_property` VALUES (328,512,'',NULL,NULL);
INSERT INTO `ait_aitsu_article_property` VALUES (329,512,'',NULL,NULL);
INSERT INTO `ait_aitsu_article_property` VALUES (330,512,'',NULL,NULL);
INSERT INTO `ait_aitsu_article_property` VALUES (331,512,'a:1:{i:0;s:8:\"xls.xlsx\";}',NULL,NULL);
INSERT INTO `ait_aitsu_article_property` VALUES (332,506,'inline',NULL,NULL);
INSERT INTO `ait_aitsu_article_property` VALUES (333,506,'http://www.aitsu.org/cms/kundenlogin',NULL,NULL);
INSERT INTO `ait_aitsu_article_property` VALUES (334,506,'aitsu.org/cms/kundenlogin',NULL,NULL);
INSERT INTO `ait_aitsu_article_property` VALUES (335,506,'Kundenlogin fr kennwortgeschtzte Webseiten',NULL,NULL);
INSERT INTO `ait_aitsu_article_property` VALUES (336,506,'_blank',NULL,NULL);
INSERT INTO `ait_aitsu_article_property` VALUES (337,506,'',NULL,NULL);
INSERT INTO `ait_aitsu_article_property` VALUES (338,506,'',NULL,NULL);
INSERT INTO `ait_aitsu_article_property` VALUES (339,506,'',NULL,NULL);
INSERT INTO `ait_aitsu_article_property` VALUES (340,516,'inline',NULL,NULL);
INSERT INTO `ait_aitsu_article_property` VALUES (341,516,'http://www.aitsu.org/cms/bildskalierung/',NULL,NULL);
INSERT INTO `ait_aitsu_article_property` VALUES (342,516,'aitsu.org/cms/bildtransformation',NULL,NULL);
INSERT INTO `ait_aitsu_article_property` VALUES (343,516,'Bild-Transformationen mit aitsu CMS',NULL,NULL);
INSERT INTO `ait_aitsu_article_property` VALUES (344,516,'_blank',NULL,NULL);
INSERT INTO `ait_aitsu_article_property` VALUES (345,516,'',NULL,NULL);
INSERT INTO `ait_aitsu_article_property` VALUES (346,516,'',NULL,NULL);
INSERT INTO `ait_aitsu_article_property` VALUES (347,516,'',NULL,NULL);
INSERT INTO `ait_aitsu_article_property` VALUES (348,517,'inline',NULL,NULL);
INSERT INTO `ait_aitsu_article_property` VALUES (349,517,'http://www.aitsu.org/cms/vererbung/',NULL,NULL);
INSERT INTO `ait_aitsu_article_property` VALUES (350,517,'aitsu.org/cms/vererbung/',NULL,NULL);
INSERT INTO `ait_aitsu_article_property` VALUES (351,517,'Vererbung von CMS-Inhalten und -Konfigurationen mit aitsu CMS',NULL,NULL);
INSERT INTO `ait_aitsu_article_property` VALUES (352,517,'_blank',NULL,NULL);
INSERT INTO `ait_aitsu_article_property` VALUES (353,517,'',NULL,NULL);
INSERT INTO `ait_aitsu_article_property` VALUES (354,517,'',NULL,NULL);
INSERT INTO `ait_aitsu_article_property` VALUES (355,517,'',NULL,NULL);
INSERT INTO `ait_aitsu_article_property` VALUES (356,518,'inline',NULL,NULL);
INSERT INTO `ait_aitsu_article_property` VALUES (357,518,'http://www.aitsu.org/cms/artikel-referenzierung/',NULL,NULL);
INSERT INTO `ait_aitsu_article_property` VALUES (358,518,'aitsu.org/cms/artikel-referenzierung',NULL,NULL);
INSERT INTO `ait_aitsu_article_property` VALUES (359,518,'Referenzierung und Relationen mit aitsu CMS',NULL,NULL);
INSERT INTO `ait_aitsu_article_property` VALUES (360,518,'_blank',NULL,NULL);
INSERT INTO `ait_aitsu_article_property` VALUES (361,518,'',NULL,NULL);
INSERT INTO `ait_aitsu_article_property` VALUES (362,518,'',NULL,NULL);
INSERT INTO `ait_aitsu_article_property` VALUES (363,518,'',NULL,NULL);
CREATE TABLE `ait_aitsu_property` (  `propertyid` int(10) unsigned NOT NULL AUTO_INCREMENT,  `identifier` varchar(255) NOT NULL,  `type` enum('text','float','date','serialized') NOT NULL,  PRIMARY KEY (`propertyid`),  UNIQUE KEY `identifier` (`identifier`)) ENGINE=InnoDB AUTO_INCREMENT=364 DEFAULT CHARSET=utf8;
INSERT INTO `ait_aitsu_property` VALUES (1,'ModuleConfig_Root:Template_params','serialized');
INSERT INTO `ait_aitsu_property` VALUES (2,'ModuleConfig_Header:Template_params','serialized');
INSERT INTO `ait_aitsu_property` VALUES (3,'ModuleConfig_Navigation:Template_params','serialized');
INSERT INTO `ait_aitsu_property` VALUES (4,'ModuleConfig_Main:Template_params','serialized');
INSERT INTO `ait_aitsu_property` VALUES (5,'ModuleConfig_Footer:Template_params','serialized');
INSERT INTO `ait_aitsu_property` VALUES (6,'ModuleConfig_Col3Content:Template_params','serialized');
INSERT INTO `ait_aitsu_property` VALUES (7,'ModuleConfig_Col3Content:SubTemplate','text');
INSERT INTO `ait_aitsu_property` VALUES (8,'ModuleConfig_Col1Content:Template_params','serialized');
INSERT INTO `ait_aitsu_property` VALUES (9,'ModuleConfig_Body:Template_params','serialized');
INSERT INTO `ait_aitsu_property` VALUES (10,'ModuleConfig_Header:HeaderIllustration-Medium','text');
INSERT INTO `ait_aitsu_property` VALUES (11,'ModuleConfig_Header:HeaderIllustration-Media','serialized');
INSERT INTO `ait_aitsu_property` VALUES (12,'articleProperty:mainImage','text');
INSERT INTO `ait_aitsu_property` VALUES (13,'ModuleConfig_MainBottom:Template_params','serialized');
INSERT INTO `ait_aitsu_property` VALUES (14,'ModuleConfig_MainBottom:SubTemplate','text');
INSERT INTO `ait_aitsu_property` VALUES (15,'ModuleConfig_1:ImageTemplate','text');
INSERT INTO `ait_aitsu_property` VALUES (16,'ModuleConfig_1:Image','serialized');
INSERT INTO `ait_aitsu_property` VALUES (17,'ModuleConfig_3:ImageTemplate','text');
INSERT INTO `ait_aitsu_property` VALUES (18,'ModuleConfig_3:Image','serialized');
INSERT INTO `ait_aitsu_property` VALUES (19,'ModuleConfig_Col1Content:SubTemplate','text');
INSERT INTO `ait_aitsu_property` VALUES (34,'ModuleConfig_1:Firstname','text');
INSERT INTO `ait_aitsu_property` VALUES (35,'ModuleConfig_1:Lastname','text');
INSERT INTO `ait_aitsu_property` VALUES (36,'ModuleConfig_1:Street','text');
INSERT INTO `ait_aitsu_property` VALUES (37,'ModuleConfig_1:P.O.Box','text');
INSERT INTO `ait_aitsu_property` VALUES (38,'ModuleConfig_1:Zip','text');
INSERT INTO `ait_aitsu_property` VALUES (39,'ModuleConfig_1:City','text');
INSERT INTO `ait_aitsu_property` VALUES (40,'ModuleConfig_1:Phone','text');
INSERT INTO `ait_aitsu_property` VALUES (41,'ModuleConfig_1:Fax','text');
INSERT INTO `ait_aitsu_property` VALUES (42,'ModuleConfig_1:Website','text');
INSERT INTO `ait_aitsu_property` VALUES (43,'ModuleConfig_2:Firstname','text');
INSERT INTO `ait_aitsu_property` VALUES (44,'ModuleConfig_2:Lastname','text');
INSERT INTO `ait_aitsu_property` VALUES (45,'ModuleConfig_2:Street','text');
INSERT INTO `ait_aitsu_property` VALUES (46,'ModuleConfig_2:P.O.Box','text');
INSERT INTO `ait_aitsu_property` VALUES (47,'ModuleConfig_2:Zip','text');
INSERT INTO `ait_aitsu_property` VALUES (48,'ModuleConfig_2:City','text');
INSERT INTO `ait_aitsu_property` VALUES (49,'ModuleConfig_2:Phone','text');
INSERT INTO `ait_aitsu_property` VALUES (50,'ModuleConfig_2:Fax','text');
INSERT INTO `ait_aitsu_property` VALUES (51,'ModuleConfig_2:Website','text');
INSERT INTO `ait_aitsu_property` VALUES (52,'ModuleConfig_1:Image.Media','serialized');
INSERT INTO `ait_aitsu_property` VALUES (53,'ModuleConfig_1:Radio','text');
INSERT INTO `ait_aitsu_property` VALUES (54,'ModuleConfig_1:Checkbox','serialized');
INSERT INTO `ait_aitsu_property` VALUES (55,'ModuleConfig_1:Checkbox_1','serialized');
INSERT INTO `ait_aitsu_property` VALUES (56,'ModuleConfig_1:Image_Media','serialized');
INSERT INTO `ait_aitsu_property` VALUES (57,'ModuleConfig_1:start_time','date');
INSERT INTO `ait_aitsu_property` VALUES (58,'ModuleConfig_1:end_time','date');
INSERT INTO `ait_aitsu_property` VALUES (59,'ModuleConfig_1:remark1','text');
INSERT INTO `ait_aitsu_property` VALUES (60,'ModuleConfig_1:remark2','text');
INSERT INTO `ait_aitsu_property` VALUES (61,'ModuleConfig_1:Select_1','text');
INSERT INTO `ait_aitsu_property` VALUES (62,'ModuleConfig_1:link','text');
INSERT INTO `ait_aitsu_property` VALUES (70,'ModuleConfig_1:GoogleMapJavascript_Address','text');
INSERT INTO `ait_aitsu_property` VALUES (71,'ModuleConfig_1:GoogleMapJavascript_Name','text');
INSERT INTO `ait_aitsu_property` VALUES (72,'ModuleConfig_1:GoogleMapJavascript_Width','text');
INSERT INTO `ait_aitsu_property` VALUES (73,'ModuleConfig_1:GoogleMapJavascript_Height','text');
INSERT INTO `ait_aitsu_property` VALUES (74,'ModuleConfig_1:GoogleMapJavascript_Class','text');
INSERT INTO `ait_aitsu_property` VALUES (75,'ModuleConfig_1:GoogleMapJavascript_Zoom','text');
INSERT INTO `ait_aitsu_property` VALUES (76,'ModuleConfig_1:GoogleMapJavascript_Type','text');
INSERT INTO `ait_aitsu_property` VALUES (77,'ModuleConfig_2:GoogleMapJavascript_Address','text');
INSERT INTO `ait_aitsu_property` VALUES (78,'ModuleConfig_2:GoogleMapJavascript_Name','text');
INSERT INTO `ait_aitsu_property` VALUES (79,'ModuleConfig_2:GoogleMapJavascript_Width','text');
INSERT INTO `ait_aitsu_property` VALUES (80,'ModuleConfig_2:GoogleMapJavascript_Height','text');
INSERT INTO `ait_aitsu_property` VALUES (81,'ModuleConfig_2:GoogleMapJavascript_Class','text');
INSERT INTO `ait_aitsu_property` VALUES (82,'ModuleConfig_2:GoogleMapJavascript_Zoom','text');
INSERT INTO `ait_aitsu_property` VALUES (83,'ModuleConfig_2:GoogleMapJavascript_Type','text');
INSERT INTO `ait_aitsu_property` VALUES (84,'ModuleConfig_1:DownloadList','serialized');
INSERT INTO `ait_aitsu_property` VALUES (85,'ModuleConfig_2:Radio','text');
INSERT INTO `ait_aitsu_property` VALUES (86,'ModuleConfig_2:Checkbox_1','serialized');
INSERT INTO `ait_aitsu_property` VALUES (87,'ModuleConfig_2:start_time','date');
INSERT INTO `ait_aitsu_property` VALUES (88,'ModuleConfig_2:end_time','date');
INSERT INTO `ait_aitsu_property` VALUES (89,'ModuleConfig_2:remark1','text');
INSERT INTO `ait_aitsu_property` VALUES (90,'ModuleConfig_2:remark2','text');
INSERT INTO `ait_aitsu_property` VALUES (91,'ModuleConfig_2:Select_1','text');
INSERT INTO `ait_aitsu_property` VALUES (92,'ModuleConfig_2:link','text');
INSERT INTO `ait_aitsu_property` VALUES (93,'ModuleConfig_2:ImageTemplate','text');
INSERT INTO `ait_aitsu_property` VALUES (94,'ModuleConfig_2:Image_Media','serialized');
INSERT INTO `ait_aitsu_property` VALUES (95,'ModuleConfig_3:Radio','text');
INSERT INTO `ait_aitsu_property` VALUES (96,'ModuleConfig_3:Checkbox_1','serialized');
INSERT INTO `ait_aitsu_property` VALUES (97,'ModuleConfig_3:start_time','date');
INSERT INTO `ait_aitsu_property` VALUES (98,'ModuleConfig_3:end_time','date');
INSERT INTO `ait_aitsu_property` VALUES (99,'ModuleConfig_3:remark1','text');
INSERT INTO `ait_aitsu_property` VALUES (100,'ModuleConfig_3:remark2','text');
INSERT INTO `ait_aitsu_property` VALUES (101,'ModuleConfig_3:Select_1','text');
INSERT INTO `ait_aitsu_property` VALUES (102,'ModuleConfig_3:link','text');
INSERT INTO `ait_aitsu_property` VALUES (103,'ModuleConfig_3:Image_Media','serialized');
INSERT INTO `ait_aitsu_property` VALUES (110,'ModuleConfig_Head:Template_params','serialized');
INSERT INTO `ait_aitsu_property` VALUES (111,'ModuleConfig_Google:Template_params','serialized');
INSERT INTO `ait_aitsu_property` VALUES (112,'ModuleConfig_Teaser:Template_params','serialized');
INSERT INTO `ait_aitsu_property` VALUES (113,'ModuleConfig_Col1:Template_params','serialized');
INSERT INTO `ait_aitsu_property` VALUES (114,'ModuleConfig_Col2:Template_params','serialized');
INSERT INTO `ait_aitsu_property` VALUES (115,'ModuleConfig_Col3:Template_params','serialized');
INSERT INTO `ait_aitsu_property` VALUES (116,'ModuleConfig_Sidebar:Template_params','serialized');
INSERT INTO `ait_aitsu_property` VALUES (117,'ModuleConfig_1:TagImgMedia','serialized');
INSERT INTO `ait_aitsu_property` VALUES (118,'ModuleConfig_2:TagImgMedia','serialized');
INSERT INTO `ait_aitsu_property` VALUES (119,'ModuleConfig_3:TagImgMedia','serialized');
INSERT INTO `ait_aitsu_property` VALUES (120,'ModuleConfig_4:ImageTemplate','text');
INSERT INTO `ait_aitsu_property` VALUES (121,'ModuleConfig_4:TagImgMedia','serialized');
INSERT INTO `ait_aitsu_property` VALUES (122,'ModuleConfig_5:ImageTemplate','text');
INSERT INTO `ait_aitsu_property` VALUES (123,'ModuleConfig_5:TagImgMedia','serialized');
INSERT INTO `ait_aitsu_property` VALUES (124,'ModuleConfig_1:ImageAlign','text');
INSERT INTO `ait_aitsu_property` VALUES (125,'ModuleConfig_2:ImageAlign','text');
INSERT INTO `ait_aitsu_property` VALUES (126,'ModuleConfig_3:ImageAlign','text');
INSERT INTO `ait_aitsu_property` VALUES (127,'ModuleConfig_4:ImageAlign','text');
INSERT INTO `ait_aitsu_property` VALUES (128,'ModuleConfig_5:ImageAlign','text');
INSERT INTO `ait_aitsu_property` VALUES (129,'ModuleConfig_1:ImgDisplay','text');
INSERT INTO `ait_aitsu_property` VALUES (130,'ModuleConfig_1:ImgTemplate','text');
INSERT INTO `ait_aitsu_property` VALUES (131,'ModuleConfig_1:ImgTransform','text');
INSERT INTO `ait_aitsu_property` VALUES (132,'ModuleConfig_1:ImgWidth','text');
INSERT INTO `ait_aitsu_property` VALUES (133,'ModuleConfig_1:ImgHeight','text');
INSERT INTO `ait_aitsu_property` VALUES (134,'ModuleConfig_1:ImgAlt','text');
INSERT INTO `ait_aitsu_property` VALUES (135,'ModuleConfig_1:TagImgXTitle','text');
INSERT INTO `ait_aitsu_property` VALUES (136,'ModuleConfig_1:ImgId','text');
INSERT INTO `ait_aitsu_property` VALUES (137,'ModuleConfig_1:ImgClass','text');
INSERT INTO `ait_aitsu_property` VALUES (138,'ModuleConfig_1:ImgStyle','text');
INSERT INTO `ait_aitsu_property` VALUES (139,'ModuleConfig_1:ImgMedia','serialized');
INSERT INTO `ait_aitsu_property` VALUES (140,'ModuleConfig_3er:SubcolumnTemplate','text');
INSERT INTO `ait_aitsu_property` VALUES (141,'ModuleConfig_3er:TagAImgId','text');
INSERT INTO `ait_aitsu_property` VALUES (142,'ModuleConfig_3er:TagAImgClass','text');
INSERT INTO `ait_aitsu_property` VALUES (143,'ModuleConfig_3er:TagAImgStyle','text');
INSERT INTO `ait_aitsu_property` VALUES (144,'ModuleConfig_4:ImgDisplay','text');
INSERT INTO `ait_aitsu_property` VALUES (145,'ModuleConfig_4:ImgTemplate','text');
INSERT INTO `ait_aitsu_property` VALUES (146,'ModuleConfig_4:ImgTransform','text');
INSERT INTO `ait_aitsu_property` VALUES (147,'ModuleConfig_4:ImgWidth','text');
INSERT INTO `ait_aitsu_property` VALUES (148,'ModuleConfig_4:ImgHeight','text');
INSERT INTO `ait_aitsu_property` VALUES (149,'ModuleConfig_4:ImgAlt','text');
INSERT INTO `ait_aitsu_property` VALUES (150,'ModuleConfig_4:TagImgXTitle','text');
INSERT INTO `ait_aitsu_property` VALUES (151,'ModuleConfig_4:ImgId','text');
INSERT INTO `ait_aitsu_property` VALUES (152,'ModuleConfig_4:ImgClass','text');
INSERT INTO `ait_aitsu_property` VALUES (153,'ModuleConfig_4:ImgStyle','text');
INSERT INTO `ait_aitsu_property` VALUES (154,'ModuleConfig_4:ImgMedia','serialized');
INSERT INTO `ait_aitsu_property` VALUES (155,'ModuleConfig_Intern1:TagADisplay','text');
INSERT INTO `ait_aitsu_property` VALUES (156,'ModuleConfig_Intern1:TagALink','text');
INSERT INTO `ait_aitsu_property` VALUES (157,'ModuleConfig_Intern1:TagAValue','text');
INSERT INTO `ait_aitsu_property` VALUES (158,'ModuleConfig_Intern1:TagATitle','text');
INSERT INTO `ait_aitsu_property` VALUES (159,'ModuleConfig_Intern1:TagATarget','text');
INSERT INTO `ait_aitsu_property` VALUES (160,'ModuleConfig_Intern1:TagAId','text');
INSERT INTO `ait_aitsu_property` VALUES (161,'ModuleConfig_Intern1:TagAClass','text');
INSERT INTO `ait_aitsu_property` VALUES (162,'ModuleConfig_Intern1:TagAStyle','text');
INSERT INTO `ait_aitsu_property` VALUES (163,'ModuleConfig_1:BasisModulTemplate','text');
INSERT INTO `ait_aitsu_property` VALUES (164,'ModuleConfig_Bild:ImageTemplate','text');
INSERT INTO `ait_aitsu_property` VALUES (165,'ModuleConfig_Bild:Image_Media','serialized');
INSERT INTO `ait_aitsu_property` VALUES (166,'ModuleConfig_Link1:TagADisplay','text');
INSERT INTO `ait_aitsu_property` VALUES (167,'ModuleConfig_Link1:TagALink','text');
INSERT INTO `ait_aitsu_property` VALUES (168,'ModuleConfig_Link1:TagAValue','text');
INSERT INTO `ait_aitsu_property` VALUES (169,'ModuleConfig_Link1:TagATitle','text');
INSERT INTO `ait_aitsu_property` VALUES (170,'ModuleConfig_Link1:TagATarget','text');
INSERT INTO `ait_aitsu_property` VALUES (171,'ModuleConfig_Link1:TagAId','text');
INSERT INTO `ait_aitsu_property` VALUES (172,'ModuleConfig_Link1:TagAClass','text');
INSERT INTO `ait_aitsu_property` VALUES (173,'ModuleConfig_Link1:TagAStyle','text');
INSERT INTO `ait_aitsu_property` VALUES (174,'ModuleConfig_Link2:TagADisplay','text');
INSERT INTO `ait_aitsu_property` VALUES (175,'ModuleConfig_Link2:TagALink','text');
INSERT INTO `ait_aitsu_property` VALUES (176,'ModuleConfig_Link2:TagAValue','text');
INSERT INTO `ait_aitsu_property` VALUES (177,'ModuleConfig_Link2:TagATitle','text');
INSERT INTO `ait_aitsu_property` VALUES (178,'ModuleConfig_Link2:TagATarget','text');
INSERT INTO `ait_aitsu_property` VALUES (179,'ModuleConfig_Link2:TagAId','text');
INSERT INTO `ait_aitsu_property` VALUES (180,'ModuleConfig_Link2:TagAClass','text');
INSERT INTO `ait_aitsu_property` VALUES (181,'ModuleConfig_Link2:TagAStyle','text');
INSERT INTO `ait_aitsu_property` VALUES (182,'ModuleConfig_Link3:TagADisplay','text');
INSERT INTO `ait_aitsu_property` VALUES (183,'ModuleConfig_Link3:TagALink','text');
INSERT INTO `ait_aitsu_property` VALUES (184,'ModuleConfig_Link3:TagAValue','text');
INSERT INTO `ait_aitsu_property` VALUES (185,'ModuleConfig_Link3:TagATitle','text');
INSERT INTO `ait_aitsu_property` VALUES (186,'ModuleConfig_Link3:TagATarget','text');
INSERT INTO `ait_aitsu_property` VALUES (187,'ModuleConfig_Link3:TagAId','text');
INSERT INTO `ait_aitsu_property` VALUES (188,'ModuleConfig_Link3:TagAClass','text');
INSERT INTO `ait_aitsu_property` VALUES (189,'ModuleConfig_Link3:TagAStyle','text');
INSERT INTO `ait_aitsu_property` VALUES (190,'ModuleConfig_test:Teaser','text');
INSERT INTO `ait_aitsu_property` VALUES (191,'ModuleConfig_aitsucms:TagADisplay','text');
INSERT INTO `ait_aitsu_property` VALUES (192,'ModuleConfig_aitsucms:TagAHref','text');
INSERT INTO `ait_aitsu_property` VALUES (193,'ModuleConfig_aitsucms:TagAValue','text');
INSERT INTO `ait_aitsu_property` VALUES (194,'ModuleConfig_aitsucms:TagATitle','text');
INSERT INTO `ait_aitsu_property` VALUES (195,'ModuleConfig_aitsucms:TagATarget','text');
INSERT INTO `ait_aitsu_property` VALUES (196,'ModuleConfig_aitsucms:TagAId','text');
INSERT INTO `ait_aitsu_property` VALUES (197,'ModuleConfig_aitsucms:TagAClass','text');
INSERT INTO `ait_aitsu_property` VALUES (198,'ModuleConfig_aitsucms:TagAStyle','text');
INSERT INTO `ait_aitsu_property` VALUES (199,'ModuleConfig_aitsulayout:TagADisplay','text');
INSERT INTO `ait_aitsu_property` VALUES (200,'ModuleConfig_aitsulayout:TagAHref','text');
INSERT INTO `ait_aitsu_property` VALUES (201,'ModuleConfig_aitsulayout:TagAValue','text');
INSERT INTO `ait_aitsu_property` VALUES (202,'ModuleConfig_aitsulayout:TagATitle','text');
INSERT INTO `ait_aitsu_property` VALUES (203,'ModuleConfig_aitsulayout:TagATarget','text');
INSERT INTO `ait_aitsu_property` VALUES (204,'ModuleConfig_aitsulayout:TagAId','text');
INSERT INTO `ait_aitsu_property` VALUES (205,'ModuleConfig_aitsulayout:TagAClass','text');
INSERT INTO `ait_aitsu_property` VALUES (206,'ModuleConfig_aitsulayout:TagAStyle','text');
INSERT INTO `ait_aitsu_property` VALUES (207,'ModuleConfig_aitsumodule:TagADisplay','text');
INSERT INTO `ait_aitsu_property` VALUES (208,'ModuleConfig_aitsumodule:TagAHref','text');
INSERT INTO `ait_aitsu_property` VALUES (209,'ModuleConfig_aitsumodule:TagAValue','text');
INSERT INTO `ait_aitsu_property` VALUES (210,'ModuleConfig_aitsumodule:TagATitle','text');
INSERT INTO `ait_aitsu_property` VALUES (211,'ModuleConfig_aitsumodule:TagATarget','text');
INSERT INTO `ait_aitsu_property` VALUES (212,'ModuleConfig_aitsumodule:TagAId','text');
INSERT INTO `ait_aitsu_property` VALUES (213,'ModuleConfig_aitsumodule:TagAClass','text');
INSERT INTO `ait_aitsu_property` VALUES (214,'ModuleConfig_aitsumodule:TagAStyle','text');
INSERT INTO `ait_aitsu_property` VALUES (215,'ModuleConfig_aitsutemplates:TagADisplay','text');
INSERT INTO `ait_aitsu_property` VALUES (216,'ModuleConfig_aitsutemplates:TagAHref','text');
INSERT INTO `ait_aitsu_property` VALUES (217,'ModuleConfig_aitsutemplates:TagAValue','text');
INSERT INTO `ait_aitsu_property` VALUES (218,'ModuleConfig_aitsutemplates:TagATitle','text');
INSERT INTO `ait_aitsu_property` VALUES (219,'ModuleConfig_aitsutemplates:TagATarget','text');
INSERT INTO `ait_aitsu_property` VALUES (220,'ModuleConfig_aitsutemplates:TagAId','text');
INSERT INTO `ait_aitsu_property` VALUES (221,'ModuleConfig_aitsutemplates:TagAClass','text');
INSERT INTO `ait_aitsu_property` VALUES (222,'ModuleConfig_aitsutemplates:TagAStyle','text');
INSERT INTO `ait_aitsu_property` VALUES (223,'ModuleConfig_aitsuimagetransform:TagADisplay','text');
INSERT INTO `ait_aitsu_property` VALUES (224,'ModuleConfig_aitsuimagetransform:TagAHref','text');
INSERT INTO `ait_aitsu_property` VALUES (225,'ModuleConfig_aitsuimagetransform:TagAValue','text');
INSERT INTO `ait_aitsu_property` VALUES (226,'ModuleConfig_aitsuimagetransform:TagATitle','text');
INSERT INTO `ait_aitsu_property` VALUES (227,'ModuleConfig_aitsuimagetransform:TagATarget','text');
INSERT INTO `ait_aitsu_property` VALUES (228,'ModuleConfig_aitsuimagetransform:TagAId','text');
INSERT INTO `ait_aitsu_property` VALUES (229,'ModuleConfig_aitsuimagetransform:TagAClass','text');
INSERT INTO `ait_aitsu_property` VALUES (230,'ModuleConfig_aitsuimagetransform:TagAStyle','text');
INSERT INTO `ait_aitsu_property` VALUES (231,'ModuleConfig_Javascripts:Template_params','serialized');
INSERT INTO `ait_aitsu_property` VALUES (232,'ModuleConfig_CopyCol3i:Show','text');
INSERT INTO `ait_aitsu_property` VALUES (233,'ModuleConfig_test:FileValue','text');
INSERT INTO `ait_aitsu_property` VALUES (234,'ModuleConfig_test:FileId','text');
INSERT INTO `ait_aitsu_property` VALUES (235,'ModuleConfig_test:FileClass','text');
INSERT INTO `ait_aitsu_property` VALUES (236,'ModuleConfig_test:FileStyle','text');
INSERT INTO `ait_aitsu_property` VALUES (237,'ModuleConfig_test:FileMedia','serialized');
INSERT INTO `ait_aitsu_property` VALUES (238,'ModuleConfig_Test:Radio','text');
INSERT INTO `ait_aitsu_property` VALUES (239,'ModuleConfig_Test:Checkbox_1','serialized');
INSERT INTO `ait_aitsu_property` VALUES (240,'ModuleConfig_Test:start_time','date');
INSERT INTO `ait_aitsu_property` VALUES (241,'ModuleConfig_Test:end_time','date');
INSERT INTO `ait_aitsu_property` VALUES (242,'ModuleConfig_Test:remark1','text');
INSERT INTO `ait_aitsu_property` VALUES (243,'ModuleConfig_Test:remark2','text');
INSERT INTO `ait_aitsu_property` VALUES (244,'ModuleConfig_Test:Select_1','text');
INSERT INTO `ait_aitsu_property` VALUES (245,'ModuleConfig_Test:link','text');
INSERT INTO `ait_aitsu_property` VALUES (246,'ModuleConfig_Test:Image_Media','serialized');
INSERT INTO `ait_aitsu_property` VALUES (247,'ModuleConfig_Subcolumn:Template_params','serialized');
INSERT INTO `ait_aitsu_property` VALUES (248,'ModuleConfig_Subcolumn1:Template_params','serialized');
INSERT INTO `ait_aitsu_property` VALUES (249,'ModuleConfig_Subcolumn2:Template_params','serialized');
INSERT INTO `ait_aitsu_property` VALUES (250,'ModuleConfig_Subcolumn1:SubTemplate','text');
INSERT INTO `ait_aitsu_property` VALUES (251,'ModuleConfig_Sub1_1:SubcolumnTemplate','text');
INSERT INTO `ait_aitsu_property` VALUES (252,'ModuleConfig_Sub1_1:SubcolumnId','text');
INSERT INTO `ait_aitsu_property` VALUES (253,'ModuleConfig_Sub1_1:SubcolumnClass','text');
INSERT INTO `ait_aitsu_property` VALUES (254,'ModuleConfig_Sub1_1:SubcolumnStyle','text');
INSERT INTO `ait_aitsu_property` VALUES (255,'ModuleConfig_1:TagImgTitle','text');
INSERT INTO `ait_aitsu_property` VALUES (256,'ModuleConfig_2:ImgDisplay','text');
INSERT INTO `ait_aitsu_property` VALUES (257,'ModuleConfig_2:ImgTemplate','text');
INSERT INTO `ait_aitsu_property` VALUES (258,'ModuleConfig_2:ImgTransform','text');
INSERT INTO `ait_aitsu_property` VALUES (259,'ModuleConfig_2:ImgWidth','text');
INSERT INTO `ait_aitsu_property` VALUES (260,'ModuleConfig_2:ImgHeight','text');
INSERT INTO `ait_aitsu_property` VALUES (261,'ModuleConfig_2:ImgAlt','text');
INSERT INTO `ait_aitsu_property` VALUES (262,'ModuleConfig_2:TagImgTitle','text');
INSERT INTO `ait_aitsu_property` VALUES (263,'ModuleConfig_2:ImgId','text');
INSERT INTO `ait_aitsu_property` VALUES (264,'ModuleConfig_2:ImgClass','text');
INSERT INTO `ait_aitsu_property` VALUES (265,'ModuleConfig_2:ImgStyle','text');
INSERT INTO `ait_aitsu_property` VALUES (266,'ModuleConfig_2:ImgMedia','serialized');
INSERT INTO `ait_aitsu_property` VALUES (267,'ModuleConfig_3:ImgDisplay','text');
INSERT INTO `ait_aitsu_property` VALUES (268,'ModuleConfig_3:ImgTemplate','text');
INSERT INTO `ait_aitsu_property` VALUES (269,'ModuleConfig_3:ImgTransform','text');
INSERT INTO `ait_aitsu_property` VALUES (270,'ModuleConfig_3:ImgWidth','text');
INSERT INTO `ait_aitsu_property` VALUES (271,'ModuleConfig_3:ImgHeight','text');
INSERT INTO `ait_aitsu_property` VALUES (272,'ModuleConfig_3:ImgAlt','text');
INSERT INTO `ait_aitsu_property` VALUES (273,'ModuleConfig_3:TagImgTitle','text');
INSERT INTO `ait_aitsu_property` VALUES (274,'ModuleConfig_3:ImgId','text');
INSERT INTO `ait_aitsu_property` VALUES (275,'ModuleConfig_3:ImgClass','text');
INSERT INTO `ait_aitsu_property` VALUES (276,'ModuleConfig_3:ImgStyle','text');
INSERT INTO `ait_aitsu_property` VALUES (277,'ModuleConfig_3:ImgMedia','serialized');
INSERT INTO `ait_aitsu_property` VALUES (278,'ModuleConfig_4:TagImgTitle','text');
INSERT INTO `ait_aitsu_property` VALUES (279,'ModuleConfig_5:ImgDisplay','text');
INSERT INTO `ait_aitsu_property` VALUES (280,'ModuleConfig_5:ImgTemplate','text');
INSERT INTO `ait_aitsu_property` VALUES (281,'ModuleConfig_5:ImgTransform','text');
INSERT INTO `ait_aitsu_property` VALUES (282,'ModuleConfig_5:ImgWidth','text');
INSERT INTO `ait_aitsu_property` VALUES (283,'ModuleConfig_5:ImgHeight','text');
INSERT INTO `ait_aitsu_property` VALUES (284,'ModuleConfig_5:ImgAlt','text');
INSERT INTO `ait_aitsu_property` VALUES (285,'ModuleConfig_5:TagImgTitle','text');
INSERT INTO `ait_aitsu_property` VALUES (286,'ModuleConfig_5:ImgId','text');
INSERT INTO `ait_aitsu_property` VALUES (287,'ModuleConfig_5:ImgClass','text');
INSERT INTO `ait_aitsu_property` VALUES (288,'ModuleConfig_5:ImgStyle','text');
INSERT INTO `ait_aitsu_property` VALUES (289,'ModuleConfig_5:ImgMedia','serialized');
INSERT INTO `ait_aitsu_property` VALUES (290,'ModuleConfig_2:GalleryModulo','text');
INSERT INTO `ait_aitsu_property` VALUES (291,'ModuleConfig_2:GalleryMedia','serialized');
INSERT INTO `ait_aitsu_property` VALUES (292,'ModuleConfig_GalleryGrouped:GalleryModulo','text');
INSERT INTO `ait_aitsu_property` VALUES (293,'ModuleConfig_GalleryGrouped:GalleryMedia','serialized');
INSERT INTO `ait_aitsu_property` VALUES (294,'ModuleConfig_Pdf:PdfLinktext','text');
INSERT INTO `ait_aitsu_property` VALUES (295,'ModuleConfig_Pdf:PdfFile','serialized');
INSERT INTO `ait_aitsu_property` VALUES (296,'ModuleConfig_Pdf:FileExtension','text');
INSERT INTO `ait_aitsu_property` VALUES (297,'ModuleConfig_aitsuPartner:TagADisplay','text');
INSERT INTO `ait_aitsu_property` VALUES (298,'ModuleConfig_aitsuPartner:TagAHref','text');
INSERT INTO `ait_aitsu_property` VALUES (299,'ModuleConfig_aitsuPartner:TagAValue','text');
INSERT INTO `ait_aitsu_property` VALUES (300,'ModuleConfig_aitsuPartner:TagATitle','text');
INSERT INTO `ait_aitsu_property` VALUES (301,'ModuleConfig_aitsuPartner:TagATarget','text');
INSERT INTO `ait_aitsu_property` VALUES (302,'ModuleConfig_aitsuPartner:TagAId','text');
INSERT INTO `ait_aitsu_property` VALUES (303,'ModuleConfig_aitsuPartner:TagAClass','text');
INSERT INTO `ait_aitsu_property` VALUES (304,'ModuleConfig_aitsuPartner:TagAStyle','text');
INSERT INTO `ait_aitsu_property` VALUES (305,'ModuleConfig_yaml:TagADisplay','text');
INSERT INTO `ait_aitsu_property` VALUES (306,'ModuleConfig_yaml:TagAHref','text');
INSERT INTO `ait_aitsu_property` VALUES (307,'ModuleConfig_yaml:TagAValue','text');
INSERT INTO `ait_aitsu_property` VALUES (308,'ModuleConfig_yaml:TagATitle','text');
INSERT INTO `ait_aitsu_property` VALUES (309,'ModuleConfig_yaml:TagATarget','text');
INSERT INTO `ait_aitsu_property` VALUES (310,'ModuleConfig_yaml:TagAId','text');
INSERT INTO `ait_aitsu_property` VALUES (311,'ModuleConfig_yaml:TagAClass','text');
INSERT INTO `ait_aitsu_property` VALUES (312,'ModuleConfig_yaml:TagAStyle','text');
INSERT INTO `ait_aitsu_property` VALUES (313,'ModuleConfig_TagImg1:ImgDisplay','text');
INSERT INTO `ait_aitsu_property` VALUES (314,'ModuleConfig_TagImg1:ImgTemplate','text');
INSERT INTO `ait_aitsu_property` VALUES (315,'ModuleConfig_TagImg1:ImgTransform','text');
INSERT INTO `ait_aitsu_property` VALUES (316,'ModuleConfig_TagImg1:ImgWidth','text');
INSERT INTO `ait_aitsu_property` VALUES (317,'ModuleConfig_TagImg1:ImgHeight','text');
INSERT INTO `ait_aitsu_property` VALUES (318,'ModuleConfig_TagImg1:ImgAlt','text');
INSERT INTO `ait_aitsu_property` VALUES (319,'ModuleConfig_TagImg1:TagImgTitle','text');
INSERT INTO `ait_aitsu_property` VALUES (320,'ModuleConfig_TagImg1:ImgId','text');
INSERT INTO `ait_aitsu_property` VALUES (321,'ModuleConfig_TagImg1:ImgClass','text');
INSERT INTO `ait_aitsu_property` VALUES (322,'ModuleConfig_TagImg1:ImgStyle','text');
INSERT INTO `ait_aitsu_property` VALUES (323,'ModuleConfig_TagImg1:ImgThumbTransform','text');
INSERT INTO `ait_aitsu_property` VALUES (324,'ModuleConfig_TagImg1:ImgThumbWidth','text');
INSERT INTO `ait_aitsu_property` VALUES (325,'ModuleConfig_TagImg1:ImgThumbHeight','text');
INSERT INTO `ait_aitsu_property` VALUES (326,'ModuleConfig_TagImg1:ImgMedia','serialized');
INSERT INTO `ait_aitsu_property` VALUES (327,'ModuleConfig_File:FileValue','text');
INSERT INTO `ait_aitsu_property` VALUES (328,'ModuleConfig_File:FileId','text');
INSERT INTO `ait_aitsu_property` VALUES (329,'ModuleConfig_File:FileClass','text');
INSERT INTO `ait_aitsu_property` VALUES (330,'ModuleConfig_File:FileStyle','text');
INSERT INTO `ait_aitsu_property` VALUES (331,'ModuleConfig_File:FileMedia','serialized');
INSERT INTO `ait_aitsu_property` VALUES (332,'ModuleConfig_Kundenlogin:TagADisplay','text');
INSERT INTO `ait_aitsu_property` VALUES (333,'ModuleConfig_Kundenlogin:TagAHref','text');
INSERT INTO `ait_aitsu_property` VALUES (334,'ModuleConfig_Kundenlogin:TagAValue','text');
INSERT INTO `ait_aitsu_property` VALUES (335,'ModuleConfig_Kundenlogin:TagATitle','text');
INSERT INTO `ait_aitsu_property` VALUES (336,'ModuleConfig_Kundenlogin:TagATarget','text');
INSERT INTO `ait_aitsu_property` VALUES (337,'ModuleConfig_Kundenlogin:TagAId','text');
INSERT INTO `ait_aitsu_property` VALUES (338,'ModuleConfig_Kundenlogin:TagAClass','text');
INSERT INTO `ait_aitsu_property` VALUES (339,'ModuleConfig_Kundenlogin:TagAStyle','text');
INSERT INTO `ait_aitsu_property` VALUES (340,'ModuleConfig_Bildtransformation:TagADisplay','text');
INSERT INTO `ait_aitsu_property` VALUES (341,'ModuleConfig_Bildtransformation:TagAHref','text');
INSERT INTO `ait_aitsu_property` VALUES (342,'ModuleConfig_Bildtransformation:TagAValue','text');
INSERT INTO `ait_aitsu_property` VALUES (343,'ModuleConfig_Bildtransformation:TagATitle','text');
INSERT INTO `ait_aitsu_property` VALUES (344,'ModuleConfig_Bildtransformation:TagATarget','text');
INSERT INTO `ait_aitsu_property` VALUES (345,'ModuleConfig_Bildtransformation:TagAId','text');
INSERT INTO `ait_aitsu_property` VALUES (346,'ModuleConfig_Bildtransformation:TagAClass','text');
INSERT INTO `ait_aitsu_property` VALUES (347,'ModuleConfig_Bildtransformation:TagAStyle','text');
INSERT INTO `ait_aitsu_property` VALUES (348,'ModuleConfig_Vererbung:TagADisplay','text');
INSERT INTO `ait_aitsu_property` VALUES (349,'ModuleConfig_Vererbung:TagAHref','text');
INSERT INTO `ait_aitsu_property` VALUES (350,'ModuleConfig_Vererbung:TagAValue','text');
INSERT INTO `ait_aitsu_property` VALUES (351,'ModuleConfig_Vererbung:TagATitle','text');
INSERT INTO `ait_aitsu_property` VALUES (352,'ModuleConfig_Vererbung:TagATarget','text');
INSERT INTO `ait_aitsu_property` VALUES (353,'ModuleConfig_Vererbung:TagAId','text');
INSERT INTO `ait_aitsu_property` VALUES (354,'ModuleConfig_Vererbung:TagAClass','text');
INSERT INTO `ait_aitsu_property` VALUES (355,'ModuleConfig_Vererbung:TagAStyle','text');
INSERT INTO `ait_aitsu_property` VALUES (356,'ModuleConfig_Referenzierung:TagADisplay','text');
INSERT INTO `ait_aitsu_property` VALUES (357,'ModuleConfig_Referenzierung:TagAHref','text');
INSERT INTO `ait_aitsu_property` VALUES (358,'ModuleConfig_Referenzierung:TagAValue','text');
INSERT INTO `ait_aitsu_property` VALUES (359,'ModuleConfig_Referenzierung:TagATitle','text');
INSERT INTO `ait_aitsu_property` VALUES (360,'ModuleConfig_Referenzierung:TagATarget','text');
INSERT INTO `ait_aitsu_property` VALUES (361,'ModuleConfig_Referenzierung:TagAId','text');
INSERT INTO `ait_aitsu_property` VALUES (362,'ModuleConfig_Referenzierung:TagAClass','text');
INSERT INTO `ait_aitsu_property` VALUES (363,'ModuleConfig_Referenzierung:TagAStyle','text');
CREATE TABLE `ait_aitsu_rewrite_history` (  `url` varchar(255) NOT NULL,  `idartlang` int(10) unsigned NOT NULL,  `created` datetime NOT NULL,  PRIMARY KEY (`url`,`idartlang`)) ENGINE=MyISAM DEFAULT CHARSET=utf8;
CREATE TABLE `ait_art` (  `idart` int(10) unsigned NOT NULL AUTO_INCREMENT,  `idclient` int(10) unsigned NOT NULL DEFAULT '0',  PRIMARY KEY (`idart`),  KEY `idclient` (`idclient`),  CONSTRAINT `ait_art_ibfk_1` FOREIGN KEY (`idclient`) REFERENCES `ait_clients` (`idclient`) ON DELETE CASCADE) ENGINE=InnoDB AUTO_INCREMENT=313 DEFAULT CHARSET=utf8;
INSERT INTO `ait_art` VALUES (224,1);
INSERT INTO `ait_art` VALUES (230,1);
INSERT INTO `ait_art` VALUES (233,1);
INSERT INTO `ait_art` VALUES (272,1);
INSERT INTO `ait_art` VALUES (273,1);
INSERT INTO `ait_art` VALUES (274,1);
INSERT INTO `ait_art` VALUES (276,1);
INSERT INTO `ait_art` VALUES (278,1);
INSERT INTO `ait_art` VALUES (286,1);
INSERT INTO `ait_art` VALUES (287,1);
INSERT INTO `ait_art` VALUES (291,1);
INSERT INTO `ait_art` VALUES (292,1);
INSERT INTO `ait_art` VALUES (293,1);
INSERT INTO `ait_art` VALUES (294,1);
INSERT INTO `ait_art` VALUES (295,1);
INSERT INTO `ait_art` VALUES (297,1);
INSERT INTO `ait_art` VALUES (298,1);
INSERT INTO `ait_art` VALUES (299,1);
INSERT INTO `ait_art` VALUES (300,1);
INSERT INTO `ait_art` VALUES (301,1);
INSERT INTO `ait_art` VALUES (302,1);
INSERT INTO `ait_art` VALUES (303,1);
INSERT INTO `ait_art` VALUES (304,1);
INSERT INTO `ait_art` VALUES (305,1);
INSERT INTO `ait_art` VALUES (306,1);
INSERT INTO `ait_art` VALUES (307,1);
INSERT INTO `ait_art` VALUES (308,1);
INSERT INTO `ait_art` VALUES (309,1);
INSERT INTO `ait_art` VALUES (310,1);
INSERT INTO `ait_art` VALUES (312,1);
CREATE TABLE `ait_art_lang` (  `idartlang` int(10) unsigned NOT NULL AUTO_INCREMENT,  `idart` int(10) unsigned NOT NULL DEFAULT '0',  `idlang` int(10) unsigned NOT NULL DEFAULT '0',  `title` varchar(255) NOT NULL,  `urlname` varchar(255) NOT NULL,  `pagetitle` varchar(255) NOT NULL,  `teasertitle` varchar(255) NOT NULL,  `summary` text,  `created` datetime NOT NULL DEFAULT '0000-00-00 00:00:00',  `lastmodified` datetime NOT NULL DEFAULT '0000-00-00 00:00:00',  `online` tinyint(1) NOT NULL DEFAULT '0',  `pubfrom` timestamp NULL DEFAULT NULL,  `pubuntil` timestamp NULL DEFAULT NULL,  `published` tinyint(3) unsigned DEFAULT NULL,  `redirect` tinyint(4) NOT NULL DEFAULT '0',  `redirect_url` varchar(255) DEFAULT NULL,  `artsort` int(10) NOT NULL DEFAULT '0',  `locked` int(1) NOT NULL DEFAULT '0',  `configsetid` int(10) unsigned DEFAULT NULL,  `config` text,  `mainimage` varchar(255) DEFAULT NULL,  PRIMARY KEY (`idartlang`),  UNIQUE KEY `idart` (`idart`,`idlang`),  KEY `idlang` (`idlang`),  KEY `title` (`title`),  KEY `pagetitle` (`pagetitle`),  KEY `configsetid` (`configsetid`),  CONSTRAINT `ait_art_lang_ibfk_1` FOREIGN KEY (`idart`) REFERENCES `ait_art` (`idart`) ON DELETE CASCADE,  CONSTRAINT `ait_art_lang_ibfk_2` FOREIGN KEY (`idlang`) REFERENCES `ait_lang` (`idlang`) ON DELETE CASCADE,  CONSTRAINT `ait_art_lang_ibfk_3` FOREIGN KEY (`configsetid`) REFERENCES `ait_configset` (`configsetid`) ON DELETE SET NULL) ENGINE=InnoDB AUTO_INCREMENT=532 DEFAULT CHARSET=utf8;
INSERT INTO `ait_art_lang` VALUES (440,224,1,'index','index','aitsu | free Open Source-CMS-Framework','','','2011-01-22 14:05:13','2011-06-17 19:32:36',1,NULL,NULL,NULL,1,NULL,0,0,NULL,'',NULL);
INSERT INTO `ait_art_lang` VALUES (446,230,1,'index','index','Seite nicht gefunden - 404','','','2010-12-27 17:37:12','2011-06-17 19:32:37',1,NULL,NULL,NULL,0,NULL,0,0,NULL,NULL,NULL);
INSERT INTO `ait_art_lang` VALUES (449,233,1,'index','index','System','','','2010-12-15 14:46:18','2011-06-17 19:32:37',1,NULL,NULL,NULL,1,'/',0,0,8,'',NULL);
INSERT INTO `ait_art_lang` VALUES (491,272,1,'index','index','Skins','','','2011-04-28 15:46:08','2011-06-17 19:32:37',1,NULL,NULL,NULL,1,NULL,0,0,NULL,NULL,NULL);
INSERT INTO `ait_art_lang` VALUES (492,273,1,'index','index','Templates','','','2011-01-31 15:35:03','2011-06-17 19:32:38',1,NULL,NULL,NULL,1,NULL,0,0,NULL,'','drought_dead_tree_5264574.jpg');
INSERT INTO `ait_art_lang` VALUES (493,274,1,'index','index','Module','','','2011-04-28 15:48:25','2011-06-17 19:32:38',1,NULL,NULL,NULL,1,NULL,0,0,NULL,'',NULL);
INSERT INTO `ait_art_lang` VALUES (495,276,1,'index','index','aitsu | Open Source-CMS-Framework','','','2011-02-13 00:37:33','2011-06-17 19:32:38',1,NULL,NULL,NULL,1,'/',0,0,8,'',NULL);
INSERT INTO `ait_art_lang` VALUES (497,278,1,'index','index','Google.Maps.Javascript','','Google Maps Javascript API Referenzimplementierung.','2011-01-22 14:10:47','2011-06-17 19:32:39',1,NULL,NULL,NULL,1,NULL,0,0,NULL,NULL,NULL);
INSERT INTO `ait_art_lang` VALUES (505,286,1,'index','index','','','','2010-11-23 20:31:45','2011-06-17 19:32:39',1,NULL,NULL,NULL,1,'/',0,0,8,NULL,NULL);
INSERT INTO `ait_art_lang` VALUES (506,287,1,'index','index','Geschtzter Bereich','','','2011-02-12 01:45:50','2011-06-17 19:32:39',1,NULL,NULL,NULL,1,NULL,0,0,NULL,'',NULL);
INSERT INTO `ait_art_lang` VALUES (510,291,1,'index','index','Login','','','2010-11-29 21:04:18','2011-06-17 19:32:40',1,NULL,NULL,NULL,1,NULL,0,0,NULL,NULL,NULL);
INSERT INTO `ait_art_lang` VALUES (511,292,1,'index','index','Elemente','','','2011-04-28 15:27:10','2011-06-17 19:32:40',1,NULL,NULL,NULL,1,NULL,0,0,NULL,NULL,NULL);
INSERT INTO `ait_art_lang` VALUES (512,293,1,'index','index','Medien','','','2011-03-18 08:39:25','2011-06-17 19:32:40',1,NULL,NULL,NULL,1,NULL,0,0,NULL,NULL,NULL);
INSERT INTO `ait_art_lang` VALUES (513,294,1,'index','index','Inhalte','','','2011-02-12 01:29:08','2011-06-17 19:32:41',1,NULL,NULL,NULL,1,NULL,0,0,NULL,NULL,NULL);
INSERT INTO `ait_art_lang` VALUES (514,295,1,'index','index','Funktionen','','','2011-02-12 01:46:25','2011-06-17 19:32:41',1,NULL,NULL,NULL,1,NULL,0,0,NULL,NULL,NULL);
INSERT INTO `ait_art_lang` VALUES (516,297,1,'index','index','Bildtransformation','','','2011-02-12 01:48:58','2011-06-17 19:32:41',1,NULL,NULL,NULL,1,NULL,0,0,NULL,NULL,NULL);
INSERT INTO `ait_art_lang` VALUES (517,298,1,'index','index','Vererbung','','','2011-02-12 01:50:42','2011-06-17 19:32:42',1,NULL,NULL,NULL,1,NULL,0,0,NULL,NULL,NULL);
INSERT INTO `ait_art_lang` VALUES (518,299,1,'index','index','Referenzierung','','','2011-02-12 01:54:39','2011-06-17 19:32:42',1,NULL,NULL,NULL,1,NULL,0,0,NULL,NULL,NULL);
INSERT INTO `ait_art_lang` VALUES (519,300,1,'index','index','Beispiele','','','2011-02-13 00:35:52','2011-06-17 19:32:42',1,NULL,NULL,NULL,1,NULL,0,0,NULL,NULL,NULL);
INSERT INTO `ait_art_lang` VALUES (520,301,1,'index','index','Service','','','2011-02-14 00:16:10','2011-06-17 19:32:42',1,NULL,NULL,NULL,1,'/',0,0,8,'',NULL);
INSERT INTO `ait_art_lang` VALUES (521,302,1,'index','index','Hilfe','','','2011-02-14 00:17:33','2011-06-17 19:32:43',1,NULL,NULL,NULL,1,NULL,0,0,NULL,NULL,NULL);
INSERT INTO `ait_art_lang` VALUES (522,303,1,'index','index','Management','','','2011-04-28 17:22:47','2011-06-17 19:32:43',1,NULL,NULL,NULL,1,NULL,0,0,NULL,NULL,NULL);
INSERT INTO `ait_art_lang` VALUES (523,304,1,'index','index','System','','','2011-04-28 17:49:24','2011-06-17 19:32:43',1,NULL,NULL,NULL,1,NULL,0,0,NULL,NULL,NULL);
INSERT INTO `ait_art_lang` VALUES (524,305,1,'index','index','Shortcode','','','2011-04-28 19:00:20','2011-06-17 19:32:43',1,NULL,NULL,NULL,1,NULL,0,0,NULL,NULL,NULL);
INSERT INTO `ait_art_lang` VALUES (525,306,1,'index','index','Sprechende URLs','','','2011-04-28 20:25:57','2011-06-17 19:32:44',1,NULL,NULL,NULL,1,NULL,0,0,NULL,NULL,NULL);
INSERT INTO `ait_art_lang` VALUES (526,307,1,'index','index','Inhalte','','','2011-05-26 17:42:13','2011-06-17 19:32:44',1,NULL,NULL,NULL,1,NULL,0,0,NULL,NULL,NULL);
INSERT INTO `ait_art_lang` VALUES (527,308,1,'index','index','Kontaktformular','','','2011-05-27 09:58:33','2011-06-17 19:32:44',1,NULL,NULL,NULL,1,NULL,0,0,NULL,NULL,NULL);
INSERT INTO `ait_art_lang` VALUES (528,309,1,'index','index','Vielen Dank fr Ihre Nachricht','','','2011-05-27 11:53:03','2011-06-17 19:32:44',1,NULL,NULL,NULL,1,NULL,0,0,NULL,NULL,NULL);
INSERT INTO `ait_art_lang` VALUES (529,310,1,'index','index','Beispiel Bildergalerie','','','2011-05-31 00:20:25','2011-06-17 19:32:45',1,NULL,NULL,NULL,1,NULL,0,0,NULL,NULL,NULL);
INSERT INTO `ait_art_lang` VALUES (531,312,1,'index','index','Mens bei aitsu CMS','','','2011-06-16 18:30:00','2011-06-17 19:32:45',1,NULL,NULL,NULL,1,NULL,0,0,NULL,NULL,NULL);
CREATE TABLE `ait_art_meta` (  `idartlang` int(10) unsigned NOT NULL,  `description` text NOT NULL,  `author` varchar(255) NOT NULL,  `keywords` text NOT NULL,  `date` date DEFAULT NULL,  `expires` date DEFAULT NULL,  `robots` varchar(255) NOT NULL,  `dctitle` varchar(255) NOT NULL,  `dccreator` varchar(255) NOT NULL,  `dcsubject` varchar(255) NOT NULL,  `dcpublisher` varchar(255) NOT NULL,  `dccontributor` varchar(255) NOT NULL,  `dcdate` varchar(255) NOT NULL,  `dctype` varchar(255) NOT NULL,  `dcformat` varchar(255) NOT NULL,  `dcidentifier` varchar(255) NOT NULL,  `dcsource` varchar(255) NOT NULL,  `dclanguage` varchar(255) NOT NULL,  `dcrelation` varchar(255) NOT NULL,  `cdcoverage` varchar(255) NOT NULL,  `dcrights` varchar(255) NOT NULL,  PRIMARY KEY (`idartlang`),  CONSTRAINT `ait_art_meta_ibfk_1` FOREIGN KEY (`idartlang`) REFERENCES `ait_art_lang` (`idartlang`) ON DELETE CASCADE) ENGINE=InnoDB DEFAULT CHARSET=utf8;
INSERT INTO `ait_art_meta` VALUES (440,'Das wohl schnellste Open Source CMS-Framework seiner Klasse. aitsu CMS basiert auf PHP5, MySQL5 und Zend Frameworks und untersttzt jQuery, jQueryUI und YAML.','Frank Ammari','aitsu open source cms framework zend php mysql gplv3','2010-11-01',NULL,'index, follow','','','','','','','','','','','','','','');
INSERT INTO `ait_art_meta` VALUES (446,'','','',NULL,NULL,'noindex, nofollow','','','','','','','','','','','','','','');
INSERT INTO `ait_art_meta` VALUES (449,'','','',NULL,NULL,'index, follow','','','','','','','','','','','','','','');
INSERT INTO `ait_art_meta` VALUES (491,'Skins, Layouts und Themes mit aitsu CMS','Frank Ammari','Skins, Layouts, Themes, aitsu, CMS','2010-11-01',NULL,'noindex, nofollow','','','','','','','','','','','','','','');
INSERT INTO `ait_art_meta` VALUES (492,'Einfachen PHP-Kontrollstrukturen und -Operatoren fr die Darstellungslogik dynamischer Modul-Ausgaben.','Frank Ammari','PHP, Kontrollstrukturen, Operatoren, Darstellungslogik, CMS, Modul, Ausgaben','2010-11-01',NULL,'index, follow','','','','','','','','','','','','','','');
INSERT INTO `ait_art_meta` VALUES (493,'Module mit PHP, Klassen-Autoload, Caching und Shortcodes dynamische Inhalte auf der Webseite ausgeben.','Frank Ammari','Module, PHP, Klassen-Autoload, Caching, Shortcodes, dynamisch','2010-11-01',NULL,'noindex','','','','','','','','','','','','','','');
INSERT INTO `ait_art_meta` VALUES (495,'Das Online-Tutorial zu aitsu CMS. Mit Informationen und praktischen Beispielen fr einen sicheren Einstieg.','Frank Ammari','CMS, Einstieg, Beispiele, aitsu, Tutorial, Online, Online-Tutorial',NULL,NULL,'','','','','','','','','','','','','','','');
INSERT INTO `ait_art_meta` VALUES (497,'Das ist eine Beschreibung.','','',NULL,NULL,'','','','','','','','','','','','','','','');
INSERT INTO `ait_art_meta` VALUES (506,'Benutzerverwaltung mit Benutzer-Rollen-Konzept zum schnellen Aufbau eines gesicherten Kundenlogins.','Frank Ammari','Benutzer, Rollen, Benutzer-Rollen-Konzept, Login, Kunden-Login, Geschtzter Kunden-Bereich',NULL,NULL,'','','','','','','','','','','','','','','');
INSERT INTO `ait_art_meta` VALUES (510,'','','',NULL,NULL,'nofollow','','','','','','','','','','','','','','');
INSERT INTO `ait_art_meta` VALUES (511,'Hier erhalten Sie Informationen ber die grundlegenden Elemente von aitsu CMS','Frank Ammari','Elemente, aitsu, CMS, Grundlagen, Funktionsweise',NULL,NULL,'','','','','','','','','','','','','','','');
INSERT INTO `ait_art_meta` VALUES (512,'Artikelzentrierte Medienverwaltung fr den schnellen Zugriff auf alle Medien (gif, jpg, png, doc, xls, swf, mov, mp3, pdf)  des aktuellen Webseiten-Artikels','Frank Ammari','Medienmanagement, Medienverwaltung, Medien, artikelzentriert, gif, jpg, png, doc, xls, swf, mov, mp3, pdf',NULL,NULL,'','','','','','','','','','','','','','','');
INSERT INTO `ait_art_meta` VALUES (513,'Inhalte mit dem Text-Editor oder dem HTML-Editor (ckEditor) komfortabel pflegen. Erweiterbar um XML-Editor und Wiki-Code','Frank Ammari','Text-Editor, HTML-Editor, ckEditor, XML, HTML, XHTML, Wiki, WikiCode',NULL,NULL,'','','','','','','','','','','','','','','');
INSERT INTO `ait_art_meta` VALUES (514,'Alle CMS-Funktionen von aitsu CMS auf einen Blick.','Frank Ammari','CMS, Funktionen, Funktionsweise, aitsu',NULL,NULL,'','','','','','','','','','','','','','','');
INSERT INTO `ait_art_meta` VALUES (516,'Komfortable Funktionen in der Medienverwaltung erleichtern den Umgang mit Mediendateien fr Webseiten-Artikel','Frank Ammari','Medien, Funktionen, aitsu, CMS, gif, jpg, png, swf, mov, mp3, pdf',NULL,NULL,'','','','','','','','','','','','','','','');
INSERT INTO `ait_art_meta` VALUES (517,'An einer Stelle gepflegt, berall ausgegeben. Vererbung erleichert den Umgang mit sich wiederholenden Inhalten. Eingaben werden auf oberster Ebene eingetragen und vererben sich in alle darunterliegenden Kategorien und Artikel','Frank Ammari','Vererbung, Kategorien, Artikel, wiederholende Inhalte, vererbt, aitsu, cms',NULL,NULL,'','','','','','','','','','','','','','','');
INSERT INTO `ait_art_meta` VALUES (518,'Die gegenseitige Referenzierung hilft artverwandte Themengebiete miteinander zu verlinken. Wird ein referenzierter Artikel verschoben, passt sich auch die Referenzierung an, wird er gelscht, wird auch die Referenzierung entfernt.','Frank Ammari','Referenz, gegenseitig, Referenzierung, automatisch, artverwandte Themen, Themengebiete, Vverlinkung',NULL,NULL,'','','','','','','','','','','','','','','');
INSERT INTO `ait_art_meta` VALUES (522,'Mit den Management-Funktionen haben Sie aitsu CMS fest im Griff. Legen Sie neue Benutzer, Mandanten und Sprachen an oder verwalten Sie individuelle Einstellungen mit Mappings und Konfigurationen','Frank Ammari','Management, CMS, Content Management System, aitsu Framework, Benutzer, Rollen, Rechte, Mandanten, Mappings, Konfigurationen, Syndizierung, bersetzungen',NULL,NULL,'','','','','','','','','','','','','','','');
INSERT INTO `ait_art_meta` VALUES (524,'Mit Shortcodes Funktionalitt und dynamische Modul-Ausgaben dort, wo sie gebraucht werden. Im Flietext.','Frank Ammari','Dynamische Ausgaben, Shortcode, CMS, aitsu, Flietext, Funktionen',NULL,NULL,'','','','','','','','','','','','','','','');
CREATE TABLE `ait_art_rel` (  `sidart` int(10) unsigned NOT NULL,  `tidart` int(10) unsigned NOT NULL,  `grade` int(10) unsigned NOT NULL,  PRIMARY KEY (`sidart`,`tidart`),  KEY `grade` (`grade`)) ENGINE=InnoDB DEFAULT CHARSET=utf8;
CREATE TABLE `ait_article_content` (  `idartlang` int(10) unsigned NOT NULL,  `index` varchar(20) NOT NULL,  `value` longtext NOT NULL,  `modified` datetime NOT NULL,  PRIMARY KEY (`idartlang`,`index`),  KEY `idartlang` (`idartlang`),  CONSTRAINT `ait_article_content_ibfk_1` FOREIGN KEY (`idartlang`) REFERENCES `ait_art_lang` (`idartlang`) ON DELETE CASCADE) ENGINE=InnoDB DEFAULT CHARSET=utf8;
INSERT INTO `ait_article_content` VALUES (440,'CopyCol1','<h2>\n	Herzlichen Gl&uuml;ckwunsch</h2>\n<p>\n	Und willkommen beim aitsu Content-Management-System (CMS). aitsu ist Open Source und wird fortlaufend weiterentwickelt. Haben Sie W&uuml;nsche und Anregungen, setzen Sie uns davon bitte in Kenntnis, damit wir die notwendigen Anpassungen vornehmen k&ouml;nnen.</p>\n<h3>\n	aitsu ist mehr</h3>\n<p>\n	Er&ouml;ffnen Sie sich Ihren Zugang zum aitsu Experten-Netzwerk.</p>\n<ul>\n	<li>\n		Screendesigner</li>\n	<li>\n		HTML/CSS-Programmierer</li>\n	<li>\n		PHP/SQL-Programmierer</li>\n	<li>\n		Suchmaschinen-Optimierer</li>\n	<li>\n		Internetmarketing-Profis</li>\n</ul>\n<p>\n	Jetzt Internet-Experten finden auf _[TagA:aitsuPartner].</p>\n<div class=\"info\">\n	<h3>\n		Hinweis zum Layout</h3>\n	<p>\n		Beim vorliegenden Layout handelt es sich um ein Layoutbeispiel <em>(2col_right_13</em>) aus dem YAML CSS-Framework. Wir m&ouml;chten an dieser Stelle darauf hinweisen, dass f&uuml;r die Verwendung dieses Layouts f&uuml;r eigene Zwecke eine der folgenden Bedingungen erf&uuml;llt sein muss:</p>\n	<ul>\n		<li>\n			Sie besitzen oder erwerben eine YAML-Lizenz, die Ihnen die Erstellung einer unbegrenzten Anzahl von Layouts erlaubt (Agenturlizenz) oder</li>\n		<li>\n			Sie besitzen oder erwerben eine YAML-Einzellizen f&uuml;r das geplante Projekt oder</li>\n		<li>\n			Sie bringen auf der Webseite gut sichtbar den Hinweis an, dass das Layout auf YAML basiert und verweisen mit einem Link auf die Website yaml.de.</li>\n	</ul>\n	<p>\n		Wir bitten Sie aus Gr&uuml;nden der Fairness entweder auf die Verwendung zu verzichten oder daf&uuml;r Sorge zu tragen, dass eine der ew&auml;hnten Bedingungen erf&uuml;llt ist. Mehr erfahren Sie unter _[TagA:yaml].</p>\n</div>\n<h3>\n	Sandbox</h3>\n<p>\n	In die Sandbox gelangen Sie mit Hilfe der Links in der Hauptnavigation. Wenn Sie keine Sandbox ben&ouml;tigen, k&ouml;nnen Sie die ganze Sandbox-Kategorie gefahrlos l&ouml;schen.</p>\n','2011-06-16 13:07:40');
INSERT INTO `ait_article_content` VALUES (440,'CopyCol2','<div>\n	_[BasisModul:1]</div>\n','2011-03-15 16:51:47');
INSERT INTO `ait_article_content` VALUES (440,'Headline','','2011-01-29 18:50:51');
INSERT INTO `ait_article_content` VALUES (491,'1','<!DOCTYPE html PUBLIC \"-//W3C//DTD XHTML 1.0 Transitional//EN\"\n   \"http://www.w3.org/TR/xhtml1/DTD/xhtml1-transitional.dtd\">\n<html xmlns=\"http://www.w3.org/1999/xhtml\" xml:lang=\"en\" lang=\"en\">\n  <head>\n    <link href=\"/skin/css/style.css\" rel=\"stylesheet\" type=\"text/css\" />\n    <script_ type=\"application/x-aitsu\" src=\"Template:Head\">\n      defaultTemplate = templates/head/head.phtml\n    </_script>\n  </head>\n  <body>\n    <script_ type=\"application/x-aitsu\" src=\"Template:Body\">\n      defaultTemplate = templates/body/body.phtml\n    </_script>\n  </body>\n</html>','2011-04-28 14:04:01');
INSERT INTO `ait_article_content` VALUES (491,'2','<!DOCTYPE html PUBLIC \"-//W3C//DTD XHTML 1.0 Transitional//EN\"\n   \"http://www.w3.org/TR/xhtml1/DTD/xhtml1-transitional.dtd\">\n<html xmlns=\"http://www.w3.org/1999/xhtml\" xml:lang=\"en\" lang=\"en\">\n  <head>\n    <title>Test</title>\n  </head>\n  <body>\n    <script_ type=\"application/x-aitsu\" src=\"HTML:Copy\"></_script>\n  </body>\n</html>','2011-04-28 14:08:59');
INSERT INTO `ait_article_content` VALUES (491,'CopyCol1','<h2>\n	&bdquo;&Auml;ndern Sie das Aussehen Ihrer Webseite&rdquo;</h2>\n<p>\n	Dieses Beispiel-Skin befindet sich im Verzeichnis <samp>application/skins/default</samp>. Um einen eigenen Skin anzulegen, erstellen Sie ein neues Verzeichnis <samp>application/skins/mein_skin</samp>. Ihr Skin-Verzeichnis muss die Datei <samp>index.phtml </samp>beinhalten.</p>\n<h3>\n	Beispiel index.phtml</h3>\n<div>\n	_[CodeHtml:1]</div>\n<p>\n	In diesem Beispiel haben wir den &lt;head&gt;-Teil und den &lt;body&gt;-Teil ausgelagert. Innerhalb der body.phtml lagern wir den &lt;header&gt;-, den &lt;main&gt;- und den &lt;footer&gt;-Teil ebenso aus. Sie m&uuml;ssen diesem Beispiel nicht folgen, es hat sich jedoch in der Praxis bew&auml;hrt, Templates in logische Bereiche aufzuteilen.</p>\n<div>\n	_[CodeHtml:2]</div>\n<p>\n	Dieses Beispiel zeigt eine sehr simple Skin-Datei, die ein Eingabe-Feld f&uuml;r den ckEditor startet.</p>\n<pre>\nskins\n&middot;&middot;mein_skin\n&middot;&middot;&middot;&middot;template\n&middot;&middot;&middot;&middot;&middot;&middot;head\n&middot;&middot;&middot;&middot;&middot;&middot;&middot;&middot;head.phtml\n&middot;&middot;&middot;&middot;&middot;&middot;body\n&middot;&middot;&middot;&middot;&middot;&middot;&middot;&middot;header\n&middot;&middot;&middot;&middot;&middot;&middot;&middot;&middot;&middot;&middot;header.phtml\n&middot;&middot;&middot;&middot;&middot;&middot;&middot;&middot;main\n&middot;&middot;&middot;&middot;&middot;&middot;&middot;&middot;&middot;&middot;main.phtml\n&middot;&middot;&middot;&middot;&middot;&middot;&middot;&middot;footer\n&middot;&middot;&middot;&middot;&middot;&middot;&middot;&middot;&middot;&middot;footer.phtml\n&middot;&middot;&middot;&middot;&middot;&middot;body.phtml\n&middot;&middot;&middot;&middot;index&middot;phtml\n</pre>\n<h3>\n	Pfadangaben</h3>\n<p>\n	Um Bilder, CSS- oder JS-Dateien zu referenzieren, beginnen Sie die Pfadangaben immer mit <samp>/skin</samp>. aitsu erledigt die Aufl&ouml;sung des Pfades entsprechend des in der <samp>default.ini</samp> eingestellten Skins.&nbsp;</p>\n<p>\n	_[TagA:aitsulayout]</p>\n','2011-06-17 18:45:58');
INSERT INTO `ait_article_content` VALUES (492,'1','<table>\n  <?php foreach($this->data as $data) : ?>\n  <tr>\n    <td><?php echo $data->value; ?></td>\n  </tr>\n  <?php endforeach; ?>\n</table>','2011-04-28 14:49:12');
INSERT INTO `ait_article_content` VALUES (492,'2','<script_ type=\"application/x-aitsu\" src=\"Template:Col3Content\">\n  defaultTemplate = 100\n\n  template.50_50.name = Subcolumns 50%|50%\n  template.50_50.file = templates/body/subcolumns/50_50.phtml\n\n  template.100.name = Subcolumn 100%\n  template.100.file = templates/body/subcolumns/100.phtml\n</_script>','2011-04-28 14:47:24');
INSERT INTO `ait_article_content` VALUES (492,'Andreas','<p>\n	das ist ein nackter text.</p>\n','2011-01-29 14:48:04');
INSERT INTO `ait_article_content` VALUES (492,'CopyCol1','<h2>\n	&bdquo;&Auml;ndern Sie den Aufbau Ihrer Webseite&rdquo;</h2>\n<p>\n	Templates lassen sich in Modul-Templates und Skin-Templates unterteilen. W&auml;hrend Modul-Templates die durch die Module gelieferten Daten gestalten, k&ouml;nnen mit Skin-Templates ganze Bereiche der Webseite umgestaltet werden.</p>\n<h3>\n	Modul-Templates</h3>\n<p>\n	Modul-Templates beinhalten die Darstellungslogik. &Uuml;ber einfache PHP-Kontrollstrukturen und -Operatoren gestalten Sie so die durch das Modul gelieferten Daten.</p>\n<div>\n	_[CodePhp:1]</div>\n<p>\n	In diesem Beispiel wird jeder Datensatz, den das Modul liefert, in einer Tabellenzeile ausgegeben.</p>\n<h3>\n	Skin-Templates</h3>\n<p>\n	Mit Skin-Templates &auml;ndern Sie den Aufbau Ihrer Webseite per Mausklick. Dabei brauchen Sie nicht mehr, als innerhalb Ihrer Skin-Vorlage eine Template-Weiche einzubauen.</p>\n<div>\n	_[CodeHtml:2]</div>\n<p>\n	In diesem Beispiel k&ouml;nnen Sie in der Spalte 3 zwischen einspaltig (100%) und zweispaltig (50% : 50%) umschalten. Im Skin-Verzeichnis sind einige Skin-Templates mit Template-Weichen enthalten.</p>\n<p>\n	_[TagA:aitsutemplates]</p>\n<h4>\n	Subtemplate</h4>\n<p>\n	Die Auswahl von Subtemplates erfolgt &uuml;ber den Button &bdquo;Subtemplate anzeigen/verbergen&rdquo; in der Buttonleiste der Edit-Ansicht. Klicken Sie mir der linken Maustaste auf den Button &bdquo;Subtemplate anzeigen/verbergen&rdquo;, wird ein schwarzer Auswahlblock eingeblendet. Klicken Sie mit der linken Maustaste auf diesen schwarzen Auswahlblock &ouml;ffnet sich ein Dialog-Fenster, das Ihnen verschiedene Templates zur Auswahl anbietet. Nachfolgend hier ein Beispiel.</p>\n','2011-05-26 17:33:29');
INSERT INTO `ait_article_content` VALUES (492,'CopySub1','','2011-01-29 14:50:05');
INSERT INTO `ait_article_content` VALUES (492,'CopySub1 11','<h4>\n	Spalte 1.1</h4>\n<p>\n	&Uuml;ber Modul definiert</p>\n','2011-05-26 17:37:53');
INSERT INTO `ait_article_content` VALUES (492,'CopySub1 12','<h4>\n	Spalte 1.2</h4>\n<p>\n	&Uuml;ber Modul definiert</p>\n','2011-05-26 17:37:57');
INSERT INTO `ait_article_content` VALUES (492,'CopySub2','','2011-01-26 21:02:01');
INSERT INTO `ait_article_content` VALUES (492,'CopySub3','','2011-01-26 21:02:08');
INSERT INTO `ait_article_content` VALUES (492,'Kummer','<p>\n	ddfdfgdfgddfsdfs</p>\n<p>\n	sdfsdfs</p>\n','2011-01-29 14:48:04');
INSERT INTO `ait_article_content` VALUES (492,'Sub1','<h4>\n	Spalte 1</h4>\n<p>\n	&Uuml;ber Subtemplates definiert.</p>\n<p>\n	Ein solcher Spaltenblock l&auml;sst sich auch &uuml;ber ein Shortcode-Modul erzeugen. Nachfolgend hier nun das Modul _|[Subcolumns:Sub1_1] als Beispiel.</p>\n<div>\n	_[Subcolumn:Sub1_1]</div>\n','2011-05-26 17:36:38');
INSERT INTO `ait_article_content` VALUES (492,'Sub2','<h4>\n	Spalte 2</h4>\n<p>\n	&Uuml;ber Subtemplates definiert.</p>\n','2011-05-26 17:34:11');
INSERT INTO `ait_article_content` VALUES (492,'Sub3','<h4>\n	Spalte 3</h4>\n<p>\n	&Uuml;ber Subtemplates definiert.</p>\n','2011-05-26 17:34:19');
INSERT INTO `ait_article_content` VALUES (493,'1','_|[ModuleName:Index]','2011-04-28 14:16:43');
INSERT INTO `ait_article_content` VALUES (493,'2','<script_ type=\"application/x-aitsu\" src=\"ModulName:Index\">\n    key1 = value\n    key2 = value\n</_script>','2011-04-28 14:14:07');
INSERT INTO `ait_article_content` VALUES (493,'3','<?php\n  \n  $params = Aitsu_Util :: parseSimpleIni($context[\'params\']);\n  $key1 = $params->key1;\n  $key2 = $params->key2;\n\n?>','2011-04-28 14:15:52');
INSERT INTO `ait_article_content` VALUES (493,'Copy','<p>\n	Das ist ein HTML-Text.</p>\n','2011-06-16 14:20:35');
INSERT INTO `ait_article_content` VALUES (493,'CopyCol1','<h2>\n	&bdquo;Das Salz in der Suppe&rdquo;</h2>\n<p>\n	Wann immer eine dynamische Ausgabe auf der Webseite erfolgt, ist daf&uuml;r ein Modul verantwortlich. Dies sind die grundlegenden Module:</p>\n<ul>\n	<li>\n		Navigation</li>\n	<li>\n		Artikelliste</li>\n	<li>\n		Bild</li>\n	<li>\n		Link</li>\n	<li>\n		Template</li>\n</ul>\n<p>\n	Module werden im Dateisystem abgelegt. Durch den Einsatz von Zend k&ouml;nnen Module an beliebiger Stelle gespeichert werden. Vorbelegt sind die folgenden Standard-Verzeichnisse:</p>\n<p>\n	<strong>Bis Version 2.0</strong></p>\n<ul>\n	<li>\n		<strong>Lokal </strong><em>aitsu / library / Local / Module</em></li>\n	<li>\n		<strong>Community</strong> aitsu / library / Comm / Module</li>\n	<li>\n		<strong>Default </strong><em>aitsu / library / Aitsu / Ee / Module</em></li>\n</ul>\n<p>\n	<strong>Ab Version 2.1</strong></p>\n<ul>\n	<li>\n		<strong>Skin </strong><em>aitsu / application / skins / ihr_skin_name / module</em></li>\n	<li>\n		<strong>Lokal </strong><em>aitsu / library / Local / Module</em></li>\n	<li>\n		<strong>Community</strong> aitsu / library / Comm / Module</li>\n	<li>\n		<strong>Applikation<span style=\"font-style: italic;\"> </span></strong><em>aitsu / application / modules</em></li>\n	<li>\n		<strong>Default </strong><em>aitsu / library / Aitsu / Ee / Module</em></li>\n</ul>\n<p>\n	aitsu &uuml;berpr&uuml;ft die Modul-Verzeichnisse in vorgegebenen Reihenfolge. Ein Image-Modul im Skin-Verzeichnis hat stets Vorrang gegen&uuml;ber Image-Modulen aus anderen Verzeichnissen.</p>\n<h3>\n	Module und Modul-Templates</h3>\n<p>\n	Ein Modul besteht in der Regel aus zwei Teilen. Einer Klasse <strong><em>/ModulName/Class.php</em></strong> und dessen (Modul-)Template <strong><em>/ModulName/index.phtml</em></strong>.</p>\n<p>\n	Die Besonderheit hierbei ist, dass das Template nicht an der selben Stelle liegen muss, wie die Klasse. Auch hier gilt: Ein Modul-Template im Skins-Ordner hat stets Vorrang gegen&uuml;ber den Modul-Templates aus anderen Verzeichnissen.</p>\n<h3>\n	Modul-Templates f&uuml;r Skins</h3>\n<p>\n	Ben&ouml;tigen ihr Skin eine angepasste Navigation, z.B. anstelle einer Navigation als unsortieren Liste <em><strong>&lt;ul&gt;</strong></em> eine Navigation als sortierte Liste <strong><em>&lt;ol&gt;</em></strong>, legen Sie einfach eine Kopie der entsprechenden Template-Datei <strong><em>/ModulName/index.phtml</em></strong> im Modul-Ordner des Skins an. aitsu ber&uuml;cksichtigt Ihre pers&ouml;nliche Template-Datei im Skin-Ordner anstelle der Template-Datei im Default-Ordner.</p>\n<h3>\n	Modul-Aufruf</h3>\n<p>\n	Module k&ouml;nnen auf zweierlei Art und Weise aufgerufen werden. Entweder &uuml;ber den einfachen Shortcode oder &uuml;ber den Skript-Block. Module k&ouml;nnen in Skins, Modul-Templates und im Flie&szlig;text aufgerufen werden.</p>\n<h4>\n	Shortcode</h4>\n<p>\n	Shortcodes werden mit einem Unterstrich und einer &ouml;ffnenden, eckigen Klammer eingeleitet und mit einer schlie&szlig;enden, eckigen Klammer abgeschlossen.</p>\n<div>\n	_[CodeHtml:1]</div>\n<h4>\n	Skript-Block</h4>\n<p>\n	Skript-Bl&ouml;cke sind in ihrer Schreibweise komplexer, bieten daf&uuml;r aber die M&ouml;glichkeit, Parameter zu &uuml;bergeben.</p>\n<div>\n	_[CodeHtml:2]</div>\n<p>\n	Innerhalb des Moduls k&ouml;nnen Sie wie folgt auf diese Parameter zugreifen:</p>\n<div>\n	_[CodePhp:3]</div>\n<p>\n	In beiden Varianten wird vor dem Doppelpunkt der Name des Moduls angegeben und hinter dem Doppelpunkt ein eindeutiger Bezeichner vergeben. Die Eindeutigkeit ist dabei auf den Artikel bezogen. Verwenden Sie den eindeutigen Bezeichner innerhalb des selben Artikels ein weiteres Mal, k&ouml;nnen Sie auch dort auf die Werte der Modulkonfiguration zugreifen. Lesen Sie mehr &uuml;ber _[TagA:aitsumodule]</p>\n<h4>\n	Das Test-Modul &bdquo;Config&rdquo;</h4>\n<p>\n	Nachfolgend ein Test-Modul mit m&ouml;glichen Konfigurationen und den daraus resultierenden Ausgaben.</p>\n<p>\n	_[Config:Test]</p>\n','2011-06-16 13:48:10');
INSERT INTO `ait_article_content` VALUES (493,'CopySub1','','2011-01-12 12:50:54');
INSERT INTO `ait_article_content` VALUES (493,'CopySub2','','2011-01-12 12:51:02');
INSERT INTO `ait_article_content` VALUES (493,'kummer','<p>\n	test</p>\n','2011-01-07 14:58:26');
INSERT INTO `ait_article_content` VALUES (493,'kummer2','<p>\n	und noch einer</p>\n','2011-01-07 14:58:33');
INSERT INTO `ait_article_content` VALUES (495,'CopyCol1','<h2>\n	Herzlichen Gl&uuml;ckwunsch</h2>\n<p>\n	Und willkommen beim aitsu Content-Management-System (CMS). aitsu ist Open Source und wird fortlaufend weiterentwickelt. Haben Sie W&uuml;nsche und Anregungen, setzen Sie uns davon bitte in Kenntnis, damit wir die notwendigen Anpassungen vornehmen k&ouml;nnen.</p>\n<h3>\n	aitsu ist mehr</h3>\n<p>\n	Er&ouml;ffnen Sie sich Ihren Zugang zum aitsu Experten-Netzwerk.</p>\n<ul>\n	<li>\n		Screendesigner</li>\n	<li>\n		HTML/CSS-Programmierer</li>\n	<li>\n		PHP/SQL-Programmierer</li>\n	<li>\n		Suchmaschinen-Optimierer</li>\n	<li>\n		Internetmarketing-Profis</li>\n</ul>\n<p>\n	Jetzt Internet-Experten finden auf _[TagA:aitsuPartner].</p>\n<div class=\"info\">\n	<h3>\n		Hinweis zum Layout</h3>\n	<p>\n		Beim vorliegenden Layout handelt es sich um ein Layoutbeispiel <em>(2col_right_13</em>) aus dem YAML CSS-Framework. Wir m&ouml;chten an dieser Stelle darauf hinweisen, dass f&uuml;r die Verwendung dieses Layouts f&uuml;r eigene Zwecke eine der folgenden Bedingungen erf&uuml;llt sein muss:</p>\n	<ul>\n		<li>\n			Sie besitzen oder erwerben eine YAML-Lizenz, die Ihnen die Erstellung einer unbegrenzten Anzahl von Layouts erlaubt (Agenturlizenz) oder</li>\n		<li>\n			Sie besitzen oder erwerben eine YAML-Einzellizen f&uuml;r das geplante Projekt oder</li>\n		<li>\n			Sie bringen auf der Webseite gut sichtbar den Hinweis an, dass das Layout auf YAML basiert und verweisen mit einem Link auf die Website yaml.de.</li>\n	</ul>\n	<p>\n		Wir bitten Sie aus Gr&uuml;nden der Fairness entweder auf die Verwendung zu verzichten oder daf&uuml;r Sorge zu tragen, dass eine der ew&auml;hnten Bedingungen erf&uuml;llt ist. Mehr erfahren Sie unter _[TagA:yaml].</p>\n</div>\n<h3>\n	Sandbox</h3>\n<p>\n	In die Sandbox gelangen Sie mit Hilfe der Links in der Hauptnavigation. Wenn Sie keine Sandbox ben&ouml;tigen, k&ouml;nnen Sie die ganze Sandbox-Kategorie gefahrlos l&ouml;schen.</p>\n','2011-06-16 13:08:12');
INSERT INTO `ait_article_content` VALUES (495,'CopySub1','<p>\n	Spalte 1</p>\n','2010-11-08 15:26:28');
INSERT INTO `ait_article_content` VALUES (495,'CopySub2','<p>\n	Spalte 2</p>\n','2010-11-08 15:26:34');
INSERT INTO `ait_article_content` VALUES (495,'CopySub3','<p>\n	Spalte 3</p>\n','2010-11-08 15:26:46');
INSERT INTO `ait_article_content` VALUES (497,'CopyCol1','<div>\n	_[Google.Maps.Javascript:1]</div>\n<div>\n	&nbsp;</div>\n<div>\n	_[Google.Maps.Javascript:2]</div>\n','2011-05-27 09:57:41');
INSERT INTO `ait_article_content` VALUES (497,'CopySub1','','2010-11-19 20:05:32');
INSERT INTO `ait_article_content` VALUES (506,'CopyCol1','<p>\n	Mit aitsu k&ouml;nnen Sie kennwortgesch&uuml;tzte Benutzerbereiche einrichten. Solche Bereiche sind nur f&uuml;r Benutzer sichtbar, die sich &uuml;ber das Login-Formular authorisiert haben.</p>\n<p>\n	Um eine Kategorie zu sch&uuml;tzen, stellen Sie den Wert <strong>public </strong>auf <strong>false</strong>. Legen Sie nun die Kategorie als Resource an, indem Sie im Kategoriebaum mit der rechten Maustaste auf den Kategorienamen klicken und Als Resource anlegen klicken.&nbsp;</p>\n<p>\n	Wechseln Sie nun unter <strong>Management </strong>zu<strong> Benutzer, Rollen, Rechte</strong> und erstellen Sie eine <strong>Rolle</strong> &bdquo;Kunden&rdquo;, die auf diese Resource mit dem Recht <strong>frontend: view</strong> berechtigt ist.</p>\n<p>\n	Jetzt erstellen Sie einen <strong>Benutzer </strong>und weisem diesem die <strong>Rolle</strong> &bdquo;Kunden&rdquo; zu. Mehr Informationen zu kennwortgesch&uuml;tzen Webseiten erhalten Sie auf _[TagA:Kundenlogin].</p>\n','2011-06-16 17:37:58');
INSERT INTO `ait_article_content` VALUES (510,'CopyCol1','<p>\n	_[CUG.Login:1]</p>\n','2010-11-29 21:18:29');
INSERT INTO `ait_article_content` VALUES (511,'CopyCol1','<p>\n	F&uuml;r den Aufbau eines Web-Projektes mit aitsu ben&ouml;tigten wir einige grundlegende Elemente:</p>\n<ul>\n	<li>\n		Skins</li>\n	<li>\n		Module</li>\n	<li>\n		Templates</li>\n	<li>\n		Medien</li>\n	<li>\n		<div>\n			Inhalte</div>\n	</li>\n</ul>\n<h3>\n	Skins</h3>\n<p>\n	Skins beschreiben das Aussehen ihres Web-Projektes. In einem Skin-Verzeichnis werden die Vorlagen des Webdesigners eingearbeitet.</p>\n<h3>\n	Module</h3>\n<p>\n	Module liefern den Content und stellen die Schnittstelle zwischen Skin und Datenbank / Dateisystem dar. Module werde innerhalb von Skins eingebettet. Shortcode-Module k&ouml;nnen auch im Flie&szlig;text eingebettet werden.</p>\n<h3>\n	Templates</h3>\n<p>\n	Templates gestalten den Content, der durch Module zur Verf&uuml;gung gestellt wird. Die Darstellungslogik wird hier in Form von PHP-Kontrollstrukturen und -Operatoren erstellt.</p>\n<h3>\n	Medien</h3>\n<p>\n	In der Medienverwaltung werden s&auml;mtliche Medien artikelzentriert verwaltet. Eine Mediendatei (jpg, gif, png, exl, doc, swf, mov, mp3, avi, mpeg, pdf), die in den Webseiten-Artikel eingebettet werden soll, wird zuvor hochgeladen.</p>\n<h3>\n	Inhalte</h3>\n<p>\n	Inhalte k&ouml;nnen mit einem Text-Editor oder mit einem HTML-Editor (ckEditor) eingepflegt werden. Mit Shortcode-Modulen werden im Flie&szlig;text z.B. Bildergalerien oder Formulare eingebettet.</p>\n<p>\n	_[TagA:aitsucms]</p>\n','2011-05-26 14:50:39');
INSERT INTO `ait_article_content` VALUES (511,'CopyCol3i','','2011-05-26 14:37:44');
INSERT INTO `ait_article_content` VALUES (512,'Copy3er1','<p>\n	_[TagImg:4]</p>\n','2011-03-07 11:21:23');
INSERT INTO `ait_article_content` VALUES (512,'CopyCol1','<p>\n	Mit der Medienverwaltung verwalten Sie alle Mediendateien, die Sie f&uuml;r den vorliegenden Artikel ben&ouml;tigen. Die Medienverwaltung bietet das Hochladen von Mediendateien mit Drag&#39;n Drop (Firefox) und Massen-Upload. Dabei wird das Hochladen der Mediendateien automatisch im Hintergrund erledigt.</p>\n<p>\n	Mit der artikelzentrierten Medienverwaltung hat das Suchen in einer zentralen Medienverwaltung somit ein Ende. Medien, die Sie im Artikel &auml;ndern wollen, finden Sie auch genau dort; im Reiter (Tab) &bdquo;Medien&rdquo; des Artikels.</p>\n<h3>\n	Mediennamen</h3>\n<p>\n	aitsu verwaltet Medien &uuml;ber eine eindeutige Medien-ID. Dadurch sind Sie auch frei bei der Vergabe des Dateinames. Hier &uuml;bernimmt aitsu die Namensaufl&ouml;sung. Im Gegensatz zu Windows-Systemen unterscheiden Linux-basierte System zwischen Gro&szlig;- und Kleinbuchstaben. Benutzen Sie deshalb bei der Vergabe von Dateinamen m&ouml;glichst nur Kleinbuchstaben [<strong>a-z</strong>], den Binde- und den Unterstrich [<strong>-_</strong>] sowie Zahlen [<strong>0-9</strong>] und verzichten Sie auf Gro&szlig;buchstaben, Leerzeichen und Sonderzeichen.</p>\n<h3>\n	Grafiken einbinden</h3>\n<p>\n	Grafiken werden &uuml;ber den Shortcode _|[TagImg:<strong>n</strong>] eingef&uuml;gt. Dabei beschreibt <strong>n</strong> den eindeutigen Bezeichner des Moduls.</p>\n<div>\n	_[TagImg:TagImg1]</div>\n<h3>\n	Dateien einbinden</h3>\n<p>\n	aitsu ist nicht auf bestimmte Dateitypen beschr&auml;nkt. Prinzipiell k&ouml;nnen Sie also jeden Dateityp hochladen und in die Webseite einbinden. &Uuml;ber den Shortcode _|[File:<strong>n</strong>] f&uuml;gen Sie Ihre Dateien ein.</p>\n<div>\n	_[File:File]</div>\n','2011-06-16 14:55:48');
INSERT INTO `ait_article_content` VALUES (512,'CopyCol2','','2011-04-28 14:55:27');
INSERT INTO `ait_article_content` VALUES (513,'CopyCol1','<p>\n	Unter Content verwalten Sie alle Inhalte, Kategorien, Artikel und Medien. Bei der Erstellung der Internetadressen der Webseiten-Artikel entfernt aitsu die erste Ebene des Kategoriebaums.</p>\n<p>\n	Dadurch k&ouml;nnen Sie diese erste Ebene f&uuml;r die logische Gruppierung in Haupt-Inhalte (main), Service-Inhalte wie Impressum oder Kontakt und System-Seiten wie Fehlerseite, Login-Seite oder Danke-Seite nutzen. Durch das Mapping von Domains auf Kategorie-Pfade, k&ouml;nnen Sie die erste Ebene auch f&uuml;r unterschiedliche Domains nutzen.</p>\n<h3>\n	Neue Kategorien</h3>\n<p>\n	Mit einem Klick der rechten Maustaste innerhalb der Kategoriebaum-Ansicht erhalten Sie das Kategorie-Kontext-Men&uuml;. Um eine neue Unterkategorie zu erstellen klicken Sie mit der linken Maustaste auf&nbsp; <strong>Neue Unterkategorie erstellen</strong>. Klicken Sie nun mit der linken Maustaste auf den Kategorienamen, gelangen Sie in die Kategorie-Eigenschaften. Hier &auml;ndern Sie die Eigenschaften Ihrer neuen Kategorie. Neue Kategorien erscheinen auf der Webseite in Form neuer Navigationslinks.</p>\n<h3>\n	Neue Artikel</h3>\n<p>\n	Innerhalb einer Kategorie k&ouml;nnen Sie eine beliebige Anzahl Artikel erstellen. Jeder Artikel kann dabei eine Seite Ihres Web-Auftritts repr&auml;sentieren. Der erste Artikel einer Kategorie sollte &bdquo;index&rdquo; hei&szlig;en. Alle anderen Artikel in einer Kategorie sollten eindeutige Titel-Bezeichner haben.</p>\n<h3>\n	Inhalte ver&ouml;ffentlichen</h3>\n<p>\n	Damit ein Webseiten-Artikel in Ihrem Web-Auftritt erreichbar ist, m&uuml;ssen folgende Dingen erf&uuml;llt sein:</p>\n<ul>\n	<li>\n		Die Kategorie, in der der Artikel sich befindet, muss sichtbar (visible=true) und &ouml;ffentlich (public=true) sein.</li>\n	<li>\n		Die Kategorie muss einen Artikel beinhalten, der als Index-Artikel (Als Index setzen) ausgezeichnet ist.</li>\n	<li>\n		Der Artikel muss online (Online stellen) gestellt sein.</li>\n</ul>\n<p>\n	Beachten Sie hierbei, dass jeder &Auml;nderung der Eigenschaften und der Inhalte auf dem Webseiten-Artikel erst sichtbar wird, wenn Sie publizieren klicken. Das gilt auch f&uuml;r das Offline-Stellen.</p>\n','2011-06-16 20:04:58');
INSERT INTO `ait_article_content` VALUES (513,'CopyCol2','','2011-04-28 15:10:08');
INSERT INTO `ait_article_content` VALUES (514,'CopyCol1','<p>\n	aitsu verf&uuml;gt von Haus aus &uuml;ber Funktionen, die bei anderen CMS erst nachtr&auml;glich installiert werden m&uuml;ssen oder gar nicht erst zur Verf&uuml;gung stehen.</p>\n<ul>\n	<li>\n		Sprechende URLs</li>\n	<li>\n		Shortcode</li>\n	<li>\n		Kundenlogin</li>\n	<li>\n		Medien</li>\n	<li>\n		Vererbung</li>\n	<li>\n		Referenzierung</li>\n</ul>\n<h3>\n	Sprechende URLs</h3>\n<p>\n	aitsu baut automatisch suchmaschinen- und nutzerfreundliche Internetadressen.</p>\n<h3>\n	Shortcode</h3>\n<p>\n	aitsu erm&ouml;glicht es Modul-Ausgaben, z.B. Bildergalerien oder Kontaktformulare, direkt im Flie&szlig;text einzusetzen. Das Erstellen eines extra Layouts oder Templates ist nicht mehr n&ouml;tig.</p>\n<h3>\n	Kundenlogin</h3>\n<p>\n	aitsu erm&ouml;glicht kennwortgesch&uuml;tzte Webseiten-Bereiche.</p>\n<h3>\n	Medien</h3>\n<p>\n	aitsu verf&uuml;gt &uuml;ber eine artikelzentrierte Medienverwaltung, kann Medien aber auch aus einem zentralen System beziehen.</p>\n<h3>\n	Vererbung</h3>\n<p>\n	Konfigurationen und Inhalte k&ouml;nnen vererbt werden. Artikel unterster Navigationsebene erben vom ihnen jeweils &uuml;bergeordneten Artikel.</p>\n<h3>\n	Referenzierung</h3>\n<p>\n	Mit der Referenzierung setzen Sie mehrere Artikel in Bezug zueinander. Wird ein Artikel gel&ouml;scht oder in eine Andere Kategorie verschoben, aktualisiert aitsu die Relationen automatisch f&uuml;r Sie.</p>\n','2011-06-16 15:09:41');
INSERT INTO `ait_article_content` VALUES (516,'Banner','<p>\n	Das ist meine _[HTML:Test] Werbebotschaft:</p>\n','2011-03-16 10:42:08');
INSERT INTO `ait_article_content` VALUES (516,'CopyCol1','<p>\n	aitsu verf&uuml;gt &uuml;ber die M&ouml;glichkeit Bilder zu transformieren, also in ihren Abmessungen zu ver&auml;ndern. Dadurch ist es nicht mehr notwendig, Bilder in jeder erdenklichen Abmessung vorzuhalten.</p>\n<p>\n	Konkret bedeutet das, dass Sie eine Bilddatei in genau einer Abmessung hochladen und f&uuml;r Teaser, Vollbild und Bildvorschau (Thumbnail) einsetzen k&ouml;nnen.</p>\n<p>\n	Die Darstellung der Bilder in der richtigen Abmessung &uuml;bernimmt aitsu f&uuml;r Sie. Auf Wunsch sogar zur Laufzeit.</p>\n<p>\n	M&ouml;gliche Bild-Transformationen:</p>\n<ul>\n	<li>\n		Skalieren</li>\n	<li>\n		Zuschneiden</li>\n	<li>\n		Fokussieren</li>\n</ul>\n<h3>\n	Skalieren</h3>\n<p>\n	Dabei erzeugt aitsu aus dem Original-Bild ein Bild, das aitsu in ein Rechteck mit Ihren Ziel-Abmessungen einschreibt.</p>\n<h3>\n	Zuschneiden</h3>\n<p>\n	Hier erzeugt aitsu aus dem Original-Bild ein Bild, das es auf Ihre Ziel-Abmessung zuschneidet. Hiermit sind auch Bild-Vergr&ouml;&szlig;erungen m&ouml;glich.</p>\n<h3>\n	Fokussieren</h3>\n<p>\n	Beim Fokussieren erzeugt aitsu aus dem Original-Bild ein Bild, das es auf Ihre Ziel-Abmessungen zuschneidete und dabei den von Ihnen festgelegten Bildausschnitt zentriert.</p>\n<p>\n	Beispiele zur Bild-Transformation finden Sie unter _[TagA:Bildtransformation].</p>\n','2011-06-16 17:50:54');
INSERT INTO `ait_article_content` VALUES (516,'CopyCol2','','2011-04-28 16:02:17');
INSERT INTO `ait_article_content` VALUES (516,'Test','<p>\n	dasgfasgdasfg</p>\n','2011-03-16 10:42:15');
INSERT INTO `ait_article_content` VALUES (517,'CopyCol1','<p>\n	Mit aitsu k&ouml;nnen Konfigurationen und Inhalte vererbt werden. Dabei erben Artikel unterster Navigationsebene von den ihnen jeweils &uuml;bergeordneten Artikeln.</p>\n<p>\n	Damit sparen Redakteure viel Zeit, da Informationen an nur einer Stelle gepflegt werden m&uuml;ssen, aber den gesamten Web-Auftritt beeinflussen k&ouml;nnen.</p>\n<h3>\n	Beispiel Versicherungskonzern</h3>\n<pre>\nhome\n  international (Banner INTL definiert)\n    amerika     (Banner INTL geerbt)\n    africa      (Banner INTL geerbt)\n    asia        (Banner INTL geerbt)\n    europe      (Banner INTL geerbt)\n      germany   (Banner DE definiert)\n        berlin  (Banner DE geerbt) \n</pre>\n<p>\n	Wenn der Redakteur jetzt den Banner DE definiert, gilt das f&uuml;r alle untergeordneten Kategorien.</p>\n<h3>\n	Eine m&ouml;gliche Reihenfolge von Vererbungen</h3>\n<ul>\n	<li>\n		config.ini (Mandant/Sprache)</li>\n	<li>\n		configSet (Management &gt; Konfigurationen)</li>\n	<li>\n		catConfig (Konfiguration als Kategorie-Eigenschaft)</li>\n	<li>\n		artConfig (Konfiguration als Artikel-Eigenschaft)</li>\n	<li>\n		modulConfig (Konfiguration aus dem Modul)</li>\n</ul>\n<p>\n	Somit kann der Entwickler festlegen, welche Konfigurationen durch den Redakteur festlegbar sind und welche in jedem Fall aus einer globalen Konfigurationsdatei kommen und nicht &uuml;berschrieben werden d&uuml;rfen. Mehr &uuml;ber Vererbung lesen Sie unter _[TagA:Vererbung].</p>\n','2011-06-16 18:15:30');
INSERT INTO `ait_article_content` VALUES (518,'CopyCol1','<p>\n	Mit der Referenzierung (CrossLinking) k&ouml;nnen Redakteure themenverwandte Webseiten-Artikel in Relation zueinander stellen. Zu einer Relation geh&ouml;ren mindestens zwei Artikel.</p>\n<p>\n	Unter dem Artikel-Reiter (Tab) w&auml;hlen Sie das Ziel der Relation. Danach sind Artikel A und Artikel B in Relation zueinander.</p>\n<h3>\n	Beispiel:</h3>\n<p>\n	Max Mustermann ist zust&auml;ndig f&uuml;r Krankenversicherungen und Unfallversicherungen, Britta Beispiel nur f&uuml;r Haftpflicht-Versicherungen. Die Referenzierung von aitsu zeigt nun unter Krankenversicherung als Ansprechpartner Max Mustermann und unter dem Ansprechpartner Max Mustermann die Zust&auml;ndigkeit f&uuml;r Krankenversicherungen und Unfallversicherungen.</p>\n<p>\n	&Auml;ndert der Redakteur unter Unfallversicherung nun den Ansprechpartner von Max Mustermann in Britta Beispiel, werden die Zust&auml;ndigkeiten auf den Seiten von Max und Britta automatisch aktualisiert.</p>\n<pre>\nhome\n  produkte\n    krankenversicherung\n    unfallversicherung\n    haftpflicht-versicherung\n  ansprechpartner\n    max mustermann\n    britta beispiel\n</pre>\n<h3>\n	Vorteile mit aitsu</h3>\n<p>\n	aitsu verwaltet diese Relationen f&uuml;r Sie. Verschieben Sie einen Artikel in eine andere Kategorie, passt aitsu die Relationen automatisch f&uuml;r Sie an. L&ouml;schen Sie einen Artikel aus einer Relation von z.B. sieben Artikeln, entfernt aitsu automatisch die Relation in alle anderen Artikel. Mehr unter _[TagA:Referenzierung].</p>\n','2011-06-16 18:38:32');
INSERT INTO `ait_article_content` VALUES (521,'CopyCol1','<p>\n	Im Forum unter <a href=\"http://aitsu.org/board/\">http://aitsu.org/board/</a></p>\n<p>\n	Bei Facebook unter <a href=\"http://www.facebook.com/cms.aitsu\">http://www.facebook.com/cms.aitsu</a></p>\n<p>\n	In der Xing-Gruppe unter <a href=\"https://www.xing.com/net/priffd060x/aitsu-cms\">https://www.xing.com/net/priffd060x/aitsu-cms</a></p>\n<p>\n	&Uuml;ber zertifizierte aitsu Partner unter <a href=\"http://www.aitsu.org/partner/\">http://www.aitsu.org/partner/</a></p>\n<p>\n	Direkt bei den aitsu Machern unter <a href=\"http://www.aitsu.org/kontakt/\">http://www.aitsu.org/kontakt/</a></p>\n','2011-05-26 12:41:27');
INSERT INTO `ait_article_content` VALUES (522,'CopyCol1','<p>\n	Unter Management erledigen Sie alle administrativen Arbeiten.</p>\n<ul>\n	<li>\n		Benutzerprofil</li>\n	<li>\n		Benutzer, Rollen und Rechte</li>\n	<li>\n		Mandanten</li>\n	<li>\n		Mappings</li>\n	<li>\n		Konfigurationen</li>\n	<li>\n		Syndizierung</li>\n	<li>\n		&Uuml;bersetzungen</li>\n	<li>\n		Skripte</li>\n</ul>\n<h3>\n	Benutzerprofil</h3>\n<p>\n	Hier verwalten Sie Ihr pers&ouml;nliches Benutzerprofil</p>\n<h3>\n	Benutzer, Rollen und Rechte</h3>\n<p>\n	Hier verwalten Sie alle Zugriffsrechte auf Ihr aitsu System</p>\n<h3>\n	Mandanten</h3>\n<p>\n	Hier verwalten Sie alle Mandanten (Web-Projekte/Domains)</p>\n<h3>\n	Mappings</h3>\n<p>\n	Hier verwalten Sie Zuordnungen von Mandanten, Domains, Sprachen und Kategorien zueinander.</p>\n<h3>\n	Konfigurationen</h3>\n<p>\n	Hier verwalten Sie Konfigurationsdateien, die Sie sp&auml;ter Kategorien und Artikeln zuweisen k&ouml;nnen. Ein Beispiel hierf&uuml;r ist die Konfiguration &bdquo;Weiterleitung&rdquo;. Sie legt fest, dass ein Artikel mit dieser Konfiguration oder innerhalb einer Kategorie mit dieser Konfiguration, keinen Bearbeiten-Reiter (Edit Tab) erh&auml;lt.</p>\n<h3>\n	Syndizierung</h3>\n<p>\n	Hier verwalten Sie den Zugriff auf Ihre weiteren aitsu Installationen. Damit k&ouml;nnen Sie z.B. zentrale Inhalte aus einer anderen aitsu Installation in Ihre Webseiten einbauen.</p>\n<h3>\n	&Uuml;bersetzungen</h3>\n<p>\n	aitsu unterst&uuml;tzt <strong>gettext</strong>. Mit <strong>gettext </strong>findet aitsu zu &uuml;bersetzende Texte z.B. aus Ihren Modul-Templates. Damit k&ouml;nnen Sie z.B. eine fest in das Template eingebaute &Uuml;berschrift&nbsp;&bdquo;Neuigkeiten&rdquo; &uuml;bersetzen. Dazu brauchen Sie lediglich die aitsu &Uuml;bersetzungsklasse <strong>Aitsu_Translate</strong> nutzen.</p>\n<div>\n	_[CodeHTML:Translate]</div>\n<h3>\n	Skripte</h3>\n<div>\n	Unter Skripte finden Sie Skripte, die Ihnen die Arbeit erleichtern. Ein Beispiel hierf&uuml;r ist das Skript <strong>Alle Artikel publizieren</strong>, mit dem Sie alle &Auml;nderungen auf einen Schlag ver&ouml;ffentlichen k&ouml;nnen. Haben Sie viele Kategorienamen umbenannt, k&ouml;nnen Sie mit <strong>Kategorie-URLs entfernen</strong>, alle Kategorie-URLs entfernen. Beim n&auml;chsten Aufruf Ihrer Webseite, werden die Kategorie-URLs neu erstellt.</div>\n','2011-06-16 20:30:22');
INSERT INTO `ait_article_content` VALUES (522,'Translate','<div class=\"newslist\">\n  <h3><?php echo Aitsu_Translate :: _(\'News\'); ?><h3/>\n  <ul>\n  <?php foreach($this->news as $news) : ?>\n     <li>...\n','2011-06-16 20:17:26');
INSERT INTO `ait_article_content` VALUES (523,'CopyCol1','<p>\n	Hier erhalten Sie Zugriff auf alle systemrelevanten Eigenschaften Ihrer aitsu Installation. F&uuml;r aitsu entwickelte Plugins werden hier aufgef&uuml;hrt.</p>\n<ul>\n	<li>\n		Data</li>\n	<li>\n		System</li>\n	<li>\n		Utilities</li>\n</ul>\n<h3>\n	Data</h3>\n<p>\n	Unter Data erreichen Sie die mit aitsu gesetzten Tags.</p>\n<h3>\n	System</h3>\n<p>\n	Unter System erreichen Sie die aitsu Log-Ansicht, in der Sie sich alle systemrelevanten Eintr&auml;ge ansehen k&ouml;nnen.</p>\n<h3>\n	Utilities</h3>\n<p>\n	Unter Utilities gelangen Sie zum UUID-Generator. Eine Funktion, die es Entwicklern erlaubt, einen f&uuml;r Ihr Modul eindeutigen Schl&uuml;ssel zu generieren.</p>\n','2011-06-16 20:24:16');
INSERT INTO `ait_article_content` VALUES (524,'1','Das ist ein Flietext. In diesem Flietext geben wir den \nShortcode _|[MeinModul:1] einfach ein. aitsu ersetzt\nden Shortcode durch die Ausgabe des Modules.','2011-04-28 19:24:12');
INSERT INTO `ait_article_content` VALUES (524,'2','An dieser Stelle geben wir die selbe Ausgabe nochmals\naus, indem wir den Shortcode _|[MeinModul:1] mit dem\nselben Index nutzen.\n\nMchten wir eine andere Konfiguration, um eine andere\nAusgabe zu erhalten, nutzen wir den Shortcode mit dem\nnchsten eindeutigen Index _|[MeinModul:2].\n\nSollen zwei Module auf die Konfiguration des jeweils \nanderen Modules reagieren, nutzen wir fr beide den \nselben Index _|[Foo:1] und _|[Bar:1].','2011-04-28 19:37:09');
INSERT INTO `ait_article_content` VALUES (524,'3','<p>Das ist eine Flietext. An dieser Stelle wollen wir nun eine\nSitemap einbauen. Dazu nutzen wir das Navigations-Modul.</p>\n\n<script_ type=\"application/x-aitsu\" src=\"Navigation:Sitemap\">\n  idcat = 1\n  template = sitemap\n</_script>\n\n<p>Hier bergeben wir nun die Kategorie-ID fr die Sitemap und \nlegen auch das Template fest.</p>\n','2011-04-28 19:52:19');
INSERT INTO `ait_article_content` VALUES (524,'CopyCol1','<h3>\n	Module im Flie&szlig;text nutzen</h3>\n<p>\n	Mit Shortcodes nutzen Sie Module im Flie&szlig;text. Dabei brauchen Sie nicht mehr zu machen, als innerhalb des Flie&szlig;textes den Namen des Modules zu schreiben.</p>\n<p>\n	_[CodeHtml:1]</p>\n<p>\n	Je nach Art des Moduls erfolgt direkt eine Ausgabe, z.B. ein Kontaktformular, oder es erscheint auf Mausklick ein Konfigurationsmen&uuml; (<em>Modal-Dialog</em>). Dort k&ouml;nnen Sie weitere Einstellungen vornehmen.</p>\n<h3>\n	Module kombinieren</h3>\n<p>\n	Shortcodes lassen sich im selben Artikel auch mehrfach einsetzen. Nutzen Sie den selben <strong>Index</strong>, um immer die selbe Ausgabe zu erhalten, oder verwenden Sie einen neuen <strong>Index</strong> um zum Beispiel unterschiedliche Konfigurationen zu nutzen.</p>\n<p>\n	_[CodeHtml:2]</p>\n<h3>\n	Verf&uuml;gbare Shortcodes</h3>\n<p>\n	Grunds&auml;tzlich ist jedes Modul shortcodef&auml;hig. Module, die sich im Layout immer an der gleichen Stelle befinden, sollten jedoch im Skin-Template zur Anwendung kommen.</p>\n<p>\n	Mit diesem Skin werden zur Zeit folgende Shortcode-Module ausgeliefert:</p>\n<ul>\n	<li>\n		Address</li>\n	<li>\n		CodeHtml</li>\n	<li>\n		CodeIni</li>\n	<li>\n		CodePhp</li>\n	<li>\n		Flash</li>\n	<li>\n		Gallery</li>\n	<li>\n		HTML</li>\n	<li>\n		HTMLi</li>\n	<li>\n		Subcolumn</li>\n	<li>\n		TagA</li>\n	<li>\n		TagAImg</li>\n	<li>\n		TagImg</li>\n</ul>\n<h3>\n	Script-Schreibweise</h3>\n<p>\n	Mit der l&auml;ngeren Script-Schreibweise k&ouml;nnen zus&auml;tzliche Parameter &uuml;bergeben werden.</p>\n<p>\n	_[CodeHtml:3]</p>','2011-04-28 19:49:24');
INSERT INTO `ait_article_content` VALUES (524,'CopyCol2','<p>\n	test</p>\n','2011-04-28 19:01:25');
INSERT INTO `ait_article_content` VALUES (524,'CopyCol3','','2011-06-16 18:37:20');
INSERT INTO `ait_article_content` VALUES (525,'aitsurewrite','; Rewriting\nrewrite.controller = Aitsu_Rewrite_Standard\nrewrite.uselang = true\nrewrite.omitfirst = true\nrewrite.modrewrite = true','2011-04-28 20:39:56');
INSERT INTO `ait_article_content` VALUES (525,'CopyCol1','<p>\n	Sprechende URLs sind benutzer- und suchmaschinenfreundlich. F&uuml;r viele Content-Management-Systeme gibt es Plugins oder Erweiterungen, die ModRewrite f&uuml;r sprechende URLs nachtr&auml;glich einbauen. aitsu bietet sprechende URLs standardm&auml;&szlig;ig an.</p>\n<h3>\n	aitsu vergisst keine Internetadresse</h3>\n<p>\n	Da die Umschreibung der Internetadressen zu suchmaschinenfreundlichen, sprechenden Internetadresse eine der Kern-Funktionen von aitsu ist, kann aitsu hier ein Plus an Komfort bieten. Denn aitsu vergisst keine Internetadressen.</p>\n<p>\n	Mit der aitsu Rewrite-History wird jede Webseiten-Adresse, die jemals aufgerufen wurde, in der Datenbank gespeichert. &Auml;ndert sich nun die Internetadresse des Webseiten-Artikels, weil Sie diesen in eine andere Kategorie verschoben haben, leitet aitsu den Besucher auf die neue sprechende Internetadresse. Dabei erhalten Suchmaschinen zus&auml;tzlich den Error-Code 301, der dar&uuml;ber informiert, das die alte Internetadresse nicht mehr g&uuml;ltig ist.</p>\n<h3>\n	Zentrale Einstellung</h3>\n<p>\n	In <strong>application/configs/config.ini</strong> k&ouml;nnen Sie alle notwendigen Einstellungen an zentraler Stelle vornehmen. Hier k&ouml;nnen Sie auch Ihren eigenen RewriteController eintragen.</p>\n<div>\n	_[CodeIni:aitsurewrite]</div>\n','2011-04-28 20:41:45');
INSERT INTO `ait_article_content` VALUES (526,'CopyCol1','<p>\n	Diese Seite zeigt Beispiele typischer Inhaltselemente und eignet sich sehr gut, um Layout und Stylesheet zu &uuml;berpr&uuml;fen.</p>\n<h2>\n	Typographic Settings</h2>\n<h3>\n	Heading Levels</h3>\n<h1>\n	H1 Heading</h1>\n<h2>\n	H2 Heading</h2>\n<h3>\n	H3 Heading</h3>\n<h4>\n	H4 Heading</h4>\n<h5>\n	H5 Heading</h5>\n<h6>\n	H6 Heading</h6>\n<hr />\n<h3>\n	Paragraphs</h3>\n<p>\n	This is a normal paragraph text. This is a normal paragraph text. This is a normal paragraph text. This is a normal paragraph text. This is a normal paragraph text. This is a normal paragraph text. This is a normal paragraph text. This is a normal paragraph text.</p>\n<p class=\"highlight\">\n	This is a paragraph text with class=&quot;highlight&quot;. This is a paragraph text with class=&quot;highlight&quot;. This is a paragraph text with class=&quot;highlight&quot;. This is a paragraph text with class=&quot;highlight&quot;. This is a paragraph text with class=&quot;highlight&quot;.</p>\n<p class=\"dimmed\">\n	This is a paragraph text with class=&quot;dimmed&quot;. This is a paragraph text with class=&quot;dimmed&quot;. This is a paragraph text with class=&quot;dimmed&quot;. This is a paragraph text with class=&quot;dimmed&quot;. This is a paragraph text with class=&quot;dimmed&quot;.</p>\n<p class=\"info\">\n	This is a paragraph text with class=&quot;info&quot;. This is a paragraph text with class=&quot;info&quot;. This is a paragraph text with class=&quot;info&quot;. This is a paragraph text with class=&quot;info&quot;. This is a paragraph text with class=&quot;info&quot;.</p>\n<p class=\"note\">\n	This is a paragraph text with class=&quot;note&quot;. This is a paragraph text with class=&quot;note&quot;. This is a paragraph text with class=&quot;note&quot;. This is a paragraph text with class=&quot;note&quot;. This is a paragraph text with class=&quot;note&quot;.</p>\n<p class=\"important\">\n	This is a paragraph text with class=&quot;important&quot;. This is a paragraph text with class=&quot;important&quot;. This is a paragraph text with class=&quot;important&quot;. This is a paragraph text with class=&quot;important&quot;. This is a paragraph text with class=&quot;important&quot;.</p>\n<p class=\"warning\">\n	This is a paragraph text with class=&quot;warning&quot;. This is a paragraph text with class=&quot;warning&quot;. This is a paragraph text with class=&quot;warning&quot;. This is a paragraph text with class=&quot;warning&quot;. This is a paragraph text with class=&quot;warning&quot;.</p>\n<hr />\n<h3>\n	Blockquotes</h3>\n<blockquote>\n	<p>\n		This is a paragraph text within a &lt;blockquote&gt; element. This is a paragraph text within a &lt;blockquote&gt; element. This is a paragraph text within a &lt;blockquote&gt; element. This is a paragraph text within a &lt;blockquote&gt; element.</p>\n</blockquote>\n<h3>\n	Preformatted Text</h3>\n<pre>\nThis is preformatted text, wrapped in a &lt;pre&gt; element. \nThis is preformatted text, wrapped in a &lt;pre&gt; element.</pre>\n<hr />\n<h3>\n	Inline Semantic Text Decoration</h3>\n<ul>\n	<li>\n		an <a href=\"#\">anchor</a> tag (&lt;a&gt;) example</li>\n	<li>\n		an <i>italics</i> and <em>emphasize</em> tag (&lt;i&gt;, &lt;em&gt;) example</li>\n	<li>\n		a <big>big</big> and <small>small</small> tag (&lt;big&gt;, &lt;small&gt;) example</li>\n	<li>\n		a <b>bold</b> and <strong>strong</strong> tag (&lt;b&gt;, &lt;strong&gt;) example</li>\n	<li>\n		an <acronym>acronym</acronym> and <abbr>abbreviation</abbr> tag (&lt;acronym&gt;, &lt;abbr&gt;) example</li>\n	<li>\n		a <cite>cite</cite> and <q>quote</q> tag (&lt;cite&gt;, &lt;q&gt; ) example</li>\n	<li>\n		a code und <dfn>definition</dfn> tag (&lt;code&gt;, &lt;dfn&gt;) example</li>\n	<li>\n		a <tt>teletype</tt> und <kbd>keyboard</kbd> tag (&lt;tt&gt;, &lt;kbd&gt;) example</li>\n	<li>\n		a <var>variable</var> and <samp>sample</samp> tag (&lt;var&gt;, &lt;samp&gt;) example</li>\n	<li>\n		an <ins>inserted</ins> and <del>deleted</del> tag (&lt;ins&gt;, &lt;del&gt;) example</li>\n	<li>\n		a <sub>subscript</sub> and <sup>superscript</sup> tag (&lt;sub&gt;, &lt;sup&gt;) example</li>\n</ul>\n<hr />\n<h3>\n	Unordered List</h3>\n<ul>\n	<li>\n		ut enim ad minim veniam</li>\n	<li>\n		occaecat cupidatat non proident\n		<ul>\n			<li>\n				facilisis semper</li>\n			<li>\n				quis ac wisi augue</li>\n			<li>\n				risus nec pretium</li>\n			<li>\n				fames scelerisque</li>\n		</ul>\n	</li>\n	<li>\n		nostrud exercitation ullamco</li>\n	<li>\n		labore et dolore magna aliqua</li>\n	<li>\n		aute irure dolor in reprehenderit in voluptate velit esse cillum dolore</li>\n</ul>\n<h3>\n	Ordered List</h3>\n<ol>\n	<li>\n		ut enim ad minim veniam\n		<ol>\n			<li>\n				facilisis semper</li>\n			<li>\n				quis ac wisi augue</li>\n			<li>\n				risus nec pretium</li>\n			<li>\n				fames scelerisque</li>\n		</ol>\n	</li>\n	<li>\n		occaecat cupidatat non proident</li>\n	<li>\n		nostrud exercitation ullamco</li>\n	<li>\n		labore et dolore magna aliqua</li>\n	<li>\n		aute irure dolor in reprehenderit in voluptate velit esse cillum dolore</li>\n</ol>\n<h3>\n	Definition List</h3>\n<dl>\n	<dt>\n		A definition list &mdash; this is &lt;dt&gt;</dt>\n	<dd>\n		A definition list &mdash; this is &lt;dd&gt; element. A definition list &mdash; this is &lt;dd&gt; element. A definition list &mdash; this is &lt;dd&gt; element. A definition list &mdash; this is &lt;dd&gt; element.</dd>\n	<dt>\n		A definition list &mdash; this is &lt;dt&gt;</dt>\n	<dd>\n		A definition list &mdash; this is &lt;dd&gt; element. A definition list &mdash; this is &lt;dd&gt; element. A definition list &mdash; this is &lt;dd&gt; element. A definition list &mdash; this is &lt;dd&gt; element.</dd>\n	<dt>\n		A definition list &mdash; this is &lt;dt&gt;</dt>\n	<dd>\n		A definition list &mdash; this is &lt;dd&gt; element. A definition list &mdash; this is &lt;dd&gt; element. A definition list &mdash; this is &lt;dd&gt; element. A definition list &mdash; this is &lt;dd&gt; element.</dd>\n</dl>\n<hr />\n<h3>\n	Text &amp; Images</h3>\n<div class=\"floatbox\">\n	<p>\n		_[TagImg:1] Lorem ipsum dolor sit amet, consetetur sadipscing elitr, sed diam nonumy eirmod tempor invidunt ut labore et dolore magna aliquyam erat, sed diam voluptua. At vero eos et accusam et justo duo dolores et ea rebum. Stet clita kasd gubergren, no sea takimata sanctus est Lorem ipsum dolor sit amet. Lorem ipsum dolor sit amet, consetetur sadipscing elitr, sed diam nonumy eirmod tempor invidunt ut labore et dolore magna aliquyam erat, sed diam voluptua. At vero eos et accusam et justo duo dolores et ea rebum.</p>\n	<p>\n		Duis autem vel eum iriure dolor in hendrerit in vulputate velit esse molestie consequat, vel illum dolore eu feugiat nulla facilisis at vero eros et accumsan et iusto odio dignissim qui blandit praesent luptatum zzril delenit augue duis dolore te feugait nulla facilisi. Lorem ipsum dolor sit amet, consectetuer adipiscing elit, sed diam nonummy nibh euismod tincidunt ut laoreet dolore magna aliquam erat volutpat.</p>\n</div>\n<hr />\n<div class=\"floatbox\">\n	<p>\n		_[TagImg:2] Lorem ipsum dolor sit amet, consetetur sadipscing elitr, sed diam nonumy eirmod tempor invidunt ut labore et dolore magna aliquyam erat, sed diam voluptua. At vero eos et accusam et justo duo dolores et ea rebum. Stet clita kasd gubergren, no sea takimata sanctus est Lorem ipsum dolor sit amet. Lorem ipsum dolor sit amet, consetetur sadipscing elitr, sed diam nonumy eirmod tempor invidunt ut labore et dolore magna aliquyam erat, sed diam voluptua. At vero eos et accusam et justo duo dolores et ea rebum.</p>\n	<p>\n		Duis autem vel eum iriure dolor in hendrerit in vulputate velit esse molestie consequat, vel illum dolore eu feugiat nulla facilisis at vero eros et accumsan et iusto odio dignissim qui blandit praesent luptatum zzril delenit augue duis dolore te feugait nulla facilisi. Lorem ipsum dolor sit amet, consectetuer adipiscing elit, sed diam nonummy nibh euismod tincidunt ut laoreet dolore magna aliquam erat volutpat.</p>\n</div>\n<hr />\n<p>\n	Lorem ipsum dolor sit amet, consetetur sadipscing elitr, sed diam nonumy eirmod tempor invidunt ut labore et dolore magna aliquyam erat, sed diam voluptua. At vero eos et accusam et justo duo dolores et ea rebum. Stet clita kasd gubergren, no sea takimata sanctus est Lorem ipsum dolor sit amet.</p>\n<p>\n	_[TagImg:3]</p>\n<p>\n	Lorem ipsum dolor sit amet, consetetur sadipscing elitr, sed diam nonumy eirmod tempor invidunt ut labore et dolore magna aliquyam erat, sed diam voluptua. At vero eos et accusam et justo duo dolores et ea rebum.</p>\n<hr />\n<h3>\n	Text &amp; Images with Captions</h3>\n<div class=\"floatbox\">\n	<div>\n		_[TagImg:4]</div>\n	<p>\n		Lorem ipsum dolor sit amet, consetetur sadipscing elitr, sed diam nonumy eirmod tempor invidunt ut labore et dolore magna aliquyam erat, sed diam voluptua. At vero eos et accusam et justo duo dolores et ea rebum. Stet clita kasd gubergren, no sea takimata sanctus est Lorem ipsum dolor sit amet.</p>\n	<p>\n		Duis autem vel eum iriure dolor in hendrerit in vulputate velit esse molestie consequat, vel illum dolore eu feugiat nulla facilisis at vero eros et accumsan et iusto odio dignissim qui blandit praesent luptatum zzril delenit augue duis dolore te feugait nulla facilisi. Lorem ipsum dolor sit amet, consectetuer adipiscing elit, sed diam nonummy nibh euismod tincidunt ut laoreet dolore magna aliquam erat volutpat.</p>\n	<p>\n		Ut wisi enim ad minim veniam, quis nostrud exerci tation ullamcorper suscipit lobortis nisl ut aliquip ex ea commodo consequat. Duis autem vel eum iriure dolor in hendrerit in vulputate velit esse molestie consequat, vel illum dolore eu feugiat nulla facilisis at vero eros et accumsan et iusto odio dignissim qui blandit praesent luptatum zzril delenit augue duis dolore te feugait nulla facilisi.</p>\n</div>\n<hr />\n<div class=\"floatbox\">\n	<div>\n		_[TagImg:5]</div>\n	<p>\n		Lorem ipsum dolor sit amet, consetetur sadipscing elitr, sed diam nonumy eirmod tempor invidunt ut labore et dolore magna aliquyam erat, sed diam voluptua. At vero eos et accusam et justo duo dolores et ea rebum. Stet clita kasd gubergren, no sea takimata sanctus est Lorem ipsum dolor sit amet.</p>\n	<p>\n		Stet clita kasd gubergren, no sea takimata sanctus est Lorem ipsum dolor sit amet. Lorem ipsum dolor sit amet, consetetur sadipscing elitr, sed diam nonumy eirmod tempor invidunt ut labore et dolore magna aliquyam erat, sed diam voluptua. Duis autem vel eum iriure dolor in hendrerit in vulputate velit esse molestie consequat, vel illum dolore eu feugiat nulla facilisis at vero eros et accumsan et iusto odio dignissim qui blandit praesent luptatum zzril delenit augue duis dolore te feugait nulla facilisi. Lorem ipsum dolor sit amet, consectetuer adipiscing elit, sed diam nonummy nibh euismod tincidunt ut laoreet dolore magna aliquam erat volutpat. At vero eos et accusam et justo duo dolores et ea rebum. Stet clita kasd gubergren, no sea takimata sanctus est Lorem ipsum dolor sit amet.</p>\n	<p>\n		Ut wisi enim ad minim veniam, quis nostrud exerci tation ullamcorper suscipit lobortis nisl ut aliquip ex ea commodo consequat. Duis autem vel eum iriure dolor in hendrerit in vulputate velit esse molestie consequat, vel illum dolore eu feugiat nulla facilisis at vero eros et accumsan et iusto odio dignissim qui blandit praesent luptatum zzril delenit augue duis dolore te feugait nulla facilisi.</p>\n</div>\n<hr />\n<h3>\n	Tables</h3>\n<table border=\"0\" cellpadding=\"0\" cellspacing=\"0\">\n	<caption>\n		table 1: this is a simple table with caption</caption>\n	<thead>\n		<tr>\n			<th colspan=\"3\" scope=\"col\">\n				table heading</th>\n		</tr>\n	</thead>\n	<tbody>\n		<tr>\n			<th scope=\"col\">\n				column 1</th>\n			<th scope=\"col\">\n				column 2</th>\n			<th scope=\"col\">\n				column 3</th>\n		</tr>\n		<tr>\n			<th scope=\"row\">\n				subhead 1</th>\n			<td>\n				dummy content</td>\n			<td>\n				dummy content</td>\n		</tr>\n		<tr>\n			<th scope=\"row\">\n				subhead 2</th>\n			<td>\n				dummy content</td>\n			<td>\n				dummy content</td>\n		</tr>\n		<tr>\n			<th class=\"sub\" scope=\"row\">\n				subhead 3</th>\n			<td>\n				dummy content</td>\n			<td>\n				dummy content</td>\n		</tr>\n	</tbody>\n</table>\n<p>\n	&nbsp;</p>\n<table border=\"0\" cellpadding=\"0\" cellspacing=\"0\" class=\"full\">\n	<caption>\n		table 2: this is a table with class=&quot;full&quot;</caption>\n	<thead>\n		<tr>\n			<th colspan=\"3\" scope=\"col\">\n				table heading</th>\n		</tr>\n	</thead>\n	<tbody>\n		<tr>\n			<th scope=\"col\">\n				column 1</th>\n			<th scope=\"col\">\n				column 2</th>\n			<th scope=\"col\">\n				column 3</th>\n		</tr>\n		<tr>\n			<th class=\"sub\" scope=\"row\">\n				subhead 1</th>\n			<td>\n				dummy content</td>\n			<td>\n				dummy content</td>\n		</tr>\n		<tr>\n			<th class=\"sub\" scope=\"row\">\n				subhead 2</th>\n			<td>\n				dummy content</td>\n			<td>\n				dummy content</td>\n		</tr>\n		<tr>\n			<th class=\"sub\" scope=\"row\">\n				subhead 3</th>\n			<td>\n				dummy content</td>\n			<td>\n				dummy content</td>\n		</tr>\n	</tbody>\n</table>\n<br />\n','2011-05-26 18:27:29');
INSERT INTO `ait_article_content` VALUES (527,'CopyCol1','<p>\n	Bei ordnungsgem&auml;&szlig;iger Eingabe wird eine E-Mail gesendet und eine Weiterleitung zur Danke-Seite erfolgt.</p>\n<div>\n	_[Contact:Contact|template=yaml|firstname=true|lastname=false]</div>\n','2011-06-06 22:28:31');
INSERT INTO `ait_article_content` VALUES (529,'CopyCol1','<div>\n	_[GalleryGrouped:GalleryGrouped]</div>\n','2011-05-31 00:21:37');
INSERT INTO `ait_article_content` VALUES (531,'CopyCol1','<p>\n	Die Men&uuml;s in aitsu <strong>CMS</strong> sind im Wesentlichen in drei Bereiche aufgeteilt:</p>\n<ul>\n	<li>\n		<strong>C</strong>ontent</li>\n	<li>\n		<strong>M</strong>anagement</li>\n	<li>\n		<strong>S</strong>ystem</li>\n</ul>\n<h3>\n	Content</h3>\n<p>\n	Unter Content verwalten Sie Ihre Inhalte wie Kategorien, Artikel und Medien.</p>\n<h3>\n	Management</h3>\n<p>\n	Hier finden Sie alles, was zum Verwalten von aitsu ben&ouml;tigen.</p>\n<h3>\n	System</h3>\n<p>\n	Hier finden Sie systemrelevante Funktionen und Plugins.</p>\n','2011-06-16 18:35:33');
CREATE TABLE `ait_cat` (  `idcat` int(10) unsigned NOT NULL AUTO_INCREMENT,  `idclient` int(10) NOT NULL DEFAULT '0',  `parentid` int(10) NOT NULL DEFAULT '0',  `preid` int(10) NOT NULL DEFAULT '0',  `postid` int(10) NOT NULL DEFAULT '0',  `lft` int(10) unsigned DEFAULT NULL,  `rgt` int(10) unsigned DEFAULT NULL,  `status` int(10) NOT NULL DEFAULT '0',  `author` varchar(32) NOT NULL,  `created` datetime NOT NULL DEFAULT '0000-00-00 00:00:00',  `lastmodified` datetime NOT NULL DEFAULT '0000-00-00 00:00:00',  PRIMARY KEY (`idcat`),  KEY `idclient` (`idclient`),  KEY `parentid` (`parentid`),  KEY `preid` (`preid`),  KEY `postid` (`postid`),  KEY `lft` (`lft`),  KEY `rgt` (`rgt`)) ENGINE=InnoDB AUTO_INCREMENT=74 DEFAULT CHARSET=utf8;
INSERT INTO `ait_cat` VALUES (1,1,0,0,0,1,2,0,'','2010-10-14 12:30:09','2010-10-14 12:30:09');
INSERT INTO `ait_cat` VALUES (2,1,0,0,30,3,10,0,'','2010-10-14 12:30:36','2010-10-14 12:30:36');
INSERT INTO `ait_cat` VALUES (9,1,2,0,44,4,5,0,'','2010-10-14 13:13:26','2010-10-14 13:13:26');
INSERT INTO `ait_cat` VALUES (30,1,0,2,0,11,60,0,'','2010-11-08 11:11:36','2010-11-08 11:11:36');
INSERT INTO `ait_cat` VALUES (31,1,30,48,59,12,55,0,'','2010-11-08 11:12:58','2010-11-08 11:12:58');
INSERT INTO `ait_cat` VALUES (32,1,46,0,0,14,15,0,'','2010-11-08 11:13:24','2010-11-08 11:13:24');
INSERT INTO `ait_cat` VALUES (33,1,46,34,0,18,19,0,'','2010-11-08 11:13:25','2010-11-08 11:13:25');
INSERT INTO `ait_cat` VALUES (34,1,46,0,33,16,17,0,'','2010-11-08 11:13:25','2010-11-08 11:13:25');
INSERT INTO `ait_cat` VALUES (35,1,47,0,0,28,29,0,'','2010-11-08 11:13:25','2010-11-08 11:13:25');
INSERT INTO `ait_cat` VALUES (39,1,48,0,69,48,49,0,'','2010-11-18 13:05:15','2010-11-18 13:05:15');
INSERT INTO `ait_cat` VALUES (40,1,47,31,51,30,31,0,'','2010-11-29 18:04:52','2010-11-29 18:04:52');
INSERT INTO `ait_cat` VALUES (44,1,2,9,70,6,7,0,'','2010-11-29 21:03:19','2010-11-29 21:03:19');
INSERT INTO `ait_cat` VALUES (45,2,0,0,0,1,2,0,'','2010-12-07 14:29:46','2010-12-07 14:29:46');
INSERT INTO `ait_cat` VALUES (46,1,31,0,47,13,24,0,'','2011-02-12 01:21:58','2011-02-12 01:21:58');
INSERT INTO `ait_cat` VALUES (47,1,31,46,64,25,38,0,'','2011-02-12 01:22:02','2011-02-12 01:22:02');
INSERT INTO `ait_cat` VALUES (48,1,31,64,0,47,54,0,'','2011-02-12 01:22:05','2011-02-12 01:22:05');
INSERT INTO `ait_cat` VALUES (49,1,46,33,68,20,21,0,'','2011-02-12 01:23:51','2011-02-12 01:23:51');
INSERT INTO `ait_cat` VALUES (50,1,64,47,48,40,41,0,'','2011-02-12 01:23:54','2011-02-12 01:23:54');
INSERT INTO `ait_cat` VALUES (51,1,47,40,52,32,33,0,'','2011-02-12 01:25:12','2011-02-12 01:25:12');
INSERT INTO `ait_cat` VALUES (52,1,47,51,54,34,35,0,'','2011-02-12 01:25:30','2011-02-12 01:25:30');
INSERT INTO `ait_cat` VALUES (54,1,47,52,0,36,37,0,'','2011-02-12 01:29:37','2011-02-12 01:29:37');
INSERT INTO `ait_cat` VALUES (58,1,64,0,65,42,43,0,'','2011-02-12 01:40:54','2011-02-12 01:40:54');
INSERT INTO `ait_cat` VALUES (59,1,30,31,0,56,59,0,'','2011-02-14 00:13:43','2011-02-14 00:13:43');
INSERT INTO `ait_cat` VALUES (60,1,59,0,0,57,58,0,'','2011-02-14 00:16:33','2011-02-14 00:16:33');
INSERT INTO `ait_cat` VALUES (64,1,31,47,48,39,46,0,'','2011-04-28 17:47:47','2011-04-28 17:47:47');
INSERT INTO `ait_cat` VALUES (65,1,64,58,0,44,45,0,'','2011-04-28 17:48:40','2011-04-28 17:48:40');
INSERT INTO `ait_cat` VALUES (67,1,47,54,0,26,27,0,'','2011-04-28 20:25:14','2011-04-28 20:25:14');
INSERT INTO `ait_cat` VALUES (68,1,46,49,0,22,23,0,'','2011-05-26 17:39:16','2011-05-26 17:39:16');
INSERT INTO `ait_cat` VALUES (69,1,48,39,71,50,51,0,'','2011-05-27 09:58:04','2011-05-27 09:58:04');
INSERT INTO `ait_cat` VALUES (70,1,2,44,0,8,9,0,'','2011-05-27 11:52:51','2011-05-27 11:52:51');
INSERT INTO `ait_cat` VALUES (71,1,48,69,0,52,53,0,'','2011-05-31 00:20:06','2011-05-31 00:20:06');
CREATE TABLE `ait_cat_art` (  `idcat` int(10) unsigned NOT NULL,  `idart` int(10) unsigned NOT NULL,  `created` timestamp NOT NULL DEFAULT CURRENT_TIMESTAMP ON UPDATE CURRENT_TIMESTAMP,  `lastmodified` timestamp NULL DEFAULT NULL,  PRIMARY KEY (`idcat`,`idart`),  KEY `idart` (`idart`),  CONSTRAINT `ait_cat_art_ibfk_1` FOREIGN KEY (`idcat`) REFERENCES `ait_cat` (`idcat`) ON DELETE CASCADE,  CONSTRAINT `ait_cat_art_ibfk_2` FOREIGN KEY (`idart`) REFERENCES `ait_art` (`idart`) ON DELETE CASCADE) ENGINE=InnoDB DEFAULT CHARSET=utf8;
INSERT INTO `ait_cat_art` VALUES (1,224,'2011-06-16 11:18:49','2011-06-16 11:18:49');
INSERT INTO `ait_cat_art` VALUES (2,233,'2011-05-26 10:34:01','2011-05-26 10:34:01');
INSERT INTO `ait_cat_art` VALUES (9,230,'2010-12-27 15:37:15','2010-12-27 15:37:15');
INSERT INTO `ait_cat_art` VALUES (30,286,'2010-12-31 07:46:19','2010-12-31 07:46:19');
INSERT INTO `ait_cat_art` VALUES (31,276,'2011-06-16 11:08:38','2011-06-16 11:08:38');
INSERT INTO `ait_cat_art` VALUES (32,272,'2011-04-28 13:46:10','2011-04-28 13:46:10');
INSERT INTO `ait_cat_art` VALUES (33,273,'2011-02-12 00:28:15','2011-02-12 00:28:15');
INSERT INTO `ait_cat_art` VALUES (34,274,'2011-06-16 12:29:43','2011-06-16 12:29:43');
INSERT INTO `ait_cat_art` VALUES (35,305,'2011-04-28 17:02:09','2011-04-28 17:02:09');
INSERT INTO `ait_cat_art` VALUES (39,278,'2011-05-27 07:55:42','2011-05-27 07:55:42');
INSERT INTO `ait_cat_art` VALUES (40,287,'2011-04-28 14:01:47','2011-04-28 14:01:47');
INSERT INTO `ait_cat_art` VALUES (44,291,'2011-05-26 10:33:38','2011-05-26 10:33:38');
INSERT INTO `ait_cat_art` VALUES (46,292,'2011-04-28 13:27:50','2011-04-28 13:27:50');
INSERT INTO `ait_cat_art` VALUES (47,295,'2011-04-28 13:59:07','2011-04-28 13:59:07');
INSERT INTO `ait_cat_art` VALUES (48,300,'2011-02-12 23:35:54','2011-02-12 23:35:54');
INSERT INTO `ait_cat_art` VALUES (49,293,'2011-05-26 18:50:53','2011-05-26 18:50:53');
INSERT INTO `ait_cat_art` VALUES (50,294,'2011-02-12 00:29:09','2011-02-12 00:29:09');
INSERT INTO `ait_cat_art` VALUES (51,297,'2011-06-16 15:39:54','2011-06-16 15:39:54');
INSERT INTO `ait_cat_art` VALUES (52,298,'2011-04-28 14:06:31','2011-04-28 14:06:31');
INSERT INTO `ait_cat_art` VALUES (54,299,'2011-04-28 14:08:42','2011-04-28 14:08:42');
INSERT INTO `ait_cat_art` VALUES (58,303,'2011-04-28 15:30:27','2011-04-28 15:30:27');
INSERT INTO `ait_cat_art` VALUES (59,301,'2011-05-26 10:35:00','2011-05-26 10:35:00');
INSERT INTO `ait_cat_art` VALUES (60,302,'2011-06-17 16:35:49','2011-06-17 16:35:49');
INSERT INTO `ait_cat_art` VALUES (64,312,'2011-06-16 16:30:29','2011-06-16 16:30:29');
INSERT INTO `ait_cat_art` VALUES (65,304,'2011-04-28 15:49:25','2011-04-28 15:49:25');
INSERT INTO `ait_cat_art` VALUES (67,306,'2011-04-28 18:26:00','2011-04-28 18:26:00');
INSERT INTO `ait_cat_art` VALUES (68,307,'2011-05-26 15:42:28','2011-05-26 15:42:28');
INSERT INTO `ait_cat_art` VALUES (69,308,'2011-05-27 07:58:48','2011-05-27 07:58:48');
INSERT INTO `ait_cat_art` VALUES (70,309,'2011-05-27 09:53:20','2011-05-27 09:53:20');
INSERT INTO `ait_cat_art` VALUES (71,310,'2011-05-31 14:35:20','2011-05-31 14:35:20');
CREATE TABLE `ait_cat_favorites` (  `idcat` int(10) unsigned NOT NULL,  `userid` int(10) unsigned NOT NULL,  PRIMARY KEY (`idcat`,`userid`),  KEY `userid` (`userid`),  CONSTRAINT `ait_cat_favorites_ibfk_1` FOREIGN KEY (`idcat`) REFERENCES `ait_cat` (`idcat`) ON DELETE CASCADE,  CONSTRAINT `ait_cat_favorites_ibfk_2` FOREIGN KEY (`userid`) REFERENCES `ait_acl_roles` (`userid`) ON DELETE CASCADE) ENGINE=InnoDB DEFAULT CHARSET=utf8;
CREATE TABLE `ait_cat_lang` (  `idcatlang` int(10) unsigned NOT NULL AUTO_INCREMENT,  `idcat` int(10) unsigned NOT NULL DEFAULT '0',  `idlang` int(10) unsigned NOT NULL DEFAULT '0',  `name` varchar(255) NOT NULL,  `visible` tinyint(1) NOT NULL DEFAULT '0',  `public` tinyint(1) NOT NULL DEFAULT '0',  `status` int(10) NOT NULL DEFAULT '0',  `author` varchar(32) NOT NULL,  `created` datetime NOT NULL DEFAULT '0000-00-00 00:00:00',  `lastmodified` datetime NOT NULL DEFAULT '0000-00-00 00:00:00',  `startidartlang` int(10) unsigned DEFAULT NULL,  `urlname` varchar(64) NOT NULL,  `url` varchar(255) DEFAULT NULL,  `configsetid` int(10) unsigned DEFAULT NULL,  `config` text,  PRIMARY KEY (`idcatlang`),  KEY `idcat` (`idcat`),  KEY `idlang` (`idlang`),  KEY `startidartlang` (`startidartlang`),  KEY `urlname` (`urlname`),  KEY `url` (`url`),  KEY `configsetid` (`configsetid`),  CONSTRAINT `ait_cat_lang_ibfk_1` FOREIGN KEY (`idcat`) REFERENCES `ait_cat` (`idcat`) ON DELETE CASCADE,  CONSTRAINT `ait_cat_lang_ibfk_2` FOREIGN KEY (`idlang`) REFERENCES `ait_lang` (`idlang`) ON DELETE CASCADE,  CONSTRAINT `ait_cat_lang_ibfk_3` FOREIGN KEY (`startidartlang`) REFERENCES `ait_art_lang` (`idartlang`) ON DELETE SET NULL,  CONSTRAINT `ait_cat_lang_ibfk_4` FOREIGN KEY (`configsetid`) REFERENCES `ait_configset` (`configsetid`) ON DELETE SET NULL) ENGINE=InnoDB AUTO_INCREMENT=473 DEFAULT CHARSET=utf8;
INSERT INTO `ait_cat_lang` VALUES (393,1,1,'Main',1,1,0,'','2010-10-14 12:30:09','2010-10-14 12:30:09',440,'main','main',NULL,NULL);
INSERT INTO `ait_cat_lang` VALUES (394,2,1,'System',1,1,0,'','2010-10-14 12:30:36','2010-10-14 12:30:36',449,'system','system',NULL,NULL);
INSERT INTO `ait_cat_lang` VALUES (401,9,1,'Fehlerseite',1,1,0,'','2010-10-14 13:13:26','2010-10-14 13:13:26',446,'fehlerseite','fehlerseite',NULL,'');
INSERT INTO `ait_cat_lang` VALUES (430,30,1,'Sandbox',1,1,0,'','2010-11-08 11:11:36','2010-11-08 11:11:36',505,'sandbox','sandbox',NULL,'');
INSERT INTO `ait_cat_lang` VALUES (431,31,1,'aitsu',1,1,0,'','2010-11-08 11:12:58','2010-11-08 11:12:58',495,'aitsu','aitsu',NULL,'');
INSERT INTO `ait_cat_lang` VALUES (432,32,1,'Skins',1,1,0,'','2010-11-08 11:13:24','2010-11-08 11:13:24',491,'skins','aitsu/elemente/skins',NULL,'');
INSERT INTO `ait_cat_lang` VALUES (433,33,1,'Templates',1,1,0,'','2010-11-08 11:13:25','2010-11-08 11:13:25',492,'templates','aitsu/elemente/templates',NULL,'');
INSERT INTO `ait_cat_lang` VALUES (434,34,1,'Module',1,1,0,'','2010-11-08 11:13:25','2010-11-08 11:13:25',493,'module','aitsu/elemente/module',NULL,'');
INSERT INTO `ait_cat_lang` VALUES (435,35,1,'Shortcode',1,1,0,'','2010-11-08 11:13:25','2010-11-08 11:13:25',524,'shortcode','aitsu/funktionen/shortcode',NULL,'');
INSERT INTO `ait_cat_lang` VALUES (439,39,1,'GoogleMap',1,1,0,'','2010-11-18 13:05:15','2010-11-18 13:05:15',497,'googlemap','aitsu/beispiele/googlemap',NULL,'');
INSERT INTO `ait_cat_lang` VALUES (440,40,1,'Kundenlogin',1,0,0,'','2010-11-29 18:04:52','2010-11-29 18:04:52',506,'kundenlogin','aitsu/funktionen/kundenlogin',NULL,'');
INSERT INTO `ait_cat_lang` VALUES (444,44,1,'Login',1,1,0,'','2010-11-29 21:03:19','2010-11-29 21:03:19',510,'login','login',NULL,'');
INSERT INTO `ait_cat_lang` VALUES (445,46,1,'Elemente',1,1,0,'','2011-02-12 01:21:59','2011-02-12 01:21:59',511,'elemente','aitsu/elemente',NULL,'');
INSERT INTO `ait_cat_lang` VALUES (446,47,1,'Funktionen',1,1,0,'','2011-02-12 01:22:02','2011-02-12 01:22:02',514,'funktionen','aitsu/funktionen',NULL,'');
INSERT INTO `ait_cat_lang` VALUES (447,48,1,'Beispiele',1,1,0,'','2011-02-12 01:22:05','2011-02-12 01:22:05',519,'beispiele','aitsu/beispiele',NULL,'');
INSERT INTO `ait_cat_lang` VALUES (448,49,1,'Medien',1,1,0,'','2011-02-12 01:23:51','2011-02-12 01:23:51',512,'medien','aitsu/elemente/medien',NULL,'');
INSERT INTO `ait_cat_lang` VALUES (449,50,1,'Content',1,1,0,'','2011-02-12 01:23:54','2011-02-12 01:23:54',513,'content','aitsu/menues/content',NULL,'');
INSERT INTO `ait_cat_lang` VALUES (450,51,1,'Bild-Transformation',1,1,0,'','2011-02-12 01:25:12','2011-02-12 01:25:12',516,'bild-transformation','aitsu/funktionen/bild-transformation',NULL,'');
INSERT INTO `ait_cat_lang` VALUES (451,52,1,'Vererbung',1,1,0,'','2011-02-12 01:25:30','2011-02-12 01:25:30',517,'vererbung','aitsu/funktionen/vererbung',NULL,'');
INSERT INTO `ait_cat_lang` VALUES (453,54,1,'Referenzierung',1,1,0,'','2011-02-12 01:29:37','2011-02-12 01:29:37',518,'referenzierung','aitsu/funktionen/referenzierung',NULL,'');
INSERT INTO `ait_cat_lang` VALUES (457,58,1,'Management',1,1,0,'','2011-02-12 01:40:54','2011-02-12 01:40:54',522,'management','aitsu/menues/management',NULL,'');
INSERT INTO `ait_cat_lang` VALUES (458,59,1,'Service',1,1,0,'','2011-02-14 00:13:43','2011-02-14 00:13:43',520,'service','service',NULL,'');
INSERT INTO `ait_cat_lang` VALUES (459,60,1,'Hilfe',1,1,0,'','2011-02-14 00:16:33','2011-02-14 00:16:33',521,'hilfe','service/hilfe',NULL,'');
INSERT INTO `ait_cat_lang` VALUES (463,64,1,'Mens',1,1,0,'','2011-04-28 17:47:47','2011-04-28 17:47:47',531,'menues','aitsu/menues',NULL,'');
INSERT INTO `ait_cat_lang` VALUES (464,65,1,'System',1,1,0,'','2011-04-28 17:48:40','2011-04-28 17:48:40',523,'system','aitsu/menues/system',NULL,'');
INSERT INTO `ait_cat_lang` VALUES (466,67,1,'Sprechende URLs',1,1,0,'','2011-04-28 20:25:14','2011-04-28 20:25:14',525,'sprechende-urls','aitsu/funktionen/sprechende-urls',NULL,'');
INSERT INTO `ait_cat_lang` VALUES (467,68,1,'Inhalte',1,1,0,'','2011-05-26 17:39:16','2011-05-26 17:39:16',526,'inhalte','aitsu/elemente/inhalte',NULL,'');
INSERT INTO `ait_cat_lang` VALUES (468,69,1,'Kontaktformular',1,1,0,'','2011-05-27 09:58:04','2011-05-27 09:58:04',527,'kontaktformular','aitsu/beispiele/kontaktformular',NULL,'');
INSERT INTO `ait_cat_lang` VALUES (469,70,1,'Danke',1,1,0,'','2011-05-27 11:52:51','2011-05-27 11:52:51',528,'danke','danke',NULL,'');
INSERT INTO `ait_cat_lang` VALUES (470,71,1,'Galerie',1,1,0,'','2011-05-31 00:20:06','2011-05-31 00:20:06',529,'galerie','aitsu/beispiele/galerie',NULL,'');
CREATE TABLE `ait_clients` (  `idclient` int(10) unsigned NOT NULL AUTO_INCREMENT,  `name` varchar(255) NOT NULL,  `config` varchar(255) NOT NULL,  `created` datetime NOT NULL DEFAULT '0000-00-00 00:00:00',  `lastmodified` datetime NOT NULL DEFAULT '0000-00-00 00:00:00',  PRIMARY KEY (`idclient`)) ENGINE=InnoDB AUTO_INCREMENT=2 DEFAULT CHARSET=utf8;
INSERT INTO `ait_clients` VALUES (1,'Portal','default','2010-10-25 13:02:28','2010-12-23 21:07:44');
CREATE TABLE `ait_comment` (  `commentid` int(10) unsigned NOT NULL AUTO_INCREMENT,  `idartlang` int(10) unsigned NOT NULL,  `name` varchar(255) NOT NULL,  `email` varchar(255) NOT NULL,  `ip` varchar(100) NOT NULL,  `comment` text NOT NULL,  `created` timestamp NOT NULL DEFAULT CURRENT_TIMESTAMP,  `approved` timestamp NULL DEFAULT NULL,  `deleted` timestamp NULL DEFAULT NULL,  PRIMARY KEY (`commentid`),  KEY `idartlang` (`idartlang`),  CONSTRAINT `ait_comment_ibfk_1` FOREIGN KEY (`idartlang`) REFERENCES `ait_art_lang` (`idartlang`) ON DELETE CASCADE) ENGINE=InnoDB DEFAULT CHARSET=utf8;
CREATE TABLE `ait_conf_token` (  `conftokenid` int(10) unsigned NOT NULL AUTO_INCREMENT,  `token` varchar(255) NOT NULL,  PRIMARY KEY (`conftokenid`),  UNIQUE KEY `token` (`token`)) ENGINE=InnoDB AUTO_INCREMENT=16 DEFAULT CHARSET=utf8;
INSERT INTO `ait_conf_token` VALUES (7,'ammari');
INSERT INTO `ait_conf_token` VALUES (13,'firstname');
INSERT INTO `ait_conf_token` VALUES (6,'foo');
INSERT INTO `ait_conf_token` VALUES (10,'foo1');
INSERT INTO `ait_conf_token` VALUES (11,'foo2');
INSERT INTO `ait_conf_token` VALUES (12,'foo3');
INSERT INTO `ait_conf_token` VALUES (5,'Hans');
INSERT INTO `ait_conf_token` VALUES (9,'lastname');
INSERT INTO `ait_conf_token` VALUES (4,'name');
INSERT INTO `ait_conf_token` VALUES (14,'position');
INSERT INTO `ait_conf_token` VALUES (8,'target');
INSERT INTO `ait_conf_token` VALUES (15,'type');
CREATE TABLE `ait_configset` (  `configsetid` int(10) unsigned NOT NULL AUTO_INCREMENT,  `identifier` varchar(255) NOT NULL,  `config` text NOT NULL,  PRIMARY KEY (`configsetid`),  UNIQUE KEY `identifier` (`identifier`)) ENGINE=InnoDB AUTO_INCREMENT=9 DEFAULT CHARSET=utf8;
INSERT INTO `ait_configset` VALUES (1,'Default','module.template.Root.defaultTemplate.default = index.phtml\n\nplugin.category.standard.position = 1\nplugin.category.synchronization.position = 2\n\nplugin.article.edit.position.default = 100\nplugin.article.editalt.position.default =101\nplugin.article.properties.position.default = 200\nplugin.article.meta.position.default = 300\nplugin.article.dc.position.default = 301\nplugin.article.tags.position.default = 500\nplugin.article.media.position.default = 600\nplugin.article.crosslinking.position.default = 700\nplugin.article.articleimage.position.default = 800\nplugin.article.syndication.position.default = 900\nplugin.article.config.position.default = 999999\nplugin.article.redirector.position.default = 0');
INSERT INTO `ait_configset` VALUES (8,'Redirect','plugin.article.redirector.position.default = 200\nplugin.article.edit.position.default = 0\nplugin.article.editalt.position.default =0\nplugin.article.properties.position.default = 100\nplugin.article.meta.position.default = 0\nplugin.article.dc.position.default = 0\nplugin.article.tags.position.default = 0\nplugin.article.crosslinking.position.default = 0\nplugin.article.media.position.default = 300\nplugin.article.articleimage.position.default = 400\n');
CREATE TABLE `ait_content_index` (  `idartlang` int(10) unsigned NOT NULL,  `content` text NOT NULL,  `created` timestamp NOT NULL DEFAULT CURRENT_TIMESTAMP ON UPDATE CURRENT_TIMESTAMP,  PRIMARY KEY (`idartlang`),  FULLTEXT KEY `content` (`content`)) ENGINE=MyISAM DEFAULT CHARSET=utf8;
CREATE TABLE `ait_crosslink` (  `idartlanglow` int(10) unsigned NOT NULL,  `idartlanghigh` int(10) unsigned NOT NULL,  `created` timestamp NOT NULL DEFAULT CURRENT_TIMESTAMP ON UPDATE CURRENT_TIMESTAMP,  PRIMARY KEY (`idartlanglow`,`idartlanghigh`),  KEY `idartlanghigh` (`idartlanghigh`),  CONSTRAINT `ait_crosslink_ibfk_1` FOREIGN KEY (`idartlanglow`) REFERENCES `ait_art_lang` (`idartlang`) ON DELETE CASCADE,  CONSTRAINT `ait_crosslink_ibfk_2` FOREIGN KEY (`idartlanghigh`) REFERENCES `ait_art_lang` (`idartlang`) ON DELETE CASCADE) ENGINE=InnoDB DEFAULT CHARSET=utf8;
INSERT INTO `ait_crosslink` VALUES (440,492,'2011-01-29 11:17:52');
INSERT INTO `ait_crosslink` VALUES (491,493,'2011-01-12 18:33:28');
INSERT INTO `ait_crosslink` VALUES (492,493,'2011-01-29 11:17:48');
INSERT INTO `ait_crosslink` VALUES (492,497,'2011-01-29 11:17:39');
INSERT INTO `ait_crosslink` VALUES (493,506,'2011-01-12 18:33:24');
CREATE TABLE `ait_dam_asset` (  `assetid` int(10) unsigned NOT NULL AUTO_INCREMENT,  `typeid` int(10) unsigned DEFAULT NULL,  `identifier` varchar(255) NOT NULL,  `abstract` text NOT NULL,  `copyright` varchar(255) NOT NULL,  `credit` varchar(255) NOT NULL,  `licenseid` int(10) unsigned DEFAULT NULL,  `created` timestamp NOT NULL DEFAULT CURRENT_TIMESTAMP ON UPDATE CURRENT_TIMESTAMP,  `modified` timestamp NOT NULL DEFAULT '0000-00-00 00:00:00',  `validfrom` datetime NOT NULL,  `validuntil` datetime NOT NULL,  `replaces` int(10) unsigned DEFAULT NULL,  PRIMARY KEY (`assetid`),  KEY `replaces` (`replaces`),  KEY `typeid` (`typeid`),  KEY `licenseid` (`licenseid`)) ENGINE=InnoDB DEFAULT CHARSET=utf8;
CREATE TABLE `ait_dam_license` (  `licenseid` int(10) unsigned NOT NULL AUTO_INCREMENT,  `identifier` varchar(255) NOT NULL,  `description` text,  `url` varchar(255) NOT NULL,  PRIMARY KEY (`licenseid`)) ENGINE=InnoDB DEFAULT CHARSET=utf8;
CREATE TABLE `ait_dam_location` (  `locationid` int(10) unsigned NOT NULL AUTO_INCREMENT,  `countryid` int(10) unsigned NOT NULL,  `city` varchar(255) NOT NULL,  PRIMARY KEY (`locationid`),  KEY `countryid` (`countryid`)) ENGINE=InnoDB DEFAULT CHARSET=utf8;
CREATE TABLE `ait_dam_locations` (  `assetid` int(10) unsigned NOT NULL,  `locationid` int(10) unsigned NOT NULL,  `description` text,  PRIMARY KEY (`assetid`,`locationid`),  KEY `locationid` (`locationid`)) ENGINE=InnoDB DEFAULT CHARSET=utf8;
CREATE TABLE `ait_dam_referencedby` (  `assetid` int(10) unsigned NOT NULL,  `reference` varchar(255) NOT NULL,  `created` timestamp NOT NULL DEFAULT CURRENT_TIMESTAMP ON UPDATE CURRENT_TIMESTAMP,  PRIMARY KEY (`assetid`,`reference`)) ENGINE=InnoDB DEFAULT CHARSET=utf8;
CREATE TABLE `ait_dam_rel` (  `parentid` int(10) unsigned NOT NULL,  `childid` int(10) unsigned NOT NULL,  PRIMARY KEY (`parentid`,`childid`),  KEY `childid` (`childid`)) ENGINE=InnoDB DEFAULT CHARSET=utf8;
CREATE TABLE `ait_dam_subtype` (  `subtypeid` int(10) unsigned NOT NULL AUTO_INCREMENT,  `typeid` int(10) unsigned NOT NULL,  `identifier` varchar(255) NOT NULL,  PRIMARY KEY (`subtypeid`),  KEY `typeid` (`typeid`)) ENGINE=InnoDB DEFAULT CHARSET=utf8;
CREATE TABLE `ait_dam_tag` (  `tagid` int(10) unsigned NOT NULL AUTO_INCREMENT,  `tag` varchar(255) NOT NULL,  PRIMARY KEY (`tagid`),  KEY `tag` (`tag`)) ENGINE=InnoDB DEFAULT CHARSET=utf8;
CREATE TABLE `ait_dam_tags` (  `assetid` int(10) unsigned NOT NULL,  `tagid` int(10) unsigned NOT NULL,  `tagvalue` varchar(255) DEFAULT NULL,  `created` timestamp NOT NULL DEFAULT CURRENT_TIMESTAMP ON UPDATE CURRENT_TIMESTAMP,  PRIMARY KEY (`assetid`,`tagid`),  KEY `tagid` (`tagid`)) ENGINE=InnoDB DEFAULT CHARSET=utf8;
CREATE TABLE `ait_dam_type` (  `typeid` int(10) unsigned NOT NULL AUTO_INCREMENT,  `identifier` varchar(255) NOT NULL,  PRIMARY KEY (`typeid`),  UNIQUE KEY `identifier` (`identifier`)) ENGINE=InnoDB DEFAULT CHARSET=utf8;
CREATE TABLE `ait_dam_use` (  `useid` int(10) unsigned NOT NULL AUTO_INCREMENT,  `use` varchar(255) NOT NULL,  `description` text,  PRIMARY KEY (`useid`),  UNIQUE KEY `use` (`use`)) ENGINE=InnoDB DEFAULT CHARSET=utf8;
CREATE TABLE `ait_dam_uses` (  `assetid` int(10) unsigned NOT NULL,  `useid` int(10) unsigned NOT NULL,  `created` timestamp NULL DEFAULT CURRENT_TIMESTAMP ON UPDATE CURRENT_TIMESTAMP,  PRIMARY KEY (`assetid`,`useid`),  KEY `useid` (`useid`)) ENGINE=InnoDB DEFAULT CHARSET=utf8;
CREATE TABLE `ait_geo_city` (  `cityid` int(10) unsigned NOT NULL AUTO_INCREMENT,  `countryid` int(10) unsigned NOT NULL,  `zip` varchar(20) NOT NULL,  `city` varchar(255) NOT NULL,  PRIMARY KEY (`cityid`),  KEY `countryid` (`countryid`),  CONSTRAINT `ait_geo_city_ibfk_1` FOREIGN KEY (`countryid`) REFERENCES `ait_geo_country` (`countryid`) ON DELETE CASCADE) ENGINE=InnoDB DEFAULT CHARSET=utf8;
CREATE TABLE `ait_geo_country` (  `countryid` int(10) unsigned NOT NULL AUTO_INCREMENT,  `iso2` varchar(2) NOT NULL,  `iso3` varchar(3) NOT NULL,  `isod` int(11) NOT NULL,  `en` varchar(255) NOT NULL,  PRIMARY KEY (`countryid`)) ENGINE=InnoDB AUTO_INCREMENT=240 DEFAULT CHARSET=utf8;
INSERT INTO `ait_geo_country` VALUES (1,'AF','AFG',4,'Afghanistan');
INSERT INTO `ait_geo_country` VALUES (2,'AL','ALB',8,'Albania, People\'s Socialist Republic of');
INSERT INTO `ait_geo_country` VALUES (3,'DZ','DZA',12,'Algeria, People\'s Democratic Republic of');
INSERT INTO `ait_geo_country` VALUES (4,'AS','ASM',16,'American Samoa');
INSERT INTO `ait_geo_country` VALUES (5,'AD','AND',20,'Andorra, Principality of');
INSERT INTO `ait_geo_country` VALUES (6,'AO','AGO',24,'Angola, Republic of');
INSERT INTO `ait_geo_country` VALUES (7,'AI','AIA',660,'Anguilla');
INSERT INTO `ait_geo_country` VALUES (8,'AQ','ATA',10,'Antarctica (the territory South of 60 deg S)');
INSERT INTO `ait_geo_country` VALUES (9,'AG','ATG',28,'Antigua and Barbuda');
INSERT INTO `ait_geo_country` VALUES (10,'AR','ARG',32,'Argentina, Argentine Republic');
INSERT INTO `ait_geo_country` VALUES (11,'AM','ARM',51,'Armenia');
INSERT INTO `ait_geo_country` VALUES (12,'AW','ABW',533,'Aruba');
INSERT INTO `ait_geo_country` VALUES (13,'AU','AUS',36,'Australia, Commonwealth of');
INSERT INTO `ait_geo_country` VALUES (14,'AT','AUT',40,'Austria, Republic of');
INSERT INTO `ait_geo_country` VALUES (15,'AZ','AZE',31,'Azerbaijan, Republic of');
INSERT INTO `ait_geo_country` VALUES (16,'BS','BHS',44,'Bahamas, Commonwealth of the');
INSERT INTO `ait_geo_country` VALUES (17,'BH','BHR',48,'Bahrain, Kingdom of');
INSERT INTO `ait_geo_country` VALUES (18,'BD','BGD',50,'Bangladesh, People\'s Republic of');
INSERT INTO `ait_geo_country` VALUES (19,'BB','BRB',52,'Barbados');
INSERT INTO `ait_geo_country` VALUES (20,'BY','BLR',112,'Belarus');
INSERT INTO `ait_geo_country` VALUES (21,'BE','BEL',56,'Belgium, Kingdom of');
INSERT INTO `ait_geo_country` VALUES (22,'BZ','BLZ',84,'Belize');
INSERT INTO `ait_geo_country` VALUES (23,'BJ','BEN',204,'Benin (was Dahomey), People\'s Republic of');
INSERT INTO `ait_geo_country` VALUES (24,'BM','BMU',60,'Bermuda');
INSERT INTO `ait_geo_country` VALUES (25,'BT','BTN',64,'Bhutan, Kingdom of');
INSERT INTO `ait_geo_country` VALUES (26,'BO','BOL',68,'Bolivia, Republic of');
INSERT INTO `ait_geo_country` VALUES (27,'BA','BIH',70,'Bosnia and Herzegovina');
INSERT INTO `ait_geo_country` VALUES (28,'BW','BWA',72,'Botswana, Republic of');
INSERT INTO `ait_geo_country` VALUES (29,'BV','BVT',74,'Bouvet Island (Bouvetoya)');
INSERT INTO `ait_geo_country` VALUES (30,'BR','BRA',76,'Brazil, Federative Republic of');
INSERT INTO `ait_geo_country` VALUES (31,'IO','IOT',86,'British Indian Ocean Territory (Chagos Archipelago)');
INSERT INTO `ait_geo_country` VALUES (32,'VG','VGB',92,'British Virgin Islands');
INSERT INTO `ait_geo_country` VALUES (33,'BN','BRN',96,'Brunei Darussalam');
INSERT INTO `ait_geo_country` VALUES (34,'BG','BGR',100,'Bulgaria, People\'s Republic of');
INSERT INTO `ait_geo_country` VALUES (35,'BF','BFA',854,'Burkina Faso (was Upper Volta)');
INSERT INTO `ait_geo_country` VALUES (36,'BI','BDI',108,'Burundi, Republic of');
INSERT INTO `ait_geo_country` VALUES (37,'KH','KHM',116,'Cambodia, Kingdom of (was Khmer Republic/Kampuchea, Democratic)');
INSERT INTO `ait_geo_country` VALUES (38,'CM','CMR',120,'Cameroon, United Republic of');
INSERT INTO `ait_geo_country` VALUES (39,'CA','CAN',124,'Canada');
INSERT INTO `ait_geo_country` VALUES (40,'CV','CPV',132,'Cape Verde, Republic of');
INSERT INTO `ait_geo_country` VALUES (41,'KY','CYM',136,'Cayman Islands');
INSERT INTO `ait_geo_country` VALUES (42,'CF','CAF',140,'Central African Republic');
INSERT INTO `ait_geo_country` VALUES (43,'TD','TCD',148,'Chad, Republic of');
INSERT INTO `ait_geo_country` VALUES (44,'CL','CHL',152,'Chile, Republic of');
INSERT INTO `ait_geo_country` VALUES (45,'CN','CHN',156,'China, People\'s Republic of');
INSERT INTO `ait_geo_country` VALUES (46,'CX','CXR',162,'Christmas Island');
INSERT INTO `ait_geo_country` VALUES (47,'CC','CCK',166,'Cocos (Keeling) Islands');
INSERT INTO `ait_geo_country` VALUES (48,'CO','COL',170,'Colombia, Republic of');
INSERT INTO `ait_geo_country` VALUES (49,'KM','COM',174,'Comoros, Union of the');
INSERT INTO `ait_geo_country` VALUES (50,'CD','COD',180,'Congo, Democratic Republic of (was Zaire)');
INSERT INTO `ait_geo_country` VALUES (51,'CG','COG',178,'Congo, People\'s Republic of');
INSERT INTO `ait_geo_country` VALUES (52,'CK','COK',184,'Cook Islands');
INSERT INTO `ait_geo_country` VALUES (53,'CR','CRI',188,'Costa Rica, Republic of');
INSERT INTO `ait_geo_country` VALUES (54,'CI','CIV',384,'Cote D\'Ivoire, Ivory Coast, Republic of the');
INSERT INTO `ait_geo_country` VALUES (55,'CU','CUB',192,'Cuba, Republic of');
INSERT INTO `ait_geo_country` VALUES (56,'CY','CYP',196,'Cyprus, Republic of');
INSERT INTO `ait_geo_country` VALUES (57,'CZ','CZE',203,'Czech Republic');
INSERT INTO `ait_geo_country` VALUES (58,'DK','DNK',208,'Denmark, Kingdom of');
INSERT INTO `ait_geo_country` VALUES (59,'DJ','DJI',262,'Djibouti, Republic of (was French Afars and Issas)');
INSERT INTO `ait_geo_country` VALUES (60,'DM','DMA',212,'Dominica, Commonwealth of');
INSERT INTO `ait_geo_country` VALUES (61,'DO','DOM',214,'Dominican Republic');
INSERT INTO `ait_geo_country` VALUES (62,'EC','ECU',218,'Ecuador, Republic of');
INSERT INTO `ait_geo_country` VALUES (63,'EG','EGY',818,'Egypt, Arab Republic of');
INSERT INTO `ait_geo_country` VALUES (64,'SV','SLV',222,'El Salvador, Republic of');
INSERT INTO `ait_geo_country` VALUES (65,'GQ','GNQ',226,'Equatorial Guinea, Republic of');
INSERT INTO `ait_geo_country` VALUES (66,'ER','ERI',232,'Eritrea');
INSERT INTO `ait_geo_country` VALUES (67,'EE','EST',233,'Estonia');
INSERT INTO `ait_geo_country` VALUES (68,'ET','ETH',231,'Ethiopia');
INSERT INTO `ait_geo_country` VALUES (69,'FO','FRO',234,'Faeroe Islands');
INSERT INTO `ait_geo_country` VALUES (70,'FK','FLK',238,'Falkland Islands (Malvinas)');
INSERT INTO `ait_geo_country` VALUES (71,'FJ','FJI',242,'Fiji, Republic of the Fiji Islands');
INSERT INTO `ait_geo_country` VALUES (72,'FI','FIN',246,'Finland, Republic of');
INSERT INTO `ait_geo_country` VALUES (73,'FR','FRA',250,'France, French Republic');
INSERT INTO `ait_geo_country` VALUES (74,'GF','GUF',254,'French Guiana');
INSERT INTO `ait_geo_country` VALUES (75,'PF','PYF',258,'French Polynesia');
INSERT INTO `ait_geo_country` VALUES (76,'TF','ATF',260,'French Southern Territories');
INSERT INTO `ait_geo_country` VALUES (77,'GA','GAB',266,'Gabon, Gabonese Republic');
INSERT INTO `ait_geo_country` VALUES (78,'GM','GMB',270,'Gambia, Republic of the');
INSERT INTO `ait_geo_country` VALUES (79,'GE','GEO',268,'Georgia');
INSERT INTO `ait_geo_country` VALUES (80,'DE','DEU',276,'Germany');
INSERT INTO `ait_geo_country` VALUES (81,'GH','GHA',288,'Ghana, Republic of');
INSERT INTO `ait_geo_country` VALUES (82,'GI','GIB',292,'Gibraltar');
INSERT INTO `ait_geo_country` VALUES (83,'GR','GRC',300,'Greece, Hellenic Republic');
INSERT INTO `ait_geo_country` VALUES (84,'GL','GRL',304,'Greenland');
INSERT INTO `ait_geo_country` VALUES (85,'GD','GRD',308,'Grenada');
INSERT INTO `ait_geo_country` VALUES (86,'GP','GLP',312,'Guadaloupe');
INSERT INTO `ait_geo_country` VALUES (87,'GU','GUM',316,'Guam');
INSERT INTO `ait_geo_country` VALUES (88,'GT','GTM',320,'Guatemala, Republic of');
INSERT INTO `ait_geo_country` VALUES (89,'GN','GIN',324,'Guinea, Revolutionary People\'s Rep\'c of');
INSERT INTO `ait_geo_country` VALUES (90,'GW','GNB',624,'Guinea-Bissau, Republic of (was Portuguese Guinea)');
INSERT INTO `ait_geo_country` VALUES (91,'GY','GUY',328,'Guyana, Republic of');
INSERT INTO `ait_geo_country` VALUES (92,'HT','HTI',332,'Haiti, Republic of');
INSERT INTO `ait_geo_country` VALUES (93,'HM','HMD',334,'Heard and McDonald Islands');
INSERT INTO `ait_geo_country` VALUES (94,'VA','VAT',336,'Holy See (Vatican City State)');
INSERT INTO `ait_geo_country` VALUES (95,'HN','HND',340,'Honduras, Republic of');
INSERT INTO `ait_geo_country` VALUES (96,'HK','HKG',344,'Hong Kong, Special Administrative Region of China');
INSERT INTO `ait_geo_country` VALUES (97,'HR','HRV',191,'Hrvatska (Croatia)');
INSERT INTO `ait_geo_country` VALUES (98,'HU','HUN',348,'Hungary, Hungarian People\'s Republic');
INSERT INTO `ait_geo_country` VALUES (99,'IS','ISL',352,'Iceland, Republic of');
INSERT INTO `ait_geo_country` VALUES (100,'IN','IND',356,'India, Republic of');
INSERT INTO `ait_geo_country` VALUES (101,'ID','IDN',360,'Indonesia, Republic of');
INSERT INTO `ait_geo_country` VALUES (102,'IR','IRN',364,'Iran, Islamic Republic of');
INSERT INTO `ait_geo_country` VALUES (103,'IQ','IRQ',368,'Iraq, Republic of');
INSERT INTO `ait_geo_country` VALUES (104,'IE','IRL',372,'Ireland');
INSERT INTO `ait_geo_country` VALUES (105,'IL','ISR',376,'Israel, State of');
INSERT INTO `ait_geo_country` VALUES (106,'IT','ITA',380,'Italy, Italian Republic');
INSERT INTO `ait_geo_country` VALUES (107,'JM','JAM',388,'Jamaica');
INSERT INTO `ait_geo_country` VALUES (108,'JP','JPN',392,'Japan');
INSERT INTO `ait_geo_country` VALUES (109,'JO','JOR',400,'Jordan, Hashemite Kingdom of');
INSERT INTO `ait_geo_country` VALUES (110,'KZ','KAZ',398,'Kazakhstan, Republic of');
INSERT INTO `ait_geo_country` VALUES (111,'KE','KEN',404,'Kenya, Republic of');
INSERT INTO `ait_geo_country` VALUES (112,'KI','KIR',296,'Kiribati, Republic of (was Gilbert Islands)');
INSERT INTO `ait_geo_country` VALUES (113,'KP','PRK',408,'Korea, Democratic People\'s Republic of');
INSERT INTO `ait_geo_country` VALUES (114,'KR','KOR',410,'Korea, Republic of');
INSERT INTO `ait_geo_country` VALUES (115,'KW','KWT',414,'Kuwait, State of');
INSERT INTO `ait_geo_country` VALUES (116,'KG','KGZ',417,'Kyrgyz Republic');
INSERT INTO `ait_geo_country` VALUES (117,'LA','LAO',418,'Lao People\'s Democratic Republic');
INSERT INTO `ait_geo_country` VALUES (118,'LV','LVA',428,'Latvia');
INSERT INTO `ait_geo_country` VALUES (119,'LB','LBN',422,'Lebanon, Lebanese Republic');
INSERT INTO `ait_geo_country` VALUES (120,'LS','LSO',426,'Lesotho, Kingdom of');
INSERT INTO `ait_geo_country` VALUES (121,'LR','LBR',430,'Liberia, Republic of');
INSERT INTO `ait_geo_country` VALUES (122,'LY','LBY',434,'Libyan Arab Jamahiriya');
INSERT INTO `ait_geo_country` VALUES (123,'LI','LIE',438,'Liechtenstein, Principality of');
INSERT INTO `ait_geo_country` VALUES (124,'LT','LTU',440,'Lithuania');
INSERT INTO `ait_geo_country` VALUES (125,'LU','LUX',442,'Luxembourg, Grand Duchy of');
INSERT INTO `ait_geo_country` VALUES (126,'MO','MAC',446,'Macao, Special Administrative Region of China');
INSERT INTO `ait_geo_country` VALUES (127,'MK','MKD',807,'Macedonia, the former Yugoslav Republic of');
INSERT INTO `ait_geo_country` VALUES (128,'MG','MDG',450,'Madagascar, Republic of');
INSERT INTO `ait_geo_country` VALUES (129,'MW','MWI',454,'Malawi, Republic of');
INSERT INTO `ait_geo_country` VALUES (130,'MY','MYS',458,'Malaysia');
INSERT INTO `ait_geo_country` VALUES (131,'MV','MDV',462,'Maldives, Republic of');
INSERT INTO `ait_geo_country` VALUES (132,'ML','MLI',466,'Mali, Republic of');
INSERT INTO `ait_geo_country` VALUES (133,'MT','MLT',470,'Malta, Republic of');
INSERT INTO `ait_geo_country` VALUES (134,'MH','MHL',584,'Marshall Islands');
INSERT INTO `ait_geo_country` VALUES (135,'MQ','MTQ',474,'Martinique');
INSERT INTO `ait_geo_country` VALUES (136,'MR','MRT',478,'Mauritania, Islamic Republic of');
INSERT INTO `ait_geo_country` VALUES (137,'MU','MUS',480,'Mauritius');
INSERT INTO `ait_geo_country` VALUES (138,'YT','MYT',175,'Mayotte');
INSERT INTO `ait_geo_country` VALUES (139,'MX','MEX',484,'Mexico, United Mexican States');
INSERT INTO `ait_geo_country` VALUES (140,'FM','FSM',583,'Micronesia, Federated States of');
INSERT INTO `ait_geo_country` VALUES (141,'MD','MDA',498,'Moldova, Republic of');
INSERT INTO `ait_geo_country` VALUES (142,'MC','MCO',492,'Monaco, Principality of');
INSERT INTO `ait_geo_country` VALUES (143,'MN','MNG',496,'Mongolia, Mongolian People\'s Republic');
INSERT INTO `ait_geo_country` VALUES (144,'MS','MSR',500,'Montserrat');
INSERT INTO `ait_geo_country` VALUES (145,'MA','MAR',504,'Morocco, Kingdom of');
INSERT INTO `ait_geo_country` VALUES (146,'MZ','MOZ',508,'Mozambique, People\'s Republic of');
INSERT INTO `ait_geo_country` VALUES (147,'MM','MMR',104,'Myanmar (was Burma)');
INSERT INTO `ait_geo_country` VALUES (148,'NA','NAM',516,'Namibia');
INSERT INTO `ait_geo_country` VALUES (149,'NR','NRU',520,'Nauru, Republic of');
INSERT INTO `ait_geo_country` VALUES (150,'NP','NPL',524,'Nepal, Kingdom of');
INSERT INTO `ait_geo_country` VALUES (151,'AN','ANT',530,'Netherlands Antilles');
INSERT INTO `ait_geo_country` VALUES (152,'NL','NLD',528,'Netherlands, Kingdom of the');
INSERT INTO `ait_geo_country` VALUES (153,'NC','NCL',540,'New Caledonia');
INSERT INTO `ait_geo_country` VALUES (154,'NZ','NZL',554,'New Zealand');
INSERT INTO `ait_geo_country` VALUES (155,'NI','NIC',558,'Nicaragua, Republic of');
INSERT INTO `ait_geo_country` VALUES (156,'NE','NER',562,'Niger, Republic of the');
INSERT INTO `ait_geo_country` VALUES (157,'NG','NGA',566,'Nigeria, Federal Republic of');
INSERT INTO `ait_geo_country` VALUES (158,'NU','NIU',570,'Niue, Republic of');
INSERT INTO `ait_geo_country` VALUES (159,'NF','NFK',574,'Norfolk Island');
INSERT INTO `ait_geo_country` VALUES (160,'MP','MNP',580,'Northern Mariana Islands');
INSERT INTO `ait_geo_country` VALUES (161,'NO','NOR',578,'Norway, Kingdom of');
INSERT INTO `ait_geo_country` VALUES (162,'OM','OMN',512,'Oman, Sultanate of (was Muscat and Oman)');
INSERT INTO `ait_geo_country` VALUES (163,'PK','PAK',586,'Pakistan, Islamic Republic of');
INSERT INTO `ait_geo_country` VALUES (164,'PW','PLW',585,'Palau');
INSERT INTO `ait_geo_country` VALUES (165,'PS','PSE',275,'Palestinian Territory, Occupied');
INSERT INTO `ait_geo_country` VALUES (166,'PA','PAN',591,'Panama, Republic of');
INSERT INTO `ait_geo_country` VALUES (167,'PG','PNG',598,'Papua New Guinea');
INSERT INTO `ait_geo_country` VALUES (168,'PY','PRY',600,'Paraguay, Republic of');
INSERT INTO `ait_geo_country` VALUES (169,'PE','PER',604,'Peru, Republic of');
INSERT INTO `ait_geo_country` VALUES (170,'PH','PHL',608,'Philippines, Republic of the');
INSERT INTO `ait_geo_country` VALUES (171,'PN','PCN',612,'Pitcairn Island');
INSERT INTO `ait_geo_country` VALUES (172,'PL','POL',616,'Poland, Polish People\'s Republic');
INSERT INTO `ait_geo_country` VALUES (173,'PT','PRT',620,'Portugal, Portuguese Republic');
INSERT INTO `ait_geo_country` VALUES (174,'PR','PRI',630,'Puerto Rico');
INSERT INTO `ait_geo_country` VALUES (175,'QA','QAT',634,'Qatar, State of');
INSERT INTO `ait_geo_country` VALUES (176,'RE','REU',638,'Reunion');
INSERT INTO `ait_geo_country` VALUES (177,'RO','ROU',642,'Romania, Socialist Republic of');
INSERT INTO `ait_geo_country` VALUES (178,'RU','RUS',643,'Russian Federation');
INSERT INTO `ait_geo_country` VALUES (179,'RW','RWA',646,'Rwanda, Rwandese Republic');
INSERT INTO `ait_geo_country` VALUES (180,'SH','SHN',654,'St. Helena');
INSERT INTO `ait_geo_country` VALUES (181,'KN','KNA',659,'St. Kitts and Nevis');
INSERT INTO `ait_geo_country` VALUES (182,'LC','LCA',662,'St. Lucia');
INSERT INTO `ait_geo_country` VALUES (183,'PM','SPM',666,'St. Pierre and Miquelon');
INSERT INTO `ait_geo_country` VALUES (184,'VC','VCT',670,'St. Vincent and the Grenadines');
INSERT INTO `ait_geo_country` VALUES (185,'WS','WSM',882,'Samoa, Independent State of (was Western Samoa)');
INSERT INTO `ait_geo_country` VALUES (186,'SM','SMR',674,'San Marino, Republic of');
INSERT INTO `ait_geo_country` VALUES (187,'ST','STP',678,'Sao Tome and Principe, Democratic Republic of');
INSERT INTO `ait_geo_country` VALUES (188,'SA','SAU',682,'Saudi Arabia, Kingdom of');
INSERT INTO `ait_geo_country` VALUES (189,'SN','SEN',686,'Senegal, Republic of');
INSERT INTO `ait_geo_country` VALUES (190,'CS','SCG',891,'Serbia and Montenegro');
INSERT INTO `ait_geo_country` VALUES (191,'SC','SYC',690,'Seychelles, Republic of');
INSERT INTO `ait_geo_country` VALUES (192,'SL','SLE',694,'Sierra Leone, Republic of');
INSERT INTO `ait_geo_country` VALUES (193,'SG','SGP',702,'Singapore, Republic of');
INSERT INTO `ait_geo_country` VALUES (194,'SK','SVK',703,'Slovakia (Slovak Republic)');
INSERT INTO `ait_geo_country` VALUES (195,'SI','SVN',705,'Slovenia');
INSERT INTO `ait_geo_country` VALUES (196,'SB','SLB',90,'Solomon Islands (was British Solomon Islands)');
INSERT INTO `ait_geo_country` VALUES (197,'SO','SOM',706,'Somalia, Somali Republic');
INSERT INTO `ait_geo_country` VALUES (198,'ZA','ZAF',710,'South Africa, Republic of');
INSERT INTO `ait_geo_country` VALUES (199,'GS','SGS',239,'South Georgia and the South Sandwich Islands');
INSERT INTO `ait_geo_country` VALUES (200,'ES','ESP',724,'Spain, Spanish State');
INSERT INTO `ait_geo_country` VALUES (201,'LK','LKA',144,'Sri Lanka, Democratic Socialist Republic of (was Ceylon)');
INSERT INTO `ait_geo_country` VALUES (202,'SD','SDN',736,'Sudan, Democratic Republic of the');
INSERT INTO `ait_geo_country` VALUES (203,'SR','SUR',740,'Suriname, Republic of');
INSERT INTO `ait_geo_country` VALUES (204,'SJ','SJM',744,'Svalbard & Jan Mayen Islands');
INSERT INTO `ait_geo_country` VALUES (205,'SZ','SWZ',748,'Swaziland, Kingdom of');
INSERT INTO `ait_geo_country` VALUES (206,'SE','SWE',752,'Sweden, Kingdom of');
INSERT INTO `ait_geo_country` VALUES (207,'CH','CHE',756,'Switzerland, Swiss Confederation');
INSERT INTO `ait_geo_country` VALUES (208,'SY','SYR',760,'Syrian Arab Republic');
INSERT INTO `ait_geo_country` VALUES (209,'TW','TWN',158,'Taiwan, Province of China');
INSERT INTO `ait_geo_country` VALUES (210,'TJ','TJK',762,'Tajikistan');
INSERT INTO `ait_geo_country` VALUES (211,'TZ','TZA',834,'Tanzania, United Republic of');
INSERT INTO `ait_geo_country` VALUES (212,'TH','THA',764,'Thailand, Kingdom of');
INSERT INTO `ait_geo_country` VALUES (213,'TL','TLS',626,'Timor-Leste, Democratic Republic of');
INSERT INTO `ait_geo_country` VALUES (214,'TG','TGO',768,'Togo, Togolese Republic');
INSERT INTO `ait_geo_country` VALUES (215,'TK','TKL',772,'Tokelau (Tokelau Islands)');
INSERT INTO `ait_geo_country` VALUES (216,'TO','TON',776,'Tonga, Kingdom of');
INSERT INTO `ait_geo_country` VALUES (217,'TT','TTO',780,'Trinidad and Tobago, Republic of');
INSERT INTO `ait_geo_country` VALUES (218,'TN','TUN',788,'Tunisia, Republic of');
INSERT INTO `ait_geo_country` VALUES (219,'TR','TUR',792,'Turkey, Republic of');
INSERT INTO `ait_geo_country` VALUES (220,'TM','TKM',795,'Turkmenistan');
INSERT INTO `ait_geo_country` VALUES (221,'TC','TCA',796,'Turks and Caicos Islands');
INSERT INTO `ait_geo_country` VALUES (222,'TV','TUV',798,'Tuvalu (was part of Gilbert & Ellice Islands)');
INSERT INTO `ait_geo_country` VALUES (223,'VI','VIR',850,'US Virgin Islands');
INSERT INTO `ait_geo_country` VALUES (224,'UG','UGA',800,'Uganda, Republic of');
INSERT INTO `ait_geo_country` VALUES (225,'UA','UKR',804,'Ukraine');
INSERT INTO `ait_geo_country` VALUES (226,'AE','ARE',784,'United Arab Emirates (was Trucial States)');
INSERT INTO `ait_geo_country` VALUES (227,'GB','GBR',826,'United Kingdom of Great Britain & N. Ireland');
INSERT INTO `ait_geo_country` VALUES (228,'UM','UMI',581,'United States Minor Outlying Islands');
INSERT INTO `ait_geo_country` VALUES (229,'US','USA',840,'United States of America');
INSERT INTO `ait_geo_country` VALUES (230,'UY','URY',858,'Uruguay, Eastern Republic of');
INSERT INTO `ait_geo_country` VALUES (231,'UZ','UZB',860,'Uzbekistan');
INSERT INTO `ait_geo_country` VALUES (232,'VU','VUT',548,'Vanuatu (was New Hebrides)');
INSERT INTO `ait_geo_country` VALUES (233,'VE','VEN',862,'Venezuela, Bolivarian Republic of');
INSERT INTO `ait_geo_country` VALUES (234,'VN','VNM',704,'Viet Nam, Socialist Republic of (was Democratic Republic of & Republic of)');
INSERT INTO `ait_geo_country` VALUES (235,'WF','WLF',876,'Wallis and Futuna Islands');
INSERT INTO `ait_geo_country` VALUES (236,'EH','ESH',732,'Western Sahara (was Spanish Sahara)');
INSERT INTO `ait_geo_country` VALUES (237,'YE','YEM',887,'Yemen');
INSERT INTO `ait_geo_country` VALUES (238,'ZM','ZMB',894,'Zambia, Republic of');
INSERT INTO `ait_geo_country` VALUES (239,'ZW','ZWE',716,'Zimbabwe (was Southern Rhodesia)');
CREATE TABLE `ait_geo_location` (  `locationid` int(10) unsigned NOT NULL AUTO_INCREMENT,  `cityid` int(10) unsigned DEFAULT NULL,  `street` int(11) NOT NULL,  `latitude` float NOT NULL,  `longitude` float NOT NULL,  PRIMARY KEY (`locationid`),  KEY `cityid` (`cityid`),  CONSTRAINT `ait_geo_location_ibfk_1` FOREIGN KEY (`cityid`) REFERENCES `ait_geo_city` (`cityid`) ON DELETE SET NULL) ENGINE=InnoDB DEFAULT CHARSET=utf8;
CREATE TABLE `ait_hit` (  `idartlang` int(10) unsigned NOT NULL,  `d` date NOT NULL,  `h` smallint(6) NOT NULL,  `hits` int(11) NOT NULL DEFAULT '1',  PRIMARY KEY (`idartlang`,`d`,`h`),  CONSTRAINT `ait_hit_ibfk_1` FOREIGN KEY (`idartlang`) REFERENCES `ait_art_lang` (`idartlang`) ON DELETE CASCADE) ENGINE=InnoDB DEFAULT CHARSET=utf8;
CREATE TABLE `ait_honeytrap` (  `trapid` int(10) unsigned NOT NULL AUTO_INCREMENT,  `ip` varchar(15) NOT NULL,  `created` timestamp NOT NULL DEFAULT CURRENT_TIMESTAMP,  PRIMARY KEY (`trapid`),  KEY `ip` (`ip`),  KEY `created` (`created`)) ENGINE=MyISAM DEFAULT CHARSET=utf8;
CREATE TABLE `ait_lang` (  `idlang` int(10) unsigned NOT NULL AUTO_INCREMENT,  `idclient` int(10) unsigned NOT NULL,  `name` varchar(255) NOT NULL,  `longname` varchar(255) NOT NULL,  `active` tinyint(1) NOT NULL DEFAULT '0',  `created` datetime NOT NULL DEFAULT '0000-00-00 00:00:00',  `lastmodified` datetime NOT NULL DEFAULT '0000-00-00 00:00:00',  `encoding` varchar(32) NOT NULL,  `direction` char(3) NOT NULL DEFAULT 'ltr',  `locale` varchar(5) DEFAULT NULL,  PRIMARY KEY (`idlang`),  KEY `idclient` (`idclient`),  CONSTRAINT `ait_lang_ibfk_1` FOREIGN KEY (`idclient`) REFERENCES `ait_clients` (`idclient`) ON DELETE CASCADE) ENGINE=InnoDB AUTO_INCREMENT=2 DEFAULT CHARSET=utf8;
INSERT INTO `ait_lang` VALUES (1,1,'de','',1,'2010-10-22 14:34:14','2010-12-23 22:04:19','utf-8','ltr','de_CH');
CREATE TABLE `ait_lastopened` (  `idart` int(10) unsigned NOT NULL,  `idlang` int(10) unsigned NOT NULL,  `userid` int(10) unsigned NOT NULL,  `time` timestamp NOT NULL DEFAULT '0000-00-00 00:00:00' ON UPDATE CURRENT_TIMESTAMP,  PRIMARY KEY (`idart`,`idlang`,`userid`),  KEY `idlang` (`idlang`),  KEY `userid` (`userid`),  CONSTRAINT `ait_lastopened_ibfk_1` FOREIGN KEY (`idart`) REFERENCES `ait_art` (`idart`) ON DELETE CASCADE,  CONSTRAINT `ait_lastopened_ibfk_2` FOREIGN KEY (`idlang`) REFERENCES `ait_lang` (`idlang`) ON DELETE CASCADE,  CONSTRAINT `ait_lastopened_ibfk_3` FOREIGN KEY (`userid`) REFERENCES `ait_acl_user` (`userid`) ON DELETE CASCADE) ENGINE=InnoDB DEFAULT CHARSET=utf8;
CREATE TABLE `ait_locale` (  `localeid` int(11) NOT NULL AUTO_INCREMENT,  `fullname` varchar(255) NOT NULL,  `locale` varchar(5) NOT NULL,  PRIMARY KEY (`localeid`)) ENGINE=InnoDB AUTO_INCREMENT=153 DEFAULT CHARSET=utf8;
INSERT INTO `ait_locale` VALUES (1,'Albanian (Albania)','sq_AL');
INSERT INTO `ait_locale` VALUES (2,'Albanian','sq');
INSERT INTO `ait_locale` VALUES (3,'Arabic (Algeria)','ar_DZ');
INSERT INTO `ait_locale` VALUES (4,'Arabic (Bahrain)','ar_BH');
INSERT INTO `ait_locale` VALUES (5,'Arabic (Egypt)','ar_EG');
INSERT INTO `ait_locale` VALUES (6,'Arabic (Iraq)','ar_IQ');
INSERT INTO `ait_locale` VALUES (7,'Arabic (Jordan)','ar_JO');
INSERT INTO `ait_locale` VALUES (8,'Arabic (Kuwait)','ar_KW');
INSERT INTO `ait_locale` VALUES (9,'Arabic (Lebanon)','ar_LB');
INSERT INTO `ait_locale` VALUES (10,'Arabic (Libya)','ar_LY');
INSERT INTO `ait_locale` VALUES (11,'Arabic (Morocco)','ar_MA');
INSERT INTO `ait_locale` VALUES (12,'Arabic (Oman)','ar_OM');
INSERT INTO `ait_locale` VALUES (13,'Arabic (Qatar)','ar_QA');
INSERT INTO `ait_locale` VALUES (14,'Arabic (Saudi Arabia)','ar_SA');
INSERT INTO `ait_locale` VALUES (15,'Arabic (Sudan)','ar_SD');
INSERT INTO `ait_locale` VALUES (16,'Arabic (Syria)','ar_SY');
INSERT INTO `ait_locale` VALUES (17,'Arabic (Tunisia)','ar_TN');
INSERT INTO `ait_locale` VALUES (18,'Arabic (United Arab Emirates)','ar_AE');
INSERT INTO `ait_locale` VALUES (19,'Arabic (Yemen)','ar_YE');
INSERT INTO `ait_locale` VALUES (20,'Arabic','ar');
INSERT INTO `ait_locale` VALUES (21,'Belarusian (Belarus)','be_BY');
INSERT INTO `ait_locale` VALUES (22,'Belarusian','be');
INSERT INTO `ait_locale` VALUES (23,'Bulgarian (Bulgaria)','bg_BG');
INSERT INTO `ait_locale` VALUES (24,'Bulgarian','bg');
INSERT INTO `ait_locale` VALUES (25,'Catalan (Spain)','ca_ES');
INSERT INTO `ait_locale` VALUES (26,'Catalan','ca');
INSERT INTO `ait_locale` VALUES (27,'Chinese (China)','zh_CN');
INSERT INTO `ait_locale` VALUES (28,'Chinese (Hong Kong)','zh_HK');
INSERT INTO `ait_locale` VALUES (29,'Chinese (Singapore)','zh_SG');
INSERT INTO `ait_locale` VALUES (30,'Chinese (Taiwan)','zh_TW');
INSERT INTO `ait_locale` VALUES (31,'Chinese','zh');
INSERT INTO `ait_locale` VALUES (32,'Croatian (Croatia)','hr_HR');
INSERT INTO `ait_locale` VALUES (33,'Croatian','hr');
INSERT INTO `ait_locale` VALUES (34,'Czech (Czech Republic)','cs_CZ');
INSERT INTO `ait_locale` VALUES (35,'Czech','cs');
INSERT INTO `ait_locale` VALUES (36,'Danish (Denmark)','da_DK');
INSERT INTO `ait_locale` VALUES (37,'Danish','da');
INSERT INTO `ait_locale` VALUES (38,'Dutch (Belgium)','nl_BE');
INSERT INTO `ait_locale` VALUES (39,'Dutch (Netherlands)','nl_NL');
INSERT INTO `ait_locale` VALUES (40,'Dutch','nl');
INSERT INTO `ait_locale` VALUES (41,'English (Australia)','en_AU');
INSERT INTO `ait_locale` VALUES (42,'English (Canada)','en_CA');
INSERT INTO `ait_locale` VALUES (43,'English (India)','en_IN');
INSERT INTO `ait_locale` VALUES (44,'English (Ireland)','en_IE');
INSERT INTO `ait_locale` VALUES (45,'English (Malta)','en_MT');
INSERT INTO `ait_locale` VALUES (46,'English (New Zealand)','en_NZ');
INSERT INTO `ait_locale` VALUES (47,'English (Philippines)','en_PH');
INSERT INTO `ait_locale` VALUES (48,'English (Singapore)','en_SG');
INSERT INTO `ait_locale` VALUES (49,'English (South Africa)','en_ZA');
INSERT INTO `ait_locale` VALUES (50,'English (United Kingdom)','en_GB');
INSERT INTO `ait_locale` VALUES (51,'English (United States)','en_US');
INSERT INTO `ait_locale` VALUES (52,'English','en');
INSERT INTO `ait_locale` VALUES (53,'Estonian (Estonia)','et_EE');
INSERT INTO `ait_locale` VALUES (54,'Estonian','et');
INSERT INTO `ait_locale` VALUES (55,'Finnish (Finland)','fi_FI');
INSERT INTO `ait_locale` VALUES (56,'Finnish','fi');
INSERT INTO `ait_locale` VALUES (57,'French (Belgium)','fr_BE');
INSERT INTO `ait_locale` VALUES (58,'French (Canada)','fr_CA');
INSERT INTO `ait_locale` VALUES (59,'French (France)','fr_FR');
INSERT INTO `ait_locale` VALUES (60,'French (Luxembourg)','fr_LU');
INSERT INTO `ait_locale` VALUES (61,'French (Switzerland)','fr_CH');
INSERT INTO `ait_locale` VALUES (62,'French','fr');
INSERT INTO `ait_locale` VALUES (63,'German (Austria)','de_AT');
INSERT INTO `ait_locale` VALUES (64,'German (Germany)','de_DE');
INSERT INTO `ait_locale` VALUES (65,'German (Luxembourg)','de_LU');
INSERT INTO `ait_locale` VALUES (66,'German (Switzerland)','de_CH');
INSERT INTO `ait_locale` VALUES (67,'German','de');
INSERT INTO `ait_locale` VALUES (68,'Greek (Cyprus)','el_CY');
INSERT INTO `ait_locale` VALUES (69,'Greek (Greece)','el_GR');
INSERT INTO `ait_locale` VALUES (70,'Greek','el');
INSERT INTO `ait_locale` VALUES (71,'Hebrew (Israel)','iw_IL');
INSERT INTO `ait_locale` VALUES (72,'Hebrew','iw');
INSERT INTO `ait_locale` VALUES (73,'Hindi (India)','hi_IN');
INSERT INTO `ait_locale` VALUES (74,'Hungarian (Hungary)','hu_HU');
INSERT INTO `ait_locale` VALUES (75,'Hungarian','hu');
INSERT INTO `ait_locale` VALUES (76,'Icelandic (Iceland)','is_IS');
INSERT INTO `ait_locale` VALUES (77,'Icelandic','is');
INSERT INTO `ait_locale` VALUES (78,'Indonesian (Indonesia)','in_ID');
INSERT INTO `ait_locale` VALUES (79,'Indonesian','in');
INSERT INTO `ait_locale` VALUES (80,'Irish (Ireland)','ga_IE');
INSERT INTO `ait_locale` VALUES (81,'Irish','ga');
INSERT INTO `ait_locale` VALUES (82,'Italian (Italy)','it_IT');
INSERT INTO `ait_locale` VALUES (83,'Italian (Switzerland)','it_CH');
INSERT INTO `ait_locale` VALUES (84,'Italian','it');
INSERT INTO `ait_locale` VALUES (85,'Japanese (Japan)','ja_JP');
INSERT INTO `ait_locale` VALUES (86,'Japanese (Japan,JP)','ja_JP');
INSERT INTO `ait_locale` VALUES (87,'Japanese','ja');
INSERT INTO `ait_locale` VALUES (88,'Korean (South Korea)','ko_KR');
INSERT INTO `ait_locale` VALUES (89,'Korean','ko');
INSERT INTO `ait_locale` VALUES (90,'Latvian (Latvia)','lv_LV');
INSERT INTO `ait_locale` VALUES (91,'Latvian','lv');
INSERT INTO `ait_locale` VALUES (92,'Lithuanian (Lithuania)','lt_LT');
INSERT INTO `ait_locale` VALUES (93,'Lithuanian','lt');
INSERT INTO `ait_locale` VALUES (94,'Macedonian (Macedonia)','mk_MK');
INSERT INTO `ait_locale` VALUES (95,'Macedonian','mk');
INSERT INTO `ait_locale` VALUES (96,'Malay (Malaysia)','ms_MY');
INSERT INTO `ait_locale` VALUES (97,'Malay','ms');
INSERT INTO `ait_locale` VALUES (98,'Maltese (Malta)','mt_MT');
INSERT INTO `ait_locale` VALUES (99,'Maltese','mt');
INSERT INTO `ait_locale` VALUES (100,'Norwegian (Norway)','no_NO');
INSERT INTO `ait_locale` VALUES (101,'Norwegian (Norway,Nynorsk)','no_NO');
INSERT INTO `ait_locale` VALUES (102,'Norwegian','no');
INSERT INTO `ait_locale` VALUES (103,'Polish (Poland)','pl_PL');
INSERT INTO `ait_locale` VALUES (104,'Polish','pl');
INSERT INTO `ait_locale` VALUES (105,'Portuguese (Brazil)','pt_BR');
INSERT INTO `ait_locale` VALUES (106,'Portuguese (Portugal)','pt_PT');
INSERT INTO `ait_locale` VALUES (107,'Portuguese','pt');
INSERT INTO `ait_locale` VALUES (108,'Romanian (Romania)','ro_RO');
INSERT INTO `ait_locale` VALUES (109,'Romanian','ro');
INSERT INTO `ait_locale` VALUES (110,'Russian (Russia)','ru_RU');
INSERT INTO `ait_locale` VALUES (111,'Russian','ru');
INSERT INTO `ait_locale` VALUES (112,'Serbian (Bosnia and Herzegovina)','sr_BA');
INSERT INTO `ait_locale` VALUES (113,'Serbian (Montenegro)','sr_ME');
INSERT INTO `ait_locale` VALUES (114,'Serbian (Serbia and Montenegro)','sr_CS');
INSERT INTO `ait_locale` VALUES (115,'Serbian (Serbia)','sr_RS');
INSERT INTO `ait_locale` VALUES (116,'Serbian','sr');
INSERT INTO `ait_locale` VALUES (117,'Slovak (Slovakia)','sk_SK');
INSERT INTO `ait_locale` VALUES (118,'Slovak','sk');
INSERT INTO `ait_locale` VALUES (119,'Slovenian (Slovenia)','sl_SI');
INSERT INTO `ait_locale` VALUES (120,'Slovenian','sl');
INSERT INTO `ait_locale` VALUES (121,'Spanish (Argentina)','es_AR');
INSERT INTO `ait_locale` VALUES (122,'Spanish (Bolivia)','es_BO');
INSERT INTO `ait_locale` VALUES (123,'Spanish (Chile)','es_CL');
INSERT INTO `ait_locale` VALUES (124,'Spanish (Colombia)','es_CO');
INSERT INTO `ait_locale` VALUES (125,'Spanish (Costa Rica)','es_CR');
INSERT INTO `ait_locale` VALUES (126,'Spanish (Dominican Republic)','es_DO');
INSERT INTO `ait_locale` VALUES (127,'Spanish (Ecuador)','es_EC');
INSERT INTO `ait_locale` VALUES (128,'Spanish (El Salvador)','es_SV');
INSERT INTO `ait_locale` VALUES (129,'Spanish (Guatemala)','es_GT');
INSERT INTO `ait_locale` VALUES (130,'Spanish (Honduras)','es_HN');
INSERT INTO `ait_locale` VALUES (131,'Spanish (Mexico)','es_MX');
INSERT INTO `ait_locale` VALUES (132,'Spanish (Nicaragua)','es_NI');
INSERT INTO `ait_locale` VALUES (133,'Spanish (Panama)','es_PA');
INSERT INTO `ait_locale` VALUES (134,'Spanish (Paraguay)','es_PY');
INSERT INTO `ait_locale` VALUES (135,'Spanish (Peru)','es_PE');
INSERT INTO `ait_locale` VALUES (136,'Spanish (Puerto Rico)','es_PR');
INSERT INTO `ait_locale` VALUES (137,'Spanish (Spain)','es_ES');
INSERT INTO `ait_locale` VALUES (138,'Spanish (United States)','es_US');
INSERT INTO `ait_locale` VALUES (139,'Spanish (Uruguay)','es_UY');
INSERT INTO `ait_locale` VALUES (140,'Spanish (Venezuela)','es_VE');
INSERT INTO `ait_locale` VALUES (141,'Spanish','es');
INSERT INTO `ait_locale` VALUES (142,'Swedish (Sweden)','sv_SE');
INSERT INTO `ait_locale` VALUES (143,'Swedish','sv');
INSERT INTO `ait_locale` VALUES (144,'Thai (Thailand)','th_TH');
INSERT INTO `ait_locale` VALUES (145,'Thai (Thailand,TH)','th_TH');
INSERT INTO `ait_locale` VALUES (146,'Thai','th');
INSERT INTO `ait_locale` VALUES (147,'Turkish (Turkey)','tr_TR');
INSERT INTO `ait_locale` VALUES (148,'Turkish','tr');
INSERT INTO `ait_locale` VALUES (149,'Ukrainian (Ukraine)','uk_UA');
INSERT INTO `ait_locale` VALUES (150,'Ukrainian','uk');
INSERT INTO `ait_locale` VALUES (151,'Vietnamese (Vietnam)','vi_VN');
INSERT INTO `ait_locale` VALUES (152,'Vietnamese','vi');
CREATE TABLE `ait_lucene_index` (  `uid` varchar(255) NOT NULL,  `idart` int(10) unsigned DEFAULT NULL,  `idlang` int(10) unsigned DEFAULT NULL,  `path` varchar(255) DEFAULT NULL,  `lastindexed` datetime NOT NULL,  PRIMARY KEY (`uid`),  KEY `idart` (`idart`,`idlang`),  KEY `path` (`path`)) ENGINE=MyISAM DEFAULT CHARSET=utf8;
INSERT INTO `ait_lucene_index` VALUES ('224-1',224,1,NULL,'2011-06-17 19:33:03');
INSERT INTO `ait_lucene_index` VALUES ('292-1',292,1,NULL,'2011-06-17 19:33:06');
INSERT INTO `ait_lucene_index` VALUES ('273-1',273,1,NULL,'2011-06-17 19:33:09');
INSERT INTO `ait_lucene_index` VALUES ('293-1',293,1,NULL,'2011-06-17 19:33:10');
INSERT INTO `ait_lucene_index` VALUES ('307-1',307,1,NULL,'2011-06-17 19:33:12');
INSERT INTO `ait_lucene_index` VALUES ('295-1',295,1,NULL,'2011-06-17 19:33:13');
INSERT INTO `ait_lucene_index` VALUES ('306-1',306,1,NULL,'2011-06-17 19:33:14');
INSERT INTO `ait_lucene_index` VALUES ('305-1',305,1,NULL,'2011-06-17 19:33:16');
INSERT INTO `ait_lucene_index` VALUES ('291-1',291,1,NULL,'2011-06-17 19:33:16');
INSERT INTO `ait_lucene_index` VALUES ('297-1',297,1,NULL,'2011-06-17 19:33:17');
INSERT INTO `ait_lucene_index` VALUES ('298-1',298,1,NULL,'2011-06-17 19:33:19');
INSERT INTO `ait_lucene_index` VALUES ('299-1',299,1,NULL,'2011-06-17 19:33:20');
INSERT INTO `ait_lucene_index` VALUES ('312-1',312,1,NULL,'2011-06-17 19:33:21');
INSERT INTO `ait_lucene_index` VALUES ('294-1',294,1,NULL,'2011-06-17 19:33:22');
INSERT INTO `ait_lucene_index` VALUES ('303-1',303,1,NULL,'2011-06-17 19:33:23');
INSERT INTO `ait_lucene_index` VALUES ('304-1',304,1,NULL,'2011-06-17 19:33:24');
INSERT INTO `ait_lucene_index` VALUES ('300-1',300,1,NULL,'2011-06-17 19:33:25');
INSERT INTO `ait_lucene_index` VALUES ('278-1',278,1,NULL,'2011-06-17 19:33:26');
INSERT INTO `ait_lucene_index` VALUES ('308-1',308,1,NULL,'2011-06-17 19:33:27');
INSERT INTO `ait_lucene_index` VALUES ('310-1',310,1,NULL,'2011-06-17 19:33:28');
CREATE TABLE `ait_media` (  `mediaid` int(10) unsigned NOT NULL AUTO_INCREMENT,  `idart` int(10) unsigned DEFAULT NULL,  `filename` varchar(255) NOT NULL,  `size` bigint(20) NOT NULL,  `extension` varchar(10) NOT NULL,  `xtl` float NOT NULL DEFAULT '0',  `ytl` float NOT NULL DEFAULT '0',  `xbr` float NOT NULL DEFAULT '1',  `ybr` float NOT NULL DEFAULT '1',  `uploaded` datetime NOT NULL,  `deleted` datetime DEFAULT NULL,  PRIMARY KEY (`mediaid`),  KEY `idart` (`idart`)) ENGINE=InnoDB AUTO_INCREMENT=66 DEFAULT CHARSET=utf8;
INSERT INTO `ait_media` VALUES (10,274,'0.gif',43,'gif',0,0,1,1,'2011-05-26 16:53:01',NULL);
INSERT INTO `ait_media` VALUES (11,307,'icon.jpg',1723,'jpg',0,0,1,1,'2011-05-26 17:46:54',NULL);
INSERT INTO `ait_media` VALUES (44,311,'xls.xlsx',8079,'xlsx',0,0,1,1,'2011-05-31 14:26:35',NULL);
INSERT INTO `ait_media` VALUES (45,311,'zip.zip',22,'zip',0,0,1,1,'2011-05-31 14:26:36',NULL);
INSERT INTO `ait_media` VALUES (47,311,'txt.txt',0,'txt',0,0,1,1,'2011-05-31 14:26:36',NULL);
INSERT INTO `ait_media` VALUES (49,293,'aitsu_icon_alpha_120x120.png',1115,'png',0,0,1,1,'2011-06-16 14:35:16',NULL);
INSERT INTO `ait_media` VALUES (50,293,'xls.xlsx',8079,'xlsx',0,0,1,1,'2011-06-16 14:47:48',NULL);
INSERT INTO `ait_media` VALUES (51,310,'autumn_leaves_00195.jpg',2037705,'jpg',0,0,1,1,'2011-06-17 19:03:21',NULL);
INSERT INTO `ait_media` VALUES (52,310,'beach_side_swimming_australia_PB181577.jpg',1005094,'jpg',0,0,1,1,'2011-06-17 19:03:21',NULL);
INSERT INTO `ait_media` VALUES (53,310,'big_wheel_tokyo_172007.jpg',1049227,'jpg',0.328571,0.489286,0.895238,0.832143,'2011-06-17 19:03:21',NULL);
INSERT INTO `ait_media` VALUES (54,310,'bush_walk_marker_080150.jpg',1063244,'jpg',0,0,1,1,'2011-06-17 19:03:21',NULL);
INSERT INTO `ait_media` VALUES (55,310,'dessert_drought_5021235.jpg',930402,'jpg',0,0,1,1,'2011-06-17 19:03:21',NULL);
INSERT INTO `ait_media` VALUES (56,310,'drought_dead_tree_5264574.jpg',576276,'jpg',0,0,1,1,'2011-06-17 19:03:22',NULL);
INSERT INTO `ait_media` VALUES (57,310,'frost_covered_ivy_176967.jpg',1188917,'jpg',0,0,1,1,'2011-06-17 19:03:22',NULL);
INSERT INTO `ait_media` VALUES (58,310,'frost_oak_leaf_winter_218310.jpg',1668530,'jpg',0,0,1,1,'2011-06-17 19:03:22',NULL);
INSERT INTO `ait_media` VALUES (59,310,'frosty_winter_morning_177037.jpg',512062,'jpg',0,0,1,1,'2011-06-17 19:03:22',NULL);
INSERT INTO `ait_media` VALUES (60,310,'small_wind_turbine_P8092706.jpg',451587,'jpg',0,0,1,1,'2011-06-17 19:03:23',NULL);
INSERT INTO `ait_media` VALUES (61,310,'stormy_beach_P1013473.jpg',695572,'jpg',0,0,1,1,'2011-06-17 19:03:23',NULL);
INSERT INTO `ait_media` VALUES (62,310,'summer_beach_australia_2240541.jpg',1197050,'jpg',0,0,1,1,'2011-06-17 19:03:23',NULL);
INSERT INTO `ait_media` VALUES (63,310,'sunset_coast_2230302.jpg',799240,'jpg',0,0,1,1,'2011-06-17 19:03:23',NULL);
INSERT INTO `ait_media` VALUES (64,310,'whitsunday_cruise_4220838.jpg',858979,'jpg',0,0,1,1,'2011-06-17 19:03:24',NULL);
INSERT INTO `ait_media` VALUES (65,310,'wind_red_flag_1011403.jpg',517442,'jpg',0,0,1,1,'2011-06-17 19:03:24',NULL);
CREATE TABLE `ait_media_description` (  `mediaid` int(10) unsigned NOT NULL,  `idlang` int(10) unsigned NOT NULL,  `name` varchar(255) NOT NULL,  `subline` text NOT NULL,  `description` text NOT NULL,  PRIMARY KEY (`mediaid`,`idlang`),  CONSTRAINT `ait_media_description_ibfk_1` FOREIGN KEY (`mediaid`) REFERENCES `ait_media` (`mediaid`) ON DELETE CASCADE,  CONSTRAINT `ait_media_description_ibfk_2` FOREIGN KEY (`mediaid`) REFERENCES `ait_media` (`mediaid`) ON DELETE CASCADE,  CONSTRAINT `ait_media_description_ibfk_3` FOREIGN KEY (`mediaid`) REFERENCES `ait_media` (`mediaid`) ON DELETE CASCADE) ENGINE=InnoDB DEFAULT CHARSET=utf8;
INSERT INTO `ait_media_description` VALUES (11,1,'Name','Subline','Description');
INSERT INTO `ait_media_description` VALUES (49,1,'aitsu Icon','Das aitsu Icon','Copyright by Babett Ammari. Alle Rechte vorbehalten.');
INSERT INTO `ait_media_description` VALUES (50,1,'Excel-Tabelle','Eine Excel-Tabelle','Leere Excel-Tabelle');
INSERT INTO `ait_media_description` VALUES (53,1,'','','');
CREATE TABLE `ait_media_tag` (  `mediatagid` int(10) unsigned NOT NULL AUTO_INCREMENT,  `tag` varchar(255) NOT NULL,  PRIMARY KEY (`mediatagid`),  KEY `tag` (`tag`)) ENGINE=InnoDB DEFAULT CHARSET=utf8;
CREATE TABLE `ait_media_tags` (  `mediatagid` int(10) unsigned NOT NULL,  `mediaid` int(10) unsigned NOT NULL,  `val` varchar(255) DEFAULT NULL,  PRIMARY KEY (`mediatagid`,`mediaid`),  KEY `mediaid` (`mediaid`),  CONSTRAINT `ait_media_tags_ibfk_1` FOREIGN KEY (`mediatagid`) REFERENCES `ait_media_tag` (`mediatagid`) ON DELETE CASCADE,  CONSTRAINT `ait_media_tags_ibfk_2` FOREIGN KEY (`mediaid`) REFERENCES `ait_media` (`mediaid`) ON DELETE CASCADE,  CONSTRAINT `ait_media_tags_ibfk_3` FOREIGN KEY (`mediatagid`) REFERENCES `ait_media_tag` (`mediatagid`) ON DELETE CASCADE,  CONSTRAINT `ait_media_tags_ibfk_4` FOREIGN KEY (`mediaid`) REFERENCES `ait_media` (`mediaid`) ON DELETE CASCADE,  CONSTRAINT `ait_media_tags_ibfk_5` FOREIGN KEY (`mediatagid`) REFERENCES `ait_media_tag` (`mediatagid`) ON DELETE CASCADE,  CONSTRAINT `ait_media_tags_ibfk_6` FOREIGN KEY (`mediaid`) REFERENCES `ait_media` (`mediaid`) ON DELETE CASCADE) ENGINE=InnoDB DEFAULT CHARSET=utf8;
CREATE TABLE `ait_performance_profile` (  `idartlang` int(10) unsigned NOT NULL,  `obsdate` date NOT NULL,  `tsum` double NOT NULL,  `tssum` double NOT NULL,  `fastest` double NOT NULL,  `slowest` double NOT NULL,  `n` int(11) NOT NULL DEFAULT '0',  PRIMARY KEY (`idartlang`,`obsdate`),  CONSTRAINT `ait_performance_profile_ibfk_1` FOREIGN KEY (`idartlang`) REFERENCES `ait_art_lang` (`idartlang`) ON DELETE CASCADE) ENGINE=InnoDB DEFAULT CHARSET=utf8;
INSERT INTO `ait_performance_profile` VALUES (491,'2011-06-17',184.983015,34218.715861,184.983015,184.983015,1);
INSERT INTO `ait_performance_profile` VALUES (492,'2011-06-17',602.201939,362647.174889,602.201939,602.201939,1);
INSERT INTO `ait_performance_profile` VALUES (493,'2011-06-17',357.61404,127887.801873,357.61404,357.61404,1);
INSERT INTO `ait_performance_profile` VALUES (497,'2011-06-17',900.865078,811557.88871,900.865078,900.865078,1);
INSERT INTO `ait_performance_profile` VALUES (510,'2011-06-17',360.224962,129762.023417,360.224962,360.224962,1);
INSERT INTO `ait_performance_profile` VALUES (511,'2011-06-17',369.683027,136665.54065,369.683027,369.683027,1);
INSERT INTO `ait_performance_profile` VALUES (512,'2011-06-17',442.721128,196001.997588,442.721128,442.721128,1);
INSERT INTO `ait_performance_profile` VALUES (513,'2011-06-17',481.208801,231561.910419,481.208801,481.208801,1);
INSERT INTO `ait_performance_profile` VALUES (514,'2011-06-17',998.494864,996991.992456,998.494864,998.494864,1);
INSERT INTO `ait_performance_profile` VALUES (516,'2011-06-17',392.058134,153709.580497,392.058134,392.058134,1);
INSERT INTO `ait_performance_profile` VALUES (517,'2011-06-17',408.354044,166753.025219,408.354044,408.354044,1);
INSERT INTO `ait_performance_profile` VALUES (518,'2011-06-17',589.044094,346972.944777,589.044094,589.044094,1);
INSERT INTO `ait_performance_profile` VALUES (519,'2011-06-17',561.767101,315582.276089,561.767101,561.767101,1);
INSERT INTO `ait_performance_profile` VALUES (522,'2011-06-17',498.329878,248332.667161,498.329878,498.329878,1);
INSERT INTO `ait_performance_profile` VALUES (523,'2011-06-17',522.356987,272856.821867,522.356987,522.356987,1);
INSERT INTO `ait_performance_profile` VALUES (524,'2011-06-17',840.394974,706263.711912,840.394974,840.394974,1);
INSERT INTO `ait_performance_profile` VALUES (525,'2011-06-17',365.052938,133263.647879,365.052938,365.052938,1);
INSERT INTO `ait_performance_profile` VALUES (526,'2011-06-17',679.449797,461652.026204,679.449797,679.449797,1);
INSERT INTO `ait_performance_profile` VALUES (527,'2011-06-17',421.974897,178062.814023,421.974897,421.974897,1);
INSERT INTO `ait_performance_profile` VALUES (529,'2011-06-17',420.577765,176885.656001,420.577765,420.577765,1);
INSERT INTO `ait_performance_profile` VALUES (531,'2011-06-17',461.961985,213408.875247,461.961985,461.961985,1);
CREATE TABLE `ait_pub` (  `pubid` int(10) unsigned NOT NULL AUTO_INCREMENT,  `idartlang` int(10) unsigned NOT NULL,  `userid` int(10) unsigned NOT NULL,  `pubtime` datetime NOT NULL,  `status` tinyint(4) NOT NULL DEFAULT '1',  PRIMARY KEY (`pubid`),  KEY `idartlang` (`idartlang`),  CONSTRAINT `ait_pub_ibfk_1` FOREIGN KEY (`idartlang`) REFERENCES `ait_art_lang` (`idartlang`) ON DELETE CASCADE) ENGINE=InnoDB AUTO_INCREMENT=31 DEFAULT CHARSET=utf8;
INSERT INTO `ait_pub` VALUES (1,440,29,'2011-06-17 19:32:36',1);
INSERT INTO `ait_pub` VALUES (2,446,29,'2011-06-17 19:32:37',1);
INSERT INTO `ait_pub` VALUES (3,449,29,'2011-06-17 19:32:37',1);
INSERT INTO `ait_pub` VALUES (4,491,29,'2011-06-17 19:32:37',1);
INSERT INTO `ait_pub` VALUES (5,492,29,'2011-06-17 19:32:38',1);
INSERT INTO `ait_pub` VALUES (6,493,29,'2011-06-17 19:32:38',1);
INSERT INTO `ait_pub` VALUES (7,495,29,'2011-06-17 19:32:38',1);
INSERT INTO `ait_pub` VALUES (8,497,29,'2011-06-17 19:32:39',1);
INSERT INTO `ait_pub` VALUES (9,505,29,'2011-06-17 19:32:39',1);
INSERT INTO `ait_pub` VALUES (10,506,29,'2011-06-17 19:32:39',1);
INSERT INTO `ait_pub` VALUES (11,510,29,'2011-06-17 19:32:40',1);
INSERT INTO `ait_pub` VALUES (12,511,29,'2011-06-17 19:32:40',1);
INSERT INTO `ait_pub` VALUES (13,512,29,'2011-06-17 19:32:40',1);
INSERT INTO `ait_pub` VALUES (14,513,29,'2011-06-17 19:32:41',1);
INSERT INTO `ait_pub` VALUES (15,514,29,'2011-06-17 19:32:41',1);
INSERT INTO `ait_pub` VALUES (16,516,29,'2011-06-17 19:32:41',1);
INSERT INTO `ait_pub` VALUES (17,517,29,'2011-06-17 19:32:42',1);
INSERT INTO `ait_pub` VALUES (18,518,29,'2011-06-17 19:32:42',1);
INSERT INTO `ait_pub` VALUES (19,519,29,'2011-06-17 19:32:42',1);
INSERT INTO `ait_pub` VALUES (20,520,29,'2011-06-17 19:32:42',1);
INSERT INTO `ait_pub` VALUES (21,521,29,'2011-06-17 19:32:43',1);
INSERT INTO `ait_pub` VALUES (22,522,29,'2011-06-17 19:32:43',1);
INSERT INTO `ait_pub` VALUES (23,523,29,'2011-06-17 19:32:43',1);
INSERT INTO `ait_pub` VALUES (24,524,29,'2011-06-17 19:32:43',1);
INSERT INTO `ait_pub` VALUES (25,525,29,'2011-06-17 19:32:44',1);
INSERT INTO `ait_pub` VALUES (26,526,29,'2011-06-17 19:32:44',1);
INSERT INTO `ait_pub` VALUES (27,527,29,'2011-06-17 19:32:44',1);
INSERT INTO `ait_pub` VALUES (28,528,29,'2011-06-17 19:32:44',1);
INSERT INTO `ait_pub` VALUES (29,529,29,'2011-06-17 19:32:45',1);
INSERT INTO `ait_pub` VALUES (30,531,29,'2011-06-17 19:32:45',1);
CREATE TABLE `ait_pub_aitsu_article_property` (  `propertyid` int(10) unsigned NOT NULL,  `idartlang` int(10) unsigned NOT NULL,  `textvalue` text,  `floatvalue` double DEFAULT NULL,  `datevalue` datetime DEFAULT NULL,  `pubid` int(10) unsigned NOT NULL,  `status` tinyint(4) NOT NULL,  PRIMARY KEY (`propertyid`,`idartlang`,`pubid`),  KEY `idartlang` (`idartlang`),  KEY `pubid` (`pubid`),  CONSTRAINT `ait_pub_aitsu_article_property_ibfk_1` FOREIGN KEY (`propertyid`) REFERENCES `ait_aitsu_property` (`propertyid`) ON DELETE CASCADE,  CONSTRAINT `ait_pub_aitsu_article_property_ibfk_2` FOREIGN KEY (`idartlang`) REFERENCES `ait_art_lang` (`idartlang`) ON DELETE CASCADE,  CONSTRAINT `ait_pub_aitsu_article_property_ibfk_3` FOREIGN KEY (`pubid`) REFERENCES `ait_pub` (`pubid`) ON DELETE CASCADE) ENGINE=InnoDB DEFAULT CHARSET=utf8;
INSERT INTO `ait_pub_aitsu_article_property` VALUES (1,440,'O:8:\"stdClass\":0:{}',NULL,NULL,1,1);
INSERT INTO `ait_pub_aitsu_article_property` VALUES (1,446,'O:8:\"stdClass\":0:{}',NULL,NULL,2,1);
INSERT INTO `ait_pub_aitsu_article_property` VALUES (1,449,'O:8:\"stdClass\":0:{}',NULL,NULL,3,1);
INSERT INTO `ait_pub_aitsu_article_property` VALUES (1,491,'O:8:\"stdClass\":0:{}',NULL,NULL,4,1);
INSERT INTO `ait_pub_aitsu_article_property` VALUES (1,492,'O:8:\"stdClass\":0:{}',NULL,NULL,5,1);
INSERT INTO `ait_pub_aitsu_article_property` VALUES (1,493,'O:8:\"stdClass\":0:{}',NULL,NULL,6,1);
INSERT INTO `ait_pub_aitsu_article_property` VALUES (1,495,'O:8:\"stdClass\":0:{}',NULL,NULL,7,1);
INSERT INTO `ait_pub_aitsu_article_property` VALUES (1,497,'O:8:\"stdClass\":0:{}',NULL,NULL,8,1);
INSERT INTO `ait_pub_aitsu_article_property` VALUES (1,505,'O:8:\"stdClass\":0:{}',NULL,NULL,9,1);
INSERT INTO `ait_pub_aitsu_article_property` VALUES (1,506,'O:8:\"stdClass\":0:{}',NULL,NULL,10,1);
INSERT INTO `ait_pub_aitsu_article_property` VALUES (1,510,'O:8:\"stdClass\":0:{}',NULL,NULL,11,1);
INSERT INTO `ait_pub_aitsu_article_property` VALUES (1,511,'O:8:\"stdClass\":0:{}',NULL,NULL,12,1);
INSERT INTO `ait_pub_aitsu_article_property` VALUES (1,512,'O:8:\"stdClass\":0:{}',NULL,NULL,13,1);
INSERT INTO `ait_pub_aitsu_article_property` VALUES (1,513,'O:8:\"stdClass\":0:{}',NULL,NULL,14,1);
INSERT INTO `ait_pub_aitsu_article_property` VALUES (1,514,'O:8:\"stdClass\":0:{}',NULL,NULL,15,1);
INSERT INTO `ait_pub_aitsu_article_property` VALUES (1,516,'O:8:\"stdClass\":0:{}',NULL,NULL,16,1);
INSERT INTO `ait_pub_aitsu_article_property` VALUES (1,517,'O:8:\"stdClass\":0:{}',NULL,NULL,17,1);
INSERT INTO `ait_pub_aitsu_article_property` VALUES (1,518,'O:8:\"stdClass\":0:{}',NULL,NULL,18,1);
INSERT INTO `ait_pub_aitsu_article_property` VALUES (1,520,'O:8:\"stdClass\":0:{}',NULL,NULL,20,1);
INSERT INTO `ait_pub_aitsu_article_property` VALUES (1,521,'O:8:\"stdClass\":0:{}',NULL,NULL,21,1);
INSERT INTO `ait_pub_aitsu_article_property` VALUES (1,522,'O:8:\"stdClass\":0:{}',NULL,NULL,22,1);
INSERT INTO `ait_pub_aitsu_article_property` VALUES (1,523,'O:8:\"stdClass\":0:{}',NULL,NULL,23,1);
INSERT INTO `ait_pub_aitsu_article_property` VALUES (1,524,'O:8:\"stdClass\":0:{}',NULL,NULL,24,1);
INSERT INTO `ait_pub_aitsu_article_property` VALUES (1,525,'O:8:\"stdClass\":0:{}',NULL,NULL,25,1);
INSERT INTO `ait_pub_aitsu_article_property` VALUES (1,526,'O:8:\"stdClass\":0:{}',NULL,NULL,26,1);
INSERT INTO `ait_pub_aitsu_article_property` VALUES (1,527,'O:8:\"stdClass\":0:{}',NULL,NULL,27,1);
INSERT INTO `ait_pub_aitsu_article_property` VALUES (1,528,'O:8:\"stdClass\":0:{}',NULL,NULL,28,1);
INSERT INTO `ait_pub_aitsu_article_property` VALUES (1,529,'O:8:\"stdClass\":0:{}',NULL,NULL,29,1);
INSERT INTO `ait_pub_aitsu_article_property` VALUES (1,531,'O:8:\"stdClass\":0:{}',NULL,NULL,30,1);
INSERT INTO `ait_pub_aitsu_article_property` VALUES (2,440,'O:8:\"stdClass\":1:{s:15:\"defaultTemplate\";s:34:\"templates/body/header/header.phtml\";}',NULL,NULL,1,1);
INSERT INTO `ait_pub_aitsu_article_property` VALUES (2,446,'O:8:\"stdClass\":1:{s:15:\"defaultTemplate\";s:34:\"templates/body/header/header.phtml\";}',NULL,NULL,2,1);
INSERT INTO `ait_pub_aitsu_article_property` VALUES (2,449,'O:8:\"stdClass\":1:{s:15:\"defaultTemplate\";s:34:\"templates/body/header/header.phtml\";}',NULL,NULL,3,1);
INSERT INTO `ait_pub_aitsu_article_property` VALUES (2,491,'O:8:\"stdClass\":1:{s:15:\"defaultTemplate\";s:34:\"templates/body/header/header.phtml\";}',NULL,NULL,4,1);
INSERT INTO `ait_pub_aitsu_article_property` VALUES (2,492,'O:8:\"stdClass\":1:{s:15:\"defaultTemplate\";s:34:\"templates/body/header/header.phtml\";}',NULL,NULL,5,1);
INSERT INTO `ait_pub_aitsu_article_property` VALUES (2,493,'O:8:\"stdClass\":1:{s:15:\"defaultTemplate\";s:34:\"templates/body/header/header.phtml\";}',NULL,NULL,6,1);
INSERT INTO `ait_pub_aitsu_article_property` VALUES (2,495,'O:8:\"stdClass\":1:{s:15:\"defaultTemplate\";s:34:\"templates/body/header/header.phtml\";}',NULL,NULL,7,1);
INSERT INTO `ait_pub_aitsu_article_property` VALUES (2,497,'O:8:\"stdClass\":1:{s:15:\"defaultTemplate\";s:34:\"templates/body/header/header.phtml\";}',NULL,NULL,8,1);
INSERT INTO `ait_pub_aitsu_article_property` VALUES (2,505,'O:8:\"stdClass\":1:{s:15:\"defaultTemplate\";s:27:\"templates/body/header.phtml\";}',NULL,NULL,9,1);
INSERT INTO `ait_pub_aitsu_article_property` VALUES (2,506,'O:8:\"stdClass\":1:{s:15:\"defaultTemplate\";s:34:\"templates/body/header/header.phtml\";}',NULL,NULL,10,1);
INSERT INTO `ait_pub_aitsu_article_property` VALUES (2,510,'O:8:\"stdClass\":1:{s:15:\"defaultTemplate\";s:27:\"templates/body/header.phtml\";}',NULL,NULL,11,1);
INSERT INTO `ait_pub_aitsu_article_property` VALUES (2,511,'O:8:\"stdClass\":1:{s:15:\"defaultTemplate\";s:34:\"templates/body/header/header.phtml\";}',NULL,NULL,12,1);
INSERT INTO `ait_pub_aitsu_article_property` VALUES (2,512,'O:8:\"stdClass\":1:{s:15:\"defaultTemplate\";s:34:\"templates/body/header/header.phtml\";}',NULL,NULL,13,1);
INSERT INTO `ait_pub_aitsu_article_property` VALUES (2,513,'O:8:\"stdClass\":1:{s:15:\"defaultTemplate\";s:34:\"templates/body/header/header.phtml\";}',NULL,NULL,14,1);
INSERT INTO `ait_pub_aitsu_article_property` VALUES (2,514,'O:8:\"stdClass\":1:{s:15:\"defaultTemplate\";s:34:\"templates/body/header/header.phtml\";}',NULL,NULL,15,1);
INSERT INTO `ait_pub_aitsu_article_property` VALUES (2,516,'O:8:\"stdClass\":1:{s:15:\"defaultTemplate\";s:34:\"templates/body/header/header.phtml\";}',NULL,NULL,16,1);
INSERT INTO `ait_pub_aitsu_article_property` VALUES (2,517,'O:8:\"stdClass\":1:{s:15:\"defaultTemplate\";s:34:\"templates/body/header/header.phtml\";}',NULL,NULL,17,1);
INSERT INTO `ait_pub_aitsu_article_property` VALUES (2,518,'O:8:\"stdClass\":1:{s:15:\"defaultTemplate\";s:34:\"templates/body/header/header.phtml\";}',NULL,NULL,18,1);
INSERT INTO `ait_pub_aitsu_article_property` VALUES (2,520,'O:8:\"stdClass\":1:{s:15:\"defaultTemplate\";s:34:\"templates/body/header/header.phtml\";}',NULL,NULL,20,1);
INSERT INTO `ait_pub_aitsu_article_property` VALUES (2,521,'O:8:\"stdClass\":1:{s:15:\"defaultTemplate\";s:34:\"templates/body/header/header.phtml\";}',NULL,NULL,21,1);
INSERT INTO `ait_pub_aitsu_article_property` VALUES (2,522,'O:8:\"stdClass\":1:{s:15:\"defaultTemplate\";s:34:\"templates/body/header/header.phtml\";}',NULL,NULL,22,1);
INSERT INTO `ait_pub_aitsu_article_property` VALUES (2,523,'O:8:\"stdClass\":1:{s:15:\"defaultTemplate\";s:34:\"templates/body/header/header.phtml\";}',NULL,NULL,23,1);
INSERT INTO `ait_pub_aitsu_article_property` VALUES (2,524,'O:8:\"stdClass\":1:{s:15:\"defaultTemplate\";s:34:\"templates/body/header/header.phtml\";}',NULL,NULL,24,1);
INSERT INTO `ait_pub_aitsu_article_property` VALUES (2,525,'O:8:\"stdClass\":1:{s:15:\"defaultTemplate\";s:34:\"templates/body/header/header.phtml\";}',NULL,NULL,25,1);
INSERT INTO `ait_pub_aitsu_article_property` VALUES (2,526,'O:8:\"stdClass\":1:{s:15:\"defaultTemplate\";s:34:\"templates/body/header/header.phtml\";}',NULL,NULL,26,1);
INSERT INTO `ait_pub_aitsu_article_property` VALUES (2,527,'O:8:\"stdClass\":1:{s:15:\"defaultTemplate\";s:34:\"templates/body/header/header.phtml\";}',NULL,NULL,27,1);
INSERT INTO `ait_pub_aitsu_article_property` VALUES (2,528,'O:8:\"stdClass\":1:{s:15:\"defaultTemplate\";s:34:\"templates/body/header/header.phtml\";}',NULL,NULL,28,1);
INSERT INTO `ait_pub_aitsu_article_property` VALUES (2,529,'O:8:\"stdClass\":1:{s:15:\"defaultTemplate\";s:34:\"templates/body/header/header.phtml\";}',NULL,NULL,29,1);
INSERT INTO `ait_pub_aitsu_article_property` VALUES (2,531,'O:8:\"stdClass\":1:{s:15:\"defaultTemplate\";s:34:\"templates/body/header/header.phtml\";}',NULL,NULL,30,1);
INSERT INTO `ait_pub_aitsu_article_property` VALUES (3,440,'O:8:\"stdClass\":1:{s:15:\"defaultTemplate\";s:31:\"templates/body/navigation.phtml\";}',NULL,NULL,1,1);
INSERT INTO `ait_pub_aitsu_article_property` VALUES (3,446,'O:8:\"stdClass\":1:{s:15:\"defaultTemplate\";s:31:\"templates/body/navigation.phtml\";}',NULL,NULL,2,1);
INSERT INTO `ait_pub_aitsu_article_property` VALUES (3,449,'O:8:\"stdClass\":1:{s:15:\"defaultTemplate\";s:31:\"templates/body/navigation.phtml\";}',NULL,NULL,3,1);
INSERT INTO `ait_pub_aitsu_article_property` VALUES (3,491,'O:8:\"stdClass\":1:{s:15:\"defaultTemplate\";s:31:\"templates/body/navigation.phtml\";}',NULL,NULL,4,1);
INSERT INTO `ait_pub_aitsu_article_property` VALUES (3,492,'O:8:\"stdClass\":1:{s:15:\"defaultTemplate\";s:31:\"templates/body/navigation.phtml\";}',NULL,NULL,5,1);
INSERT INTO `ait_pub_aitsu_article_property` VALUES (3,493,'O:8:\"stdClass\":1:{s:15:\"defaultTemplate\";s:31:\"templates/body/navigation.phtml\";}',NULL,NULL,6,1);
INSERT INTO `ait_pub_aitsu_article_property` VALUES (3,495,'O:8:\"stdClass\":1:{s:15:\"defaultTemplate\";s:31:\"templates/body/navigation.phtml\";}',NULL,NULL,7,1);
INSERT INTO `ait_pub_aitsu_article_property` VALUES (3,497,'O:8:\"stdClass\":1:{s:15:\"defaultTemplate\";s:31:\"templates/body/navigation.phtml\";}',NULL,NULL,8,1);
INSERT INTO `ait_pub_aitsu_article_property` VALUES (3,505,'O:8:\"stdClass\":1:{s:15:\"defaultTemplate\";s:31:\"templates/body/navigation.phtml\";}',NULL,NULL,9,1);
INSERT INTO `ait_pub_aitsu_article_property` VALUES (3,506,'O:8:\"stdClass\":1:{s:15:\"defaultTemplate\";s:31:\"templates/body/navigation.phtml\";}',NULL,NULL,10,1);
INSERT INTO `ait_pub_aitsu_article_property` VALUES (3,510,'O:8:\"stdClass\":1:{s:15:\"defaultTemplate\";s:31:\"templates/body/navigation.phtml\";}',NULL,NULL,11,1);
INSERT INTO `ait_pub_aitsu_article_property` VALUES (3,511,'O:8:\"stdClass\":1:{s:15:\"defaultTemplate\";s:31:\"templates/body/navigation.phtml\";}',NULL,NULL,12,1);
INSERT INTO `ait_pub_aitsu_article_property` VALUES (3,514,'O:8:\"stdClass\":1:{s:15:\"defaultTemplate\";s:31:\"templates/body/navigation.phtml\";}',NULL,NULL,15,1);
INSERT INTO `ait_pub_aitsu_article_property` VALUES (4,440,'O:8:\"stdClass\":1:{s:15:\"defaultTemplate\";s:30:\"templates/body/main/main.phtml\";}',NULL,NULL,1,1);
INSERT INTO `ait_pub_aitsu_article_property` VALUES (4,446,'O:8:\"stdClass\":1:{s:15:\"defaultTemplate\";s:30:\"templates/body/main/main.phtml\";}',NULL,NULL,2,1);
INSERT INTO `ait_pub_aitsu_article_property` VALUES (4,449,'O:8:\"stdClass\":1:{s:15:\"defaultTemplate\";s:30:\"templates/body/main/main.phtml\";}',NULL,NULL,3,1);
INSERT INTO `ait_pub_aitsu_article_property` VALUES (4,491,'O:8:\"stdClass\":1:{s:15:\"defaultTemplate\";s:30:\"templates/body/main/main.phtml\";}',NULL,NULL,4,1);
INSERT INTO `ait_pub_aitsu_article_property` VALUES (4,492,'O:8:\"stdClass\":1:{s:15:\"defaultTemplate\";s:30:\"templates/body/main/main.phtml\";}',NULL,NULL,5,1);
INSERT INTO `ait_pub_aitsu_article_property` VALUES (4,493,'O:8:\"stdClass\":1:{s:15:\"defaultTemplate\";s:30:\"templates/body/main/main.phtml\";}',NULL,NULL,6,1);
INSERT INTO `ait_pub_aitsu_article_property` VALUES (4,495,'O:8:\"stdClass\":1:{s:15:\"defaultTemplate\";s:30:\"templates/body/main/main.phtml\";}',NULL,NULL,7,1);
INSERT INTO `ait_pub_aitsu_article_property` VALUES (4,497,'O:8:\"stdClass\":1:{s:15:\"defaultTemplate\";s:30:\"templates/body/main/main.phtml\";}',NULL,NULL,8,1);
INSERT INTO `ait_pub_aitsu_article_property` VALUES (4,505,'O:8:\"stdClass\":1:{s:15:\"defaultTemplate\";s:25:\"templates/body/main.phtml\";}',NULL,NULL,9,1);
INSERT INTO `ait_pub_aitsu_article_property` VALUES (4,506,'O:8:\"stdClass\":1:{s:15:\"defaultTemplate\";s:30:\"templates/body/main/main.phtml\";}',NULL,NULL,10,1);
INSERT INTO `ait_pub_aitsu_article_property` VALUES (4,510,'O:8:\"stdClass\":1:{s:15:\"defaultTemplate\";s:25:\"templates/body/main.phtml\";}',NULL,NULL,11,1);
INSERT INTO `ait_pub_aitsu_article_property` VALUES (4,511,'O:8:\"stdClass\":1:{s:15:\"defaultTemplate\";s:30:\"templates/body/main/main.phtml\";}',NULL,NULL,12,1);
INSERT INTO `ait_pub_aitsu_article_property` VALUES (4,512,'O:8:\"stdClass\":1:{s:15:\"defaultTemplate\";s:30:\"templates/body/main/main.phtml\";}',NULL,NULL,13,1);
INSERT INTO `ait_pub_aitsu_article_property` VALUES (4,513,'O:8:\"stdClass\":1:{s:15:\"defaultTemplate\";s:30:\"templates/body/main/main.phtml\";}',NULL,NULL,14,1);
INSERT INTO `ait_pub_aitsu_article_property` VALUES (4,514,'O:8:\"stdClass\":1:{s:15:\"defaultTemplate\";s:30:\"templates/body/main/main.phtml\";}',NULL,NULL,15,1);
INSERT INTO `ait_pub_aitsu_article_property` VALUES (4,516,'O:8:\"stdClass\":1:{s:15:\"defaultTemplate\";s:30:\"templates/body/main/main.phtml\";}',NULL,NULL,16,1);
INSERT INTO `ait_pub_aitsu_article_property` VALUES (4,517,'O:8:\"stdClass\":1:{s:15:\"defaultTemplate\";s:30:\"templates/body/main/main.phtml\";}',NULL,NULL,17,1);
INSERT INTO `ait_pub_aitsu_article_property` VALUES (4,518,'O:8:\"stdClass\":1:{s:15:\"defaultTemplate\";s:30:\"templates/body/main/main.phtml\";}',NULL,NULL,18,1);
INSERT INTO `ait_pub_aitsu_article_property` VALUES (4,520,'O:8:\"stdClass\":1:{s:15:\"defaultTemplate\";s:30:\"templates/body/main/main.phtml\";}',NULL,NULL,20,1);
INSERT INTO `ait_pub_aitsu_article_property` VALUES (4,521,'O:8:\"stdClass\":1:{s:15:\"defaultTemplate\";s:30:\"templates/body/main/main.phtml\";}',NULL,NULL,21,1);
INSERT INTO `ait_pub_aitsu_article_property` VALUES (4,522,'O:8:\"stdClass\":1:{s:15:\"defaultTemplate\";s:30:\"templates/body/main/main.phtml\";}',NULL,NULL,22,1);
INSERT INTO `ait_pub_aitsu_article_property` VALUES (4,523,'O:8:\"stdClass\":1:{s:15:\"defaultTemplate\";s:30:\"templates/body/main/main.phtml\";}',NULL,NULL,23,1);
INSERT INTO `ait_pub_aitsu_article_property` VALUES (4,524,'O:8:\"stdClass\":1:{s:15:\"defaultTemplate\";s:30:\"templates/body/main/main.phtml\";}',NULL,NULL,24,1);
INSERT INTO `ait_pub_aitsu_article_property` VALUES (4,525,'O:8:\"stdClass\":1:{s:15:\"defaultTemplate\";s:30:\"templates/body/main/main.phtml\";}',NULL,NULL,25,1);
INSERT INTO `ait_pub_aitsu_article_property` VALUES (4,526,'O:8:\"stdClass\":1:{s:15:\"defaultTemplate\";s:30:\"templates/body/main/main.phtml\";}',NULL,NULL,26,1);
INSERT INTO `ait_pub_aitsu_article_property` VALUES (4,527,'O:8:\"stdClass\":1:{s:15:\"defaultTemplate\";s:30:\"templates/body/main/main.phtml\";}',NULL,NULL,27,1);
INSERT INTO `ait_pub_aitsu_article_property` VALUES (4,528,'O:8:\"stdClass\":1:{s:15:\"defaultTemplate\";s:30:\"templates/body/main/main.phtml\";}',NULL,NULL,28,1);
INSERT INTO `ait_pub_aitsu_article_property` VALUES (4,529,'O:8:\"stdClass\":1:{s:15:\"defaultTemplate\";s:30:\"templates/body/main/main.phtml\";}',NULL,NULL,29,1);
INSERT INTO `ait_pub_aitsu_article_property` VALUES (4,531,'O:8:\"stdClass\":1:{s:15:\"defaultTemplate\";s:30:\"templates/body/main/main.phtml\";}',NULL,NULL,30,1);
INSERT INTO `ait_pub_aitsu_article_property` VALUES (5,440,'O:8:\"stdClass\":1:{s:15:\"defaultTemplate\";s:34:\"templates/body/footer/footer.phtml\";}',NULL,NULL,1,1);
INSERT INTO `ait_pub_aitsu_article_property` VALUES (5,446,'O:8:\"stdClass\":1:{s:15:\"defaultTemplate\";s:34:\"templates/body/footer/footer.phtml\";}',NULL,NULL,2,1);
INSERT INTO `ait_pub_aitsu_article_property` VALUES (5,449,'O:8:\"stdClass\":1:{s:15:\"defaultTemplate\";s:34:\"templates/body/footer/footer.phtml\";}',NULL,NULL,3,1);
INSERT INTO `ait_pub_aitsu_article_property` VALUES (5,491,'O:8:\"stdClass\":1:{s:15:\"defaultTemplate\";s:34:\"templates/body/footer/footer.phtml\";}',NULL,NULL,4,1);
INSERT INTO `ait_pub_aitsu_article_property` VALUES (5,492,'O:8:\"stdClass\":1:{s:15:\"defaultTemplate\";s:34:\"templates/body/footer/footer.phtml\";}',NULL,NULL,5,1);
INSERT INTO `ait_pub_aitsu_article_property` VALUES (5,493,'O:8:\"stdClass\":1:{s:15:\"defaultTemplate\";s:34:\"templates/body/footer/footer.phtml\";}',NULL,NULL,6,1);
INSERT INTO `ait_pub_aitsu_article_property` VALUES (5,495,'O:8:\"stdClass\":1:{s:15:\"defaultTemplate\";s:34:\"templates/body/footer/footer.phtml\";}',NULL,NULL,7,1);
INSERT INTO `ait_pub_aitsu_article_property` VALUES (5,497,'O:8:\"stdClass\":1:{s:15:\"defaultTemplate\";s:34:\"templates/body/footer/footer.phtml\";}',NULL,NULL,8,1);
INSERT INTO `ait_pub_aitsu_article_property` VALUES (5,505,'O:8:\"stdClass\":1:{s:15:\"defaultTemplate\";s:27:\"templates/body/footer.phtml\";}',NULL,NULL,9,1);
INSERT INTO `ait_pub_aitsu_article_property` VALUES (5,506,'O:8:\"stdClass\":1:{s:15:\"defaultTemplate\";s:34:\"templates/body/footer/footer.phtml\";}',NULL,NULL,10,1);
INSERT INTO `ait_pub_aitsu_article_property` VALUES (5,510,'O:8:\"stdClass\":1:{s:15:\"defaultTemplate\";s:27:\"templates/body/footer.phtml\";}',NULL,NULL,11,1);
INSERT INTO `ait_pub_aitsu_article_property` VALUES (5,511,'O:8:\"stdClass\":1:{s:15:\"defaultTemplate\";s:34:\"templates/body/footer/footer.phtml\";}',NULL,NULL,12,1);
INSERT INTO `ait_pub_aitsu_article_property` VALUES (5,512,'O:8:\"stdClass\":1:{s:15:\"defaultTemplate\";s:34:\"templates/body/footer/footer.phtml\";}',NULL,NULL,13,1);
INSERT INTO `ait_pub_aitsu_article_property` VALUES (5,513,'O:8:\"stdClass\":1:{s:15:\"defaultTemplate\";s:34:\"templates/body/footer/footer.phtml\";}',NULL,NULL,14,1);
INSERT INTO `ait_pub_aitsu_article_property` VALUES (5,514,'O:8:\"stdClass\":1:{s:15:\"defaultTemplate\";s:34:\"templates/body/footer/footer.phtml\";}',NULL,NULL,15,1);
INSERT INTO `ait_pub_aitsu_article_property` VALUES (5,516,'O:8:\"stdClass\":1:{s:15:\"defaultTemplate\";s:34:\"templates/body/footer/footer.phtml\";}',NULL,NULL,16,1);
INSERT INTO `ait_pub_aitsu_article_property` VALUES (5,517,'O:8:\"stdClass\":1:{s:15:\"defaultTemplate\";s:34:\"templates/body/footer/footer.phtml\";}',NULL,NULL,17,1);
INSERT INTO `ait_pub_aitsu_article_property` VALUES (5,518,'O:8:\"stdClass\":1:{s:15:\"defaultTemplate\";s:34:\"templates/body/footer/footer.phtml\";}',NULL,NULL,18,1);
INSERT INTO `ait_pub_aitsu_article_property` VALUES (5,520,'O:8:\"stdClass\":1:{s:15:\"defaultTemplate\";s:34:\"templates/body/footer/footer.phtml\";}',NULL,NULL,20,1);
INSERT INTO `ait_pub_aitsu_article_property` VALUES (5,521,'O:8:\"stdClass\":1:{s:15:\"defaultTemplate\";s:34:\"templates/body/footer/footer.phtml\";}',NULL,NULL,21,1);
INSERT INTO `ait_pub_aitsu_article_property` VALUES (5,522,'O:8:\"stdClass\":1:{s:15:\"defaultTemplate\";s:34:\"templates/body/footer/footer.phtml\";}',NULL,NULL,22,1);
INSERT INTO `ait_pub_aitsu_article_property` VALUES (5,523,'O:8:\"stdClass\":1:{s:15:\"defaultTemplate\";s:34:\"templates/body/footer/footer.phtml\";}',NULL,NULL,23,1);
INSERT INTO `ait_pub_aitsu_article_property` VALUES (5,524,'O:8:\"stdClass\":1:{s:15:\"defaultTemplate\";s:34:\"templates/body/footer/footer.phtml\";}',NULL,NULL,24,1);
INSERT INTO `ait_pub_aitsu_article_property` VALUES (5,525,'O:8:\"stdClass\":1:{s:15:\"defaultTemplate\";s:34:\"templates/body/footer/footer.phtml\";}',NULL,NULL,25,1);
INSERT INTO `ait_pub_aitsu_article_property` VALUES (5,526,'O:8:\"stdClass\":1:{s:15:\"defaultTemplate\";s:34:\"templates/body/footer/footer.phtml\";}',NULL,NULL,26,1);
INSERT INTO `ait_pub_aitsu_article_property` VALUES (5,527,'O:8:\"stdClass\":1:{s:15:\"defaultTemplate\";s:34:\"templates/body/footer/footer.phtml\";}',NULL,NULL,27,1);
INSERT INTO `ait_pub_aitsu_article_property` VALUES (5,528,'O:8:\"stdClass\":1:{s:15:\"defaultTemplate\";s:34:\"templates/body/footer/footer.phtml\";}',NULL,NULL,28,1);
INSERT INTO `ait_pub_aitsu_article_property` VALUES (5,529,'O:8:\"stdClass\":1:{s:15:\"defaultTemplate\";s:34:\"templates/body/footer/footer.phtml\";}',NULL,NULL,29,1);
INSERT INTO `ait_pub_aitsu_article_property` VALUES (5,531,'O:8:\"stdClass\":1:{s:15:\"defaultTemplate\";s:34:\"templates/body/footer/footer.phtml\";}',NULL,NULL,30,1);
INSERT INTO `ait_pub_aitsu_article_property` VALUES (6,440,'O:8:\"stdClass\":2:{s:15:\"defaultTemplate\";s:3:\"100\";s:8:\"template\";O:8:\"stdClass\":4:{s:4:\"none\";O:8:\"stdClass\":2:{s:4:\"name\";s:4:\"none\";s:4:\"file\";s:36:\"templates/body/subcolumns/none.phtml\";}s:5:\"50_50\";O:8:\"stdClass\":2:{s:4:\"name\";s:20:\"Subcolumns 50% | 50%\";s:4:\"file\";s:37:\"templates/body/subcolumns/50_50.phtml\";}i:100;O:8:\"stdClass\":2:{s:4:\"name\";s:14:\"Subcolumn 100%\";s:4:\"file\";s:35:\"templates/body/subcolumns/100.phtml\";}s:7:\"contact\";O:8:\"stdClass\":2:{s:4:\"name\";s:12:\"Contact form\";s:4:\"file\";s:33:\"templates/body/form/contact.phtml\";}}}',NULL,NULL,1,1);
INSERT INTO `ait_pub_aitsu_article_property` VALUES (6,446,'O:8:\"stdClass\":2:{s:15:\"defaultTemplate\";s:3:\"100\";s:8:\"template\";O:8:\"stdClass\":4:{s:4:\"none\";O:8:\"stdClass\":2:{s:4:\"name\";s:4:\"none\";s:4:\"file\";s:36:\"templates/body/subcolumns/none.phtml\";}s:5:\"50_50\";O:8:\"stdClass\":2:{s:4:\"name\";s:20:\"Subcolumns 50% | 50%\";s:4:\"file\";s:37:\"templates/body/subcolumns/50_50.phtml\";}i:100;O:8:\"stdClass\":2:{s:4:\"name\";s:14:\"Subcolumn 100%\";s:4:\"file\";s:35:\"templates/body/subcolumns/100.phtml\";}s:7:\"contact\";O:8:\"stdClass\":2:{s:4:\"name\";s:12:\"Contact form\";s:4:\"file\";s:33:\"templates/body/form/contact.phtml\";}}}',NULL,NULL,2,1);
INSERT INTO `ait_pub_aitsu_article_property` VALUES (6,449,'O:8:\"stdClass\":2:{s:15:\"defaultTemplate\";s:3:\"100\";s:8:\"template\";O:8:\"stdClass\":4:{s:4:\"none\";O:8:\"stdClass\":2:{s:4:\"name\";s:4:\"none\";s:4:\"file\";s:36:\"templates/body/subcolumns/none.phtml\";}s:5:\"50_50\";O:8:\"stdClass\":2:{s:4:\"name\";s:20:\"Subcolumns 50% | 50%\";s:4:\"file\";s:37:\"templates/body/subcolumns/50_50.phtml\";}i:100;O:8:\"stdClass\":2:{s:4:\"name\";s:14:\"Subcolumn 100%\";s:4:\"file\";s:35:\"templates/body/subcolumns/100.phtml\";}s:7:\"contact\";O:8:\"stdClass\":2:{s:4:\"name\";s:12:\"Contact form\";s:4:\"file\";s:33:\"templates/body/form/contact.phtml\";}}}',NULL,NULL,3,1);
INSERT INTO `ait_pub_aitsu_article_property` VALUES (6,491,'O:8:\"stdClass\":2:{s:15:\"defaultTemplate\";s:3:\"100\";s:8:\"template\";O:8:\"stdClass\":4:{s:4:\"none\";O:8:\"stdClass\":2:{s:4:\"name\";s:4:\"none\";s:4:\"file\";s:36:\"templates/body/subcolumns/none.phtml\";}s:5:\"50_50\";O:8:\"stdClass\":2:{s:4:\"name\";s:20:\"Subcolumns 50% | 50%\";s:4:\"file\";s:37:\"templates/body/subcolumns/50_50.phtml\";}i:100;O:8:\"stdClass\":2:{s:4:\"name\";s:14:\"Subcolumn 100%\";s:4:\"file\";s:35:\"templates/body/subcolumns/100.phtml\";}s:7:\"contact\";O:8:\"stdClass\":2:{s:4:\"name\";s:12:\"Contact form\";s:4:\"file\";s:33:\"templates/body/form/contact.phtml\";}}}',NULL,NULL,4,1);
INSERT INTO `ait_pub_aitsu_article_property` VALUES (6,492,'O:8:\"stdClass\":2:{s:15:\"defaultTemplate\";s:3:\"100\";s:8:\"template\";O:8:\"stdClass\":4:{s:4:\"none\";O:8:\"stdClass\":2:{s:4:\"name\";s:4:\"none\";s:4:\"file\";s:36:\"templates/body/subcolumns/none.phtml\";}s:5:\"50_50\";O:8:\"stdClass\":2:{s:4:\"name\";s:20:\"Subcolumns 50% | 50%\";s:4:\"file\";s:37:\"templates/body/subcolumns/50_50.phtml\";}i:100;O:8:\"stdClass\":2:{s:4:\"name\";s:14:\"Subcolumn 100%\";s:4:\"file\";s:35:\"templates/body/subcolumns/100.phtml\";}s:7:\"contact\";O:8:\"stdClass\":2:{s:4:\"name\";s:12:\"Contact form\";s:4:\"file\";s:33:\"templates/body/form/contact.phtml\";}}}',NULL,NULL,5,1);
INSERT INTO `ait_pub_aitsu_article_property` VALUES (6,493,'O:8:\"stdClass\":2:{s:15:\"defaultTemplate\";s:3:\"100\";s:8:\"template\";O:8:\"stdClass\":4:{s:4:\"none\";O:8:\"stdClass\":2:{s:4:\"name\";s:4:\"none\";s:4:\"file\";s:36:\"templates/body/subcolumns/none.phtml\";}s:5:\"50_50\";O:8:\"stdClass\":2:{s:4:\"name\";s:20:\"Subcolumns 50% | 50%\";s:4:\"file\";s:37:\"templates/body/subcolumns/50_50.phtml\";}i:100;O:8:\"stdClass\":2:{s:4:\"name\";s:14:\"Subcolumn 100%\";s:4:\"file\";s:35:\"templates/body/subcolumns/100.phtml\";}s:7:\"contact\";O:8:\"stdClass\":2:{s:4:\"name\";s:12:\"Contact form\";s:4:\"file\";s:33:\"templates/body/form/contact.phtml\";}}}',NULL,NULL,6,1);
INSERT INTO `ait_pub_aitsu_article_property` VALUES (6,495,'O:8:\"stdClass\":2:{s:15:\"defaultTemplate\";s:3:\"100\";s:8:\"template\";O:8:\"stdClass\":4:{s:4:\"none\";O:8:\"stdClass\":2:{s:4:\"name\";s:4:\"none\";s:4:\"file\";s:36:\"templates/body/subcolumns/none.phtml\";}s:5:\"50_50\";O:8:\"stdClass\":2:{s:4:\"name\";s:20:\"Subcolumns 50% | 50%\";s:4:\"file\";s:37:\"templates/body/subcolumns/50_50.phtml\";}i:100;O:8:\"stdClass\":2:{s:4:\"name\";s:14:\"Subcolumn 100%\";s:4:\"file\";s:35:\"templates/body/subcolumns/100.phtml\";}s:7:\"contact\";O:8:\"stdClass\":2:{s:4:\"name\";s:12:\"Contact form\";s:4:\"file\";s:33:\"templates/body/form/contact.phtml\";}}}',NULL,NULL,7,1);
INSERT INTO `ait_pub_aitsu_article_property` VALUES (6,497,'O:8:\"stdClass\":2:{s:15:\"defaultTemplate\";s:3:\"100\";s:8:\"template\";O:8:\"stdClass\":4:{s:4:\"none\";O:8:\"stdClass\":2:{s:4:\"name\";s:4:\"none\";s:4:\"file\";s:36:\"templates/body/subcolumns/none.phtml\";}s:5:\"50_50\";O:8:\"stdClass\":2:{s:4:\"name\";s:20:\"Subcolumns 50% | 50%\";s:4:\"file\";s:37:\"templates/body/subcolumns/50_50.phtml\";}i:100;O:8:\"stdClass\":2:{s:4:\"name\";s:14:\"Subcolumn 100%\";s:4:\"file\";s:35:\"templates/body/subcolumns/100.phtml\";}s:7:\"contact\";O:8:\"stdClass\":2:{s:4:\"name\";s:12:\"Contact form\";s:4:\"file\";s:33:\"templates/body/form/contact.phtml\";}}}',NULL,NULL,8,1);
INSERT INTO `ait_pub_aitsu_article_property` VALUES (6,505,'O:8:\"stdClass\":2:{s:15:\"defaultTemplate\";s:3:\"100\";s:8:\"template\";O:8:\"stdClass\":4:{s:4:\"none\";O:8:\"stdClass\":2:{s:4:\"name\";s:4:\"none\";s:4:\"file\";s:36:\"templates/body/subcolumns/none.phtml\";}s:5:\"50_50\";O:8:\"stdClass\":2:{s:4:\"name\";s:20:\"Subcolumns 50% | 50%\";s:4:\"file\";s:37:\"templates/body/subcolumns/50_50.phtml\";}s:3:\"100\";O:8:\"stdClass\":2:{s:4:\"name\";s:14:\"Subcolumn 100%\";s:4:\"file\";s:35:\"templates/body/subcolumns/100.phtml\";}s:7:\"contact\";O:8:\"stdClass\":2:{s:4:\"name\";s:12:\"Contact form\";s:4:\"file\";s:33:\"templates/body/form/contact.phtml\";}}}',NULL,NULL,9,1);
INSERT INTO `ait_pub_aitsu_article_property` VALUES (6,506,'O:8:\"stdClass\":2:{s:15:\"defaultTemplate\";s:3:\"100\";s:8:\"template\";O:8:\"stdClass\":4:{s:4:\"none\";O:8:\"stdClass\":2:{s:4:\"name\";s:4:\"none\";s:4:\"file\";s:36:\"templates/body/subcolumns/none.phtml\";}s:5:\"50_50\";O:8:\"stdClass\":2:{s:4:\"name\";s:20:\"Subcolumns 50% | 50%\";s:4:\"file\";s:37:\"templates/body/subcolumns/50_50.phtml\";}i:100;O:8:\"stdClass\":2:{s:4:\"name\";s:14:\"Subcolumn 100%\";s:4:\"file\";s:35:\"templates/body/subcolumns/100.phtml\";}s:7:\"contact\";O:8:\"stdClass\":2:{s:4:\"name\";s:12:\"Contact form\";s:4:\"file\";s:33:\"templates/body/form/contact.phtml\";}}}',NULL,NULL,10,1);
INSERT INTO `ait_pub_aitsu_article_property` VALUES (6,510,'O:8:\"stdClass\":2:{s:15:\"defaultTemplate\";s:3:\"100\";s:8:\"template\";O:8:\"stdClass\":4:{s:4:\"none\";O:8:\"stdClass\":2:{s:4:\"name\";s:4:\"none\";s:4:\"file\";s:36:\"templates/body/subcolumns/none.phtml\";}s:5:\"50_50\";O:8:\"stdClass\":2:{s:4:\"name\";s:20:\"Subcolumns 50% | 50%\";s:4:\"file\";s:37:\"templates/body/subcolumns/50_50.phtml\";}s:3:\"100\";O:8:\"stdClass\":2:{s:4:\"name\";s:14:\"Subcolumn 100%\";s:4:\"file\";s:35:\"templates/body/subcolumns/100.phtml\";}s:7:\"contact\";O:8:\"stdClass\":2:{s:4:\"name\";s:12:\"Contact form\";s:4:\"file\";s:33:\"templates/body/form/contact.phtml\";}}}',NULL,NULL,11,1);
INSERT INTO `ait_pub_aitsu_article_property` VALUES (6,511,'O:8:\"stdClass\":2:{s:15:\"defaultTemplate\";s:3:\"100\";s:8:\"template\";O:8:\"stdClass\":4:{s:4:\"none\";O:8:\"stdClass\":2:{s:4:\"name\";s:4:\"none\";s:4:\"file\";s:36:\"templates/body/subcolumns/none.phtml\";}s:5:\"50_50\";O:8:\"stdClass\":2:{s:4:\"name\";s:20:\"Subcolumns 50% | 50%\";s:4:\"file\";s:37:\"templates/body/subcolumns/50_50.phtml\";}i:100;O:8:\"stdClass\":2:{s:4:\"name\";s:14:\"Subcolumn 100%\";s:4:\"file\";s:35:\"templates/body/subcolumns/100.phtml\";}s:7:\"contact\";O:8:\"stdClass\":2:{s:4:\"name\";s:12:\"Contact form\";s:4:\"file\";s:33:\"templates/body/form/contact.phtml\";}}}',NULL,NULL,12,1);
INSERT INTO `ait_pub_aitsu_article_property` VALUES (6,514,'O:8:\"stdClass\":2:{s:15:\"defaultTemplate\";s:3:\"100\";s:8:\"template\";O:8:\"stdClass\":4:{s:4:\"none\";O:8:\"stdClass\":2:{s:4:\"name\";s:4:\"none\";s:4:\"file\";s:36:\"templates/body/subcolumns/none.phtml\";}s:5:\"50_50\";O:8:\"stdClass\":2:{s:4:\"name\";s:20:\"Subcolumns 50% | 50%\";s:4:\"file\";s:37:\"templates/body/subcolumns/50_50.phtml\";}i:100;O:8:\"stdClass\":2:{s:4:\"name\";s:14:\"Subcolumn 100%\";s:4:\"file\";s:35:\"templates/body/subcolumns/100.phtml\";}s:7:\"contact\";O:8:\"stdClass\":2:{s:4:\"name\";s:12:\"Contact form\";s:4:\"file\";s:33:\"templates/body/form/contact.phtml\";}}}',NULL,NULL,15,1);
INSERT INTO `ait_pub_aitsu_article_property` VALUES (7,440,'100',NULL,NULL,1,1);
INSERT INTO `ait_pub_aitsu_article_property` VALUES (7,449,'none',NULL,NULL,3,1);
INSERT INTO `ait_pub_aitsu_article_property` VALUES (7,492,'none',NULL,NULL,5,1);
INSERT INTO `ait_pub_aitsu_article_property` VALUES (7,493,'100',NULL,NULL,6,1);
INSERT INTO `ait_pub_aitsu_article_property` VALUES (7,495,'contact',NULL,NULL,7,1);
INSERT INTO `ait_pub_aitsu_article_property` VALUES (8,440,'O:8:\"stdClass\":2:{s:15:\"defaultTemplate\";s:4:\"none\";s:8:\"template\";O:8:\"stdClass\":8:{s:4:\"none\";O:8:\"stdClass\":2:{s:4:\"name\";s:4:\"none\";s:4:\"file\";s:36:\"templates/body/subcolumns/none.phtml\";}i:100;O:8:\"stdClass\":2:{s:4:\"name\";s:14:\"Subcolumn 100%\";s:4:\"file\";s:35:\"templates/body/subcolumns/100.phtml\";}s:5:\"25_75\";O:8:\"stdClass\":2:{s:4:\"name\";s:20:\"Subcolumns 25% | 75%\";s:4:\"file\";s:37:\"templates/body/subcolumns/25_75.phtml\";}s:8:\"33_33_33\";O:8:\"stdClass\":2:{s:4:\"name\";s:26:\"Subcolumns 33% | 33% | 33%\";s:4:\"file\";s:40:\"templates/body/subcolumns/33_33_33.phtml\";}s:5:\"33_66\";O:8:\"stdClass\":2:{s:4:\"name\";s:20:\"Subcolumns 33% | 66%\";s:4:\"file\";s:37:\"templates/body/subcolumns/33_66.phtml\";}s:5:\"50_50\";O:8:\"stdClass\":2:{s:4:\"name\";s:20:\"Subcolumns 50% | 50%\";s:4:\"file\";s:37:\"templates/body/subcolumns/50_50.phtml\";}s:5:\"66_33\";O:8:\"stdClass\":2:{s:4:\"name\";s:20:\"Subcolumns 66% | 33%\";s:4:\"file\";s:37:\"templates/body/subcolumns/66_33.phtml\";}s:5:\"75_25\";O:8:\"stdClass\":2:{s:4:\"name\";s:20:\"Subcolumns 75% | 25%\";s:4:\"file\";s:37:\"templates/body/subcolumns/75_25.phtml\";}}}',NULL,NULL,1,1);
INSERT INTO `ait_pub_aitsu_article_property` VALUES (8,446,'O:8:\"stdClass\":2:{s:15:\"defaultTemplate\";s:4:\"none\";s:8:\"template\";O:8:\"stdClass\":8:{s:4:\"none\";O:8:\"stdClass\":2:{s:4:\"name\";s:4:\"none\";s:4:\"file\";s:36:\"templates/body/subcolumns/none.phtml\";}i:100;O:8:\"stdClass\":2:{s:4:\"name\";s:14:\"Subcolumn 100%\";s:4:\"file\";s:35:\"templates/body/subcolumns/100.phtml\";}s:5:\"25_75\";O:8:\"stdClass\":2:{s:4:\"name\";s:20:\"Subcolumns 25% | 75%\";s:4:\"file\";s:37:\"templates/body/subcolumns/25_75.phtml\";}s:8:\"33_33_33\";O:8:\"stdClass\":2:{s:4:\"name\";s:26:\"Subcolumns 33% | 33% | 33%\";s:4:\"file\";s:40:\"templates/body/subcolumns/33_33_33.phtml\";}s:5:\"33_66\";O:8:\"stdClass\":2:{s:4:\"name\";s:20:\"Subcolumns 33% | 66%\";s:4:\"file\";s:37:\"templates/body/subcolumns/33_66.phtml\";}s:5:\"50_50\";O:8:\"stdClass\":2:{s:4:\"name\";s:20:\"Subcolumns 50% | 50%\";s:4:\"file\";s:37:\"templates/body/subcolumns/50_50.phtml\";}s:5:\"66_33\";O:8:\"stdClass\":2:{s:4:\"name\";s:20:\"Subcolumns 66% | 33%\";s:4:\"file\";s:37:\"templates/body/subcolumns/66_33.phtml\";}s:5:\"75_25\";O:8:\"stdClass\":2:{s:4:\"name\";s:20:\"Subcolumns 75% | 25%\";s:4:\"file\";s:37:\"templates/body/subcolumns/75_25.phtml\";}}}',NULL,NULL,2,1);
INSERT INTO `ait_pub_aitsu_article_property` VALUES (8,449,'O:8:\"stdClass\":2:{s:15:\"defaultTemplate\";s:4:\"none\";s:8:\"template\";O:8:\"stdClass\":8:{s:4:\"none\";O:8:\"stdClass\":2:{s:4:\"name\";s:4:\"none\";s:4:\"file\";s:36:\"templates/body/subcolumns/none.phtml\";}i:100;O:8:\"stdClass\":2:{s:4:\"name\";s:14:\"Subcolumn 100%\";s:4:\"file\";s:35:\"templates/body/subcolumns/100.phtml\";}s:5:\"25_75\";O:8:\"stdClass\":2:{s:4:\"name\";s:20:\"Subcolumns 25% | 75%\";s:4:\"file\";s:37:\"templates/body/subcolumns/25_75.phtml\";}s:8:\"33_33_33\";O:8:\"stdClass\":2:{s:4:\"name\";s:26:\"Subcolumns 33% | 33% | 33%\";s:4:\"file\";s:40:\"templates/body/subcolumns/33_33_33.phtml\";}s:5:\"33_66\";O:8:\"stdClass\":2:{s:4:\"name\";s:20:\"Subcolumns 33% | 66%\";s:4:\"file\";s:37:\"templates/body/subcolumns/33_66.phtml\";}s:5:\"50_50\";O:8:\"stdClass\":2:{s:4:\"name\";s:20:\"Subcolumns 50% | 50%\";s:4:\"file\";s:37:\"templates/body/subcolumns/50_50.phtml\";}s:5:\"66_33\";O:8:\"stdClass\":2:{s:4:\"name\";s:20:\"Subcolumns 66% | 33%\";s:4:\"file\";s:37:\"templates/body/subcolumns/66_33.phtml\";}s:5:\"75_25\";O:8:\"stdClass\":2:{s:4:\"name\";s:20:\"Subcolumns 75% | 25%\";s:4:\"file\";s:37:\"templates/body/subcolumns/75_25.phtml\";}}}',NULL,NULL,3,1);
INSERT INTO `ait_pub_aitsu_article_property` VALUES (8,491,'O:8:\"stdClass\":2:{s:15:\"defaultTemplate\";s:4:\"none\";s:8:\"template\";O:8:\"stdClass\":8:{s:4:\"none\";O:8:\"stdClass\":2:{s:4:\"name\";s:4:\"none\";s:4:\"file\";s:36:\"templates/body/subcolumns/none.phtml\";}i:100;O:8:\"stdClass\":2:{s:4:\"name\";s:14:\"Subcolumn 100%\";s:4:\"file\";s:35:\"templates/body/subcolumns/100.phtml\";}s:5:\"25_75\";O:8:\"stdClass\":2:{s:4:\"name\";s:20:\"Subcolumns 25% | 75%\";s:4:\"file\";s:37:\"templates/body/subcolumns/25_75.phtml\";}s:8:\"33_33_33\";O:8:\"stdClass\":2:{s:4:\"name\";s:26:\"Subcolumns 33% | 33% | 33%\";s:4:\"file\";s:40:\"templates/body/subcolumns/33_33_33.phtml\";}s:5:\"33_66\";O:8:\"stdClass\":2:{s:4:\"name\";s:20:\"Subcolumns 33% | 66%\";s:4:\"file\";s:37:\"templates/body/subcolumns/33_66.phtml\";}s:5:\"50_50\";O:8:\"stdClass\":2:{s:4:\"name\";s:20:\"Subcolumns 50% | 50%\";s:4:\"file\";s:37:\"templates/body/subcolumns/50_50.phtml\";}s:5:\"66_33\";O:8:\"stdClass\":2:{s:4:\"name\";s:20:\"Subcolumns 66% | 33%\";s:4:\"file\";s:37:\"templates/body/subcolumns/66_33.phtml\";}s:5:\"75_25\";O:8:\"stdClass\":2:{s:4:\"name\";s:20:\"Subcolumns 75% | 25%\";s:4:\"file\";s:37:\"templates/body/subcolumns/75_25.phtml\";}}}',NULL,NULL,4,1);
INSERT INTO `ait_pub_aitsu_article_property` VALUES (8,492,'O:8:\"stdClass\":2:{s:15:\"defaultTemplate\";s:4:\"none\";s:8:\"template\";O:8:\"stdClass\":8:{s:4:\"none\";O:8:\"stdClass\":2:{s:4:\"name\";s:4:\"none\";s:4:\"file\";s:36:\"templates/body/subcolumns/none.phtml\";}i:100;O:8:\"stdClass\":2:{s:4:\"name\";s:14:\"Subcolumn 100%\";s:4:\"file\";s:35:\"templates/body/subcolumns/100.phtml\";}s:5:\"25_75\";O:8:\"stdClass\":2:{s:4:\"name\";s:20:\"Subcolumns 25% | 75%\";s:4:\"file\";s:37:\"templates/body/subcolumns/25_75.phtml\";}s:8:\"33_33_33\";O:8:\"stdClass\":2:{s:4:\"name\";s:26:\"Subcolumns 33% | 33% | 33%\";s:4:\"file\";s:40:\"templates/body/subcolumns/33_33_33.phtml\";}s:5:\"33_66\";O:8:\"stdClass\":2:{s:4:\"name\";s:20:\"Subcolumns 33% | 66%\";s:4:\"file\";s:37:\"templates/body/subcolumns/33_66.phtml\";}s:5:\"50_50\";O:8:\"stdClass\":2:{s:4:\"name\";s:20:\"Subcolumns 50% | 50%\";s:4:\"file\";s:37:\"templates/body/subcolumns/50_50.phtml\";}s:5:\"66_33\";O:8:\"stdClass\":2:{s:4:\"name\";s:20:\"Subcolumns 66% | 33%\";s:4:\"file\";s:37:\"templates/body/subcolumns/66_33.phtml\";}s:5:\"75_25\";O:8:\"stdClass\":2:{s:4:\"name\";s:20:\"Subcolumns 75% | 25%\";s:4:\"file\";s:37:\"templates/body/subcolumns/75_25.phtml\";}}}',NULL,NULL,5,1);
INSERT INTO `ait_pub_aitsu_article_property` VALUES (8,493,'O:8:\"stdClass\":2:{s:15:\"defaultTemplate\";s:4:\"none\";s:8:\"template\";O:8:\"stdClass\":8:{s:4:\"none\";O:8:\"stdClass\":2:{s:4:\"name\";s:4:\"none\";s:4:\"file\";s:36:\"templates/body/subcolumns/none.phtml\";}i:100;O:8:\"stdClass\":2:{s:4:\"name\";s:14:\"Subcolumn 100%\";s:4:\"file\";s:35:\"templates/body/subcolumns/100.phtml\";}s:5:\"25_75\";O:8:\"stdClass\":2:{s:4:\"name\";s:20:\"Subcolumns 25% | 75%\";s:4:\"file\";s:37:\"templates/body/subcolumns/25_75.phtml\";}s:8:\"33_33_33\";O:8:\"stdClass\":2:{s:4:\"name\";s:26:\"Subcolumns 33% | 33% | 33%\";s:4:\"file\";s:40:\"templates/body/subcolumns/33_33_33.phtml\";}s:5:\"33_66\";O:8:\"stdClass\":2:{s:4:\"name\";s:20:\"Subcolumns 33% | 66%\";s:4:\"file\";s:37:\"templates/body/subcolumns/33_66.phtml\";}s:5:\"50_50\";O:8:\"stdClass\":2:{s:4:\"name\";s:20:\"Subcolumns 50% | 50%\";s:4:\"file\";s:37:\"templates/body/subcolumns/50_50.phtml\";}s:5:\"66_33\";O:8:\"stdClass\":2:{s:4:\"name\";s:20:\"Subcolumns 66% | 33%\";s:4:\"file\";s:37:\"templates/body/subcolumns/66_33.phtml\";}s:5:\"75_25\";O:8:\"stdClass\":2:{s:4:\"name\";s:20:\"Subcolumns 75% | 25%\";s:4:\"file\";s:37:\"templates/body/subcolumns/75_25.phtml\";}}}',NULL,NULL,6,1);
INSERT INTO `ait_pub_aitsu_article_property` VALUES (8,495,'O:8:\"stdClass\":2:{s:15:\"defaultTemplate\";s:4:\"none\";s:8:\"template\";O:8:\"stdClass\":8:{s:4:\"none\";O:8:\"stdClass\":2:{s:4:\"name\";s:4:\"none\";s:4:\"file\";s:36:\"templates/body/subcolumns/none.phtml\";}i:100;O:8:\"stdClass\":2:{s:4:\"name\";s:14:\"Subcolumn 100%\";s:4:\"file\";s:35:\"templates/body/subcolumns/100.phtml\";}s:5:\"25_75\";O:8:\"stdClass\":2:{s:4:\"name\";s:20:\"Subcolumns 25% | 75%\";s:4:\"file\";s:37:\"templates/body/subcolumns/25_75.phtml\";}s:8:\"33_33_33\";O:8:\"stdClass\":2:{s:4:\"name\";s:26:\"Subcolumns 33% | 33% | 33%\";s:4:\"file\";s:40:\"templates/body/subcolumns/33_33_33.phtml\";}s:5:\"33_66\";O:8:\"stdClass\":2:{s:4:\"name\";s:20:\"Subcolumns 33% | 66%\";s:4:\"file\";s:37:\"templates/body/subcolumns/33_66.phtml\";}s:5:\"50_50\";O:8:\"stdClass\":2:{s:4:\"name\";s:20:\"Subcolumns 50% | 50%\";s:4:\"file\";s:37:\"templates/body/subcolumns/50_50.phtml\";}s:5:\"66_33\";O:8:\"stdClass\":2:{s:4:\"name\";s:20:\"Subcolumns 66% | 33%\";s:4:\"file\";s:37:\"templates/body/subcolumns/66_33.phtml\";}s:5:\"75_25\";O:8:\"stdClass\":2:{s:4:\"name\";s:20:\"Subcolumns 75% | 25%\";s:4:\"file\";s:37:\"templates/body/subcolumns/75_25.phtml\";}}}',NULL,NULL,7,1);
INSERT INTO `ait_pub_aitsu_article_property` VALUES (8,497,'O:8:\"stdClass\":2:{s:15:\"defaultTemplate\";s:4:\"none\";s:8:\"template\";O:8:\"stdClass\":8:{s:4:\"none\";O:8:\"stdClass\":2:{s:4:\"name\";s:4:\"none\";s:4:\"file\";s:36:\"templates/body/subcolumns/none.phtml\";}i:100;O:8:\"stdClass\":2:{s:4:\"name\";s:14:\"Subcolumn 100%\";s:4:\"file\";s:35:\"templates/body/subcolumns/100.phtml\";}s:5:\"25_75\";O:8:\"stdClass\":2:{s:4:\"name\";s:20:\"Subcolumns 25% | 75%\";s:4:\"file\";s:37:\"templates/body/subcolumns/25_75.phtml\";}s:8:\"33_33_33\";O:8:\"stdClass\":2:{s:4:\"name\";s:26:\"Subcolumns 33% | 33% | 33%\";s:4:\"file\";s:40:\"templates/body/subcolumns/33_33_33.phtml\";}s:5:\"33_66\";O:8:\"stdClass\":2:{s:4:\"name\";s:20:\"Subcolumns 33% | 66%\";s:4:\"file\";s:37:\"templates/body/subcolumns/33_66.phtml\";}s:5:\"50_50\";O:8:\"stdClass\":2:{s:4:\"name\";s:20:\"Subcolumns 50% | 50%\";s:4:\"file\";s:37:\"templates/body/subcolumns/50_50.phtml\";}s:5:\"66_33\";O:8:\"stdClass\":2:{s:4:\"name\";s:20:\"Subcolumns 66% | 33%\";s:4:\"file\";s:37:\"templates/body/subcolumns/66_33.phtml\";}s:5:\"75_25\";O:8:\"stdClass\":2:{s:4:\"name\";s:20:\"Subcolumns 75% | 25%\";s:4:\"file\";s:37:\"templates/body/subcolumns/75_25.phtml\";}}}',NULL,NULL,8,1);
INSERT INTO `ait_pub_aitsu_article_property` VALUES (8,505,'O:8:\"stdClass\":2:{s:15:\"defaultTemplate\";s:4:\"none\";s:8:\"template\";O:8:\"stdClass\":8:{s:4:\"none\";O:8:\"stdClass\":2:{s:4:\"name\";s:4:\"none\";s:4:\"file\";s:36:\"templates/body/subcolumns/none.phtml\";}s:3:\"100\";O:8:\"stdClass\":2:{s:4:\"name\";s:14:\"Subcolumn 100%\";s:4:\"file\";s:35:\"templates/body/subcolumns/100.phtml\";}s:5:\"25_75\";O:8:\"stdClass\":2:{s:4:\"name\";s:20:\"Subcolumns 25% | 75%\";s:4:\"file\";s:37:\"templates/body/subcolumns/25_75.phtml\";}s:8:\"33_33_33\";O:8:\"stdClass\":2:{s:4:\"name\";s:26:\"Subcolumns 33% | 33% | 33%\";s:4:\"file\";s:40:\"templates/body/subcolumns/33_33_33.phtml\";}s:5:\"33_66\";O:8:\"stdClass\":2:{s:4:\"name\";s:20:\"Subcolumns 33% | 66%\";s:4:\"file\";s:37:\"templates/body/subcolumns/33_66.phtml\";}s:5:\"50_50\";O:8:\"stdClass\":2:{s:4:\"name\";s:20:\"Subcolumns 50% | 50%\";s:4:\"file\";s:37:\"templates/body/subcolumns/50_50.phtml\";}s:5:\"66_33\";O:8:\"stdClass\":2:{s:4:\"name\";s:20:\"Subcolumns 66% | 33%\";s:4:\"file\";s:37:\"templates/body/subcolumns/66_33.phtml\";}s:5:\"75_25\";O:8:\"stdClass\":2:{s:4:\"name\";s:20:\"Subcolumns 75% | 25%\";s:4:\"file\";s:37:\"templates/body/subcolumns/75_25.phtml\";}}}',NULL,NULL,9,1);
INSERT INTO `ait_pub_aitsu_article_property` VALUES (8,506,'O:8:\"stdClass\":2:{s:15:\"defaultTemplate\";s:4:\"none\";s:8:\"template\";O:8:\"stdClass\":8:{s:4:\"none\";O:8:\"stdClass\":2:{s:4:\"name\";s:4:\"none\";s:4:\"file\";s:36:\"templates/body/subcolumns/none.phtml\";}i:100;O:8:\"stdClass\":2:{s:4:\"name\";s:14:\"Subcolumn 100%\";s:4:\"file\";s:35:\"templates/body/subcolumns/100.phtml\";}s:5:\"25_75\";O:8:\"stdClass\":2:{s:4:\"name\";s:20:\"Subcolumns 25% | 75%\";s:4:\"file\";s:37:\"templates/body/subcolumns/25_75.phtml\";}s:8:\"33_33_33\";O:8:\"stdClass\":2:{s:4:\"name\";s:26:\"Subcolumns 33% | 33% | 33%\";s:4:\"file\";s:40:\"templates/body/subcolumns/33_33_33.phtml\";}s:5:\"33_66\";O:8:\"stdClass\":2:{s:4:\"name\";s:20:\"Subcolumns 33% | 66%\";s:4:\"file\";s:37:\"templates/body/subcolumns/33_66.phtml\";}s:5:\"50_50\";O:8:\"stdClass\":2:{s:4:\"name\";s:20:\"Subcolumns 50% | 50%\";s:4:\"file\";s:37:\"templates/body/subcolumns/50_50.phtml\";}s:5:\"66_33\";O:8:\"stdClass\":2:{s:4:\"name\";s:20:\"Subcolumns 66% | 33%\";s:4:\"file\";s:37:\"templates/body/subcolumns/66_33.phtml\";}s:5:\"75_25\";O:8:\"stdClass\":2:{s:4:\"name\";s:20:\"Subcolumns 75% | 25%\";s:4:\"file\";s:37:\"templates/body/subcolumns/75_25.phtml\";}}}',NULL,NULL,10,1);
INSERT INTO `ait_pub_aitsu_article_property` VALUES (8,510,'O:8:\"stdClass\":2:{s:15:\"defaultTemplate\";s:4:\"none\";s:8:\"template\";O:8:\"stdClass\":8:{s:4:\"none\";O:8:\"stdClass\":2:{s:4:\"name\";s:4:\"none\";s:4:\"file\";s:36:\"templates/body/subcolumns/none.phtml\";}s:3:\"100\";O:8:\"stdClass\":2:{s:4:\"name\";s:14:\"Subcolumn 100%\";s:4:\"file\";s:35:\"templates/body/subcolumns/100.phtml\";}s:5:\"25_75\";O:8:\"stdClass\":2:{s:4:\"name\";s:20:\"Subcolumns 25% | 75%\";s:4:\"file\";s:37:\"templates/body/subcolumns/25_75.phtml\";}s:8:\"33_33_33\";O:8:\"stdClass\":2:{s:4:\"name\";s:26:\"Subcolumns 33% | 33% | 33%\";s:4:\"file\";s:40:\"templates/body/subcolumns/33_33_33.phtml\";}s:5:\"33_66\";O:8:\"stdClass\":2:{s:4:\"name\";s:20:\"Subcolumns 33% | 66%\";s:4:\"file\";s:37:\"templates/body/subcolumns/33_66.phtml\";}s:5:\"50_50\";O:8:\"stdClass\":2:{s:4:\"name\";s:20:\"Subcolumns 50% | 50%\";s:4:\"file\";s:37:\"templates/body/subcolumns/50_50.phtml\";}s:5:\"66_33\";O:8:\"stdClass\":2:{s:4:\"name\";s:20:\"Subcolumns 66% | 33%\";s:4:\"file\";s:37:\"templates/body/subcolumns/66_33.phtml\";}s:5:\"75_25\";O:8:\"stdClass\":2:{s:4:\"name\";s:20:\"Subcolumns 75% | 25%\";s:4:\"file\";s:37:\"templates/body/subcolumns/75_25.phtml\";}}}',NULL,NULL,11,1);
INSERT INTO `ait_pub_aitsu_article_property` VALUES (8,511,'O:8:\"stdClass\":2:{s:15:\"defaultTemplate\";s:4:\"none\";s:8:\"template\";O:8:\"stdClass\":8:{s:4:\"none\";O:8:\"stdClass\":2:{s:4:\"name\";s:4:\"none\";s:4:\"file\";s:36:\"templates/body/subcolumns/none.phtml\";}i:100;O:8:\"stdClass\":2:{s:4:\"name\";s:14:\"Subcolumn 100%\";s:4:\"file\";s:35:\"templates/body/subcolumns/100.phtml\";}s:5:\"25_75\";O:8:\"stdClass\":2:{s:4:\"name\";s:20:\"Subcolumns 25% | 75%\";s:4:\"file\";s:37:\"templates/body/subcolumns/25_75.phtml\";}s:8:\"33_33_33\";O:8:\"stdClass\":2:{s:4:\"name\";s:26:\"Subcolumns 33% | 33% | 33%\";s:4:\"file\";s:40:\"templates/body/subcolumns/33_33_33.phtml\";}s:5:\"33_66\";O:8:\"stdClass\":2:{s:4:\"name\";s:20:\"Subcolumns 33% | 66%\";s:4:\"file\";s:37:\"templates/body/subcolumns/33_66.phtml\";}s:5:\"50_50\";O:8:\"stdClass\":2:{s:4:\"name\";s:20:\"Subcolumns 50% | 50%\";s:4:\"file\";s:37:\"templates/body/subcolumns/50_50.phtml\";}s:5:\"66_33\";O:8:\"stdClass\":2:{s:4:\"name\";s:20:\"Subcolumns 66% | 33%\";s:4:\"file\";s:37:\"templates/body/subcolumns/66_33.phtml\";}s:5:\"75_25\";O:8:\"stdClass\":2:{s:4:\"name\";s:20:\"Subcolumns 75% | 25%\";s:4:\"file\";s:37:\"templates/body/subcolumns/75_25.phtml\";}}}',NULL,NULL,12,1);
INSERT INTO `ait_pub_aitsu_article_property` VALUES (8,514,'O:8:\"stdClass\":2:{s:15:\"defaultTemplate\";s:4:\"none\";s:8:\"template\";O:8:\"stdClass\":8:{s:4:\"none\";O:8:\"stdClass\":2:{s:4:\"name\";s:4:\"none\";s:4:\"file\";s:36:\"templates/body/subcolumns/none.phtml\";}i:100;O:8:\"stdClass\":2:{s:4:\"name\";s:14:\"Subcolumn 100%\";s:4:\"file\";s:35:\"templates/body/subcolumns/100.phtml\";}s:5:\"25_75\";O:8:\"stdClass\":2:{s:4:\"name\";s:20:\"Subcolumns 25% | 75%\";s:4:\"file\";s:37:\"templates/body/subcolumns/25_75.phtml\";}s:8:\"33_33_33\";O:8:\"stdClass\":2:{s:4:\"name\";s:26:\"Subcolumns 33% | 33% | 33%\";s:4:\"file\";s:40:\"templates/body/subcolumns/33_33_33.phtml\";}s:5:\"33_66\";O:8:\"stdClass\":2:{s:4:\"name\";s:20:\"Subcolumns 33% | 66%\";s:4:\"file\";s:37:\"templates/body/subcolumns/33_66.phtml\";}s:5:\"50_50\";O:8:\"stdClass\":2:{s:4:\"name\";s:20:\"Subcolumns 50% | 50%\";s:4:\"file\";s:37:\"templates/body/subcolumns/50_50.phtml\";}s:5:\"66_33\";O:8:\"stdClass\":2:{s:4:\"name\";s:20:\"Subcolumns 66% | 33%\";s:4:\"file\";s:37:\"templates/body/subcolumns/66_33.phtml\";}s:5:\"75_25\";O:8:\"stdClass\":2:{s:4:\"name\";s:20:\"Subcolumns 75% | 25%\";s:4:\"file\";s:37:\"templates/body/subcolumns/75_25.phtml\";}}}',NULL,NULL,15,1);
INSERT INTO `ait_pub_aitsu_article_property` VALUES (9,440,'O:8:\"stdClass\":1:{s:15:\"defaultTemplate\";s:25:\"templates/body/body.phtml\";}',NULL,NULL,1,1);
INSERT INTO `ait_pub_aitsu_article_property` VALUES (9,446,'O:8:\"stdClass\":1:{s:15:\"defaultTemplate\";s:25:\"templates/body/body.phtml\";}',NULL,NULL,2,1);
INSERT INTO `ait_pub_aitsu_article_property` VALUES (9,449,'O:8:\"stdClass\":1:{s:15:\"defaultTemplate\";s:25:\"templates/body/body.phtml\";}',NULL,NULL,3,1);
INSERT INTO `ait_pub_aitsu_article_property` VALUES (9,491,'O:8:\"stdClass\":1:{s:15:\"defaultTemplate\";s:25:\"templates/body/body.phtml\";}',NULL,NULL,4,1);
INSERT INTO `ait_pub_aitsu_article_property` VALUES (9,492,'O:8:\"stdClass\":1:{s:15:\"defaultTemplate\";s:25:\"templates/body/body.phtml\";}',NULL,NULL,5,1);
INSERT INTO `ait_pub_aitsu_article_property` VALUES (9,493,'O:8:\"stdClass\":1:{s:15:\"defaultTemplate\";s:25:\"templates/body/body.phtml\";}',NULL,NULL,6,1);
INSERT INTO `ait_pub_aitsu_article_property` VALUES (9,495,'O:8:\"stdClass\":1:{s:15:\"defaultTemplate\";s:25:\"templates/body/body.phtml\";}',NULL,NULL,7,1);
INSERT INTO `ait_pub_aitsu_article_property` VALUES (9,497,'O:8:\"stdClass\":1:{s:15:\"defaultTemplate\";s:25:\"templates/body/body.phtml\";}',NULL,NULL,8,1);
INSERT INTO `ait_pub_aitsu_article_property` VALUES (9,506,'O:8:\"stdClass\":1:{s:15:\"defaultTemplate\";s:25:\"templates/body/body.phtml\";}',NULL,NULL,10,1);
INSERT INTO `ait_pub_aitsu_article_property` VALUES (9,511,'O:8:\"stdClass\":1:{s:15:\"defaultTemplate\";s:25:\"templates/body/body.phtml\";}',NULL,NULL,12,1);
INSERT INTO `ait_pub_aitsu_article_property` VALUES (9,512,'O:8:\"stdClass\":1:{s:15:\"defaultTemplate\";s:25:\"templates/body/body.phtml\";}',NULL,NULL,13,1);
INSERT INTO `ait_pub_aitsu_article_property` VALUES (9,513,'O:8:\"stdClass\":1:{s:15:\"defaultTemplate\";s:25:\"templates/body/body.phtml\";}',NULL,NULL,14,1);
INSERT INTO `ait_pub_aitsu_article_property` VALUES (9,514,'O:8:\"stdClass\":1:{s:15:\"defaultTemplate\";s:25:\"templates/body/body.phtml\";}',NULL,NULL,15,1);
INSERT INTO `ait_pub_aitsu_article_property` VALUES (9,516,'O:8:\"stdClass\":1:{s:15:\"defaultTemplate\";s:25:\"templates/body/body.phtml\";}',NULL,NULL,16,1);
INSERT INTO `ait_pub_aitsu_article_property` VALUES (9,517,'O:8:\"stdClass\":1:{s:15:\"defaultTemplate\";s:25:\"templates/body/body.phtml\";}',NULL,NULL,17,1);
INSERT INTO `ait_pub_aitsu_article_property` VALUES (9,518,'O:8:\"stdClass\":1:{s:15:\"defaultTemplate\";s:25:\"templates/body/body.phtml\";}',NULL,NULL,18,1);
INSERT INTO `ait_pub_aitsu_article_property` VALUES (9,520,'O:8:\"stdClass\":1:{s:15:\"defaultTemplate\";s:25:\"templates/body/body.phtml\";}',NULL,NULL,20,1);
INSERT INTO `ait_pub_aitsu_article_property` VALUES (9,521,'O:8:\"stdClass\":1:{s:15:\"defaultTemplate\";s:25:\"templates/body/body.phtml\";}',NULL,NULL,21,1);
INSERT INTO `ait_pub_aitsu_article_property` VALUES (9,522,'O:8:\"stdClass\":1:{s:15:\"defaultTemplate\";s:25:\"templates/body/body.phtml\";}',NULL,NULL,22,1);
INSERT INTO `ait_pub_aitsu_article_property` VALUES (9,523,'O:8:\"stdClass\":1:{s:15:\"defaultTemplate\";s:25:\"templates/body/body.phtml\";}',NULL,NULL,23,1);
INSERT INTO `ait_pub_aitsu_article_property` VALUES (9,524,'O:8:\"stdClass\":1:{s:15:\"defaultTemplate\";s:25:\"templates/body/body.phtml\";}',NULL,NULL,24,1);
INSERT INTO `ait_pub_aitsu_article_property` VALUES (9,525,'O:8:\"stdClass\":1:{s:15:\"defaultTemplate\";s:25:\"templates/body/body.phtml\";}',NULL,NULL,25,1);
INSERT INTO `ait_pub_aitsu_article_property` VALUES (9,526,'O:8:\"stdClass\":1:{s:15:\"defaultTemplate\";s:25:\"templates/body/body.phtml\";}',NULL,NULL,26,1);
INSERT INTO `ait_pub_aitsu_article_property` VALUES (9,527,'O:8:\"stdClass\":1:{s:15:\"defaultTemplate\";s:25:\"templates/body/body.phtml\";}',NULL,NULL,27,1);
INSERT INTO `ait_pub_aitsu_article_property` VALUES (9,528,'O:8:\"stdClass\":1:{s:15:\"defaultTemplate\";s:25:\"templates/body/body.phtml\";}',NULL,NULL,28,1);
INSERT INTO `ait_pub_aitsu_article_property` VALUES (9,529,'O:8:\"stdClass\":1:{s:15:\"defaultTemplate\";s:25:\"templates/body/body.phtml\";}',NULL,NULL,29,1);
INSERT INTO `ait_pub_aitsu_article_property` VALUES (9,531,'O:8:\"stdClass\":1:{s:15:\"defaultTemplate\";s:25:\"templates/body/body.phtml\";}',NULL,NULL,30,1);
INSERT INTO `ait_pub_aitsu_article_property` VALUES (10,440,'useArticleMedia',NULL,NULL,1,1);
INSERT INTO `ait_pub_aitsu_article_property` VALUES (11,440,'a:18:{i:2;s:1:\"2\";i:3;s:0:\"\";i:4;s:0:\"\";i:5;s:0:\"\";i:7;s:0:\"\";i:9;s:0:\"\";i:10;s:0:\"\";i:11;s:0:\"\";i:12;s:0:\"\";i:13;s:0:\"\";i:14;s:0:\"\";i:15;s:0:\"\";i:16;s:0:\"\";i:18;s:0:\"\";i:23;s:0:\"\";i:24;s:0:\"\";i:25;s:0:\"\";i:27;s:0:\"\";}',NULL,NULL,1,1);
INSERT INTO `ait_pub_aitsu_article_property` VALUES (13,440,'O:8:\"stdClass\":2:{s:15:\"defaultTemplate\";s:5:\"promo\";s:8:\"template\";O:8:\"stdClass\":3:{s:5:\"promo\";O:8:\"stdClass\":2:{s:4:\"name\";s:9:\"Promotion\";s:4:\"file\";s:25:\"templates/promotion.phtml\";}s:4:\"html\";O:8:\"stdClass\":2:{s:4:\"name\";s:4:\"HTML\";s:4:\"file\";s:30:\"templates/htmlMainBottom.phtml\";}s:4:\"none\";O:8:\"stdClass\":2:{s:4:\"name\";s:2:\"--\";s:4:\"file\";s:20:\"templates/none.phtml\";}}}',NULL,NULL,1,1);
INSERT INTO `ait_pub_aitsu_article_property` VALUES (14,440,'promo',NULL,NULL,1,1);
INSERT INTO `ait_pub_aitsu_article_property` VALUES (15,440,'small',NULL,NULL,1,1);
INSERT INTO `ait_pub_aitsu_article_property` VALUES (15,492,'small',NULL,NULL,5,1);
INSERT INTO `ait_pub_aitsu_article_property` VALUES (15,493,'small',NULL,NULL,6,1);
INSERT INTO `ait_pub_aitsu_article_property` VALUES (15,513,'small',NULL,NULL,14,1);
INSERT INTO `ait_pub_aitsu_article_property` VALUES (16,440,'a:18:{i:2;s:0:\"\";i:3;s:0:\"\";i:4;s:0:\"\";i:5;s:0:\"\";i:7;s:0:\"\";i:9;s:0:\"\";i:10;s:0:\"\";i:11;s:0:\"\";i:12;s:0:\"\";i:13;s:0:\"\";i:14;s:0:\"\";i:15;s:2:\"15\";i:16;s:0:\"\";i:18;s:0:\"\";i:23;s:0:\"\";i:24;s:0:\"\";i:25;s:0:\"\";i:27;s:0:\"\";}',NULL,NULL,1,1);
INSERT INTO `ait_pub_aitsu_article_property` VALUES (16,493,'a:3:{i:4;s:0:\"\";i:5;s:0:\"\";i:6;s:1:\"6\";}',NULL,NULL,6,1);
INSERT INTO `ait_pub_aitsu_article_property` VALUES (17,440,'small',NULL,NULL,1,1);
INSERT INTO `ait_pub_aitsu_article_property` VALUES (17,492,NULL,NULL,NULL,5,1);
INSERT INTO `ait_pub_aitsu_article_property` VALUES (17,513,'small',NULL,NULL,14,1);
INSERT INTO `ait_pub_aitsu_article_property` VALUES (18,440,'a:18:{i:2;s:0:\"\";i:3;s:0:\"\";i:4;s:0:\"\";i:5;s:1:\"5\";i:7;s:0:\"\";i:9;s:0:\"\";i:10;s:0:\"\";i:11;s:0:\"\";i:12;s:0:\"\";i:13;s:0:\"\";i:14;s:0:\"\";i:15;s:0:\"\";i:16;s:0:\"\";i:18;s:0:\"\";i:23;s:0:\"\";i:24;s:0:\"\";i:25;s:0:\"\";i:27;s:0:\"\";}',NULL,NULL,1,1);
INSERT INTO `ait_pub_aitsu_article_property` VALUES (19,449,'none',NULL,NULL,3,1);
INSERT INTO `ait_pub_aitsu_article_property` VALUES (19,492,'none',NULL,NULL,5,1);
INSERT INTO `ait_pub_aitsu_article_property` VALUES (19,493,'none',NULL,NULL,6,1);
INSERT INTO `ait_pub_aitsu_article_property` VALUES (19,495,'33_33_33',NULL,NULL,7,1);
INSERT INTO `ait_pub_aitsu_article_property` VALUES (34,440,'sdfsdf',NULL,NULL,1,1);
INSERT INTO `ait_pub_aitsu_article_property` VALUES (35,440,'sdfsdfs',NULL,NULL,1,1);
INSERT INTO `ait_pub_aitsu_article_property` VALUES (36,440,'',NULL,NULL,1,1);
INSERT INTO `ait_pub_aitsu_article_property` VALUES (37,440,'',NULL,NULL,1,1);
INSERT INTO `ait_pub_aitsu_article_property` VALUES (38,440,'',NULL,NULL,1,1);
INSERT INTO `ait_pub_aitsu_article_property` VALUES (39,440,'',NULL,NULL,1,1);
INSERT INTO `ait_pub_aitsu_article_property` VALUES (40,440,'',NULL,NULL,1,1);
INSERT INTO `ait_pub_aitsu_article_property` VALUES (41,440,'',NULL,NULL,1,1);
INSERT INTO `ait_pub_aitsu_article_property` VALUES (42,440,'',NULL,NULL,1,1);
INSERT INTO `ait_pub_aitsu_article_property` VALUES (43,440,'Andreas',NULL,NULL,1,1);
INSERT INTO `ait_pub_aitsu_article_property` VALUES (44,440,'Kummer',NULL,NULL,1,1);
INSERT INTO `ait_pub_aitsu_article_property` VALUES (45,440,'',NULL,NULL,1,1);
INSERT INTO `ait_pub_aitsu_article_property` VALUES (46,440,'',NULL,NULL,1,1);
INSERT INTO `ait_pub_aitsu_article_property` VALUES (47,440,'',NULL,NULL,1,1);
INSERT INTO `ait_pub_aitsu_article_property` VALUES (48,440,'',NULL,NULL,1,1);
INSERT INTO `ait_pub_aitsu_article_property` VALUES (49,440,'',NULL,NULL,1,1);
INSERT INTO `ait_pub_aitsu_article_property` VALUES (50,440,'',NULL,NULL,1,1);
INSERT INTO `ait_pub_aitsu_article_property` VALUES (51,440,'',NULL,NULL,1,1);
INSERT INTO `ait_pub_aitsu_article_property` VALUES (52,492,'a:8:{i:0;s:24:\"sunset_coast_2230302.jpg\";i:1;s:9:\"Bild1.jpg\";i:2;s:34:\"summer_beach_australia_2240541.jpg\";i:3;s:10:\"marker.jpg\";i:4;s:32:\"frosty_winter_morning_177037.jpg\";i:5;s:13:\"riesenrad.jpg\";i:6;s:31:\"small_wind_turbine_P8092706.jpg\";i:7;s:25:\"stormy_beach_P1013473.jpg\";}',NULL,NULL,5,1);
INSERT INTO `ait_pub_aitsu_article_property` VALUES (53,492,'value2',NULL,NULL,5,1);
INSERT INTO `ait_pub_aitsu_article_property` VALUES (54,492,'a:3:{i:4;s:6:\"value4\";i:6;s:6:\"value6\";i:8;s:6:\"value8\";}',NULL,NULL,5,1);
INSERT INTO `ait_pub_aitsu_article_property` VALUES (55,492,'a:3:{i:5;s:6:\"value5\";i:9;s:6:\"value9\";i:2;s:6:\"value2\";}',NULL,NULL,5,1);
INSERT INTO `ait_pub_aitsu_article_property` VALUES (56,492,'a:7:{i:0;s:9:\"Bild1.jpg\";i:1;s:10:\"marker.jpg\";i:2;s:13:\"riesenrad.jpg\";i:3;s:32:\"frosty_winter_morning_177037.jpg\";i:4;s:42:\"beach_side_swimming_australia_PB181577.jpg\";i:5;s:29:\"drought_dead_tree_5264574.jpg\";i:6;s:32:\"frost_oak_leaf_winter_218310.jpg\";}',NULL,NULL,5,1);
INSERT INTO `ait_pub_aitsu_article_property` VALUES (57,492,NULL,NULL,'0000-00-00 00:00:00',5,1);
INSERT INTO `ait_pub_aitsu_article_property` VALUES (58,492,NULL,NULL,'0000-00-00 00:00:00',5,1);
INSERT INTO `ait_pub_aitsu_article_property` VALUES (59,492,'das ist ein test 2',NULL,NULL,5,1);
INSERT INTO `ait_pub_aitsu_article_property` VALUES (60,492,'und ein weiterer test',NULL,NULL,5,1);
INSERT INTO `ait_pub_aitsu_article_property` VALUES (61,492,'value9',NULL,NULL,5,1);
INSERT INTO `ait_pub_aitsu_article_property` VALUES (62,492,'idcat 31',NULL,NULL,5,1);
INSERT INTO `ait_pub_aitsu_article_property` VALUES (70,497,'Brunnmattstrasse 13, 3174 Thrishaus, Schweiz',NULL,NULL,8,1);
INSERT INTO `ait_pub_aitsu_article_property` VALUES (71,497,'w3concepts AG',NULL,NULL,8,1);
INSERT INTO `ait_pub_aitsu_article_property` VALUES (72,497,'650',NULL,NULL,8,1);
INSERT INTO `ait_pub_aitsu_article_property` VALUES (73,497,'400',NULL,NULL,8,1);
INSERT INTO `ait_pub_aitsu_article_property` VALUES (74,497,'',NULL,NULL,8,1);
INSERT INTO `ait_pub_aitsu_article_property` VALUES (75,497,'16',NULL,NULL,8,1);
INSERT INTO `ait_pub_aitsu_article_property` VALUES (76,497,'SATELLITE',NULL,NULL,8,1);
INSERT INTO `ait_pub_aitsu_article_property` VALUES (77,497,'Frstenwall 35, 40219 Dsseldorf, Deutschland',NULL,NULL,8,1);
INSERT INTO `ait_pub_aitsu_article_property` VALUES (78,497,'meine experten GbR',NULL,NULL,8,1);
INSERT INTO `ait_pub_aitsu_article_property` VALUES (79,497,'650',NULL,NULL,8,1);
INSERT INTO `ait_pub_aitsu_article_property` VALUES (80,497,'400',NULL,NULL,8,1);
INSERT INTO `ait_pub_aitsu_article_property` VALUES (81,497,'',NULL,NULL,8,1);
INSERT INTO `ait_pub_aitsu_article_property` VALUES (82,497,'15',NULL,NULL,8,1);
INSERT INTO `ait_pub_aitsu_article_property` VALUES (83,497,'ROADMAP',NULL,NULL,8,1);
INSERT INTO `ait_pub_aitsu_article_property` VALUES (85,492,NULL,NULL,NULL,5,1);
INSERT INTO `ait_pub_aitsu_article_property` VALUES (86,492,'N;',NULL,NULL,5,1);
INSERT INTO `ait_pub_aitsu_article_property` VALUES (87,492,NULL,NULL,'0000-00-00 00:00:00',5,1);
INSERT INTO `ait_pub_aitsu_article_property` VALUES (88,492,NULL,NULL,'0000-00-00 00:00:00',5,1);
INSERT INTO `ait_pub_aitsu_article_property` VALUES (89,492,'',NULL,NULL,5,1);
INSERT INTO `ait_pub_aitsu_article_property` VALUES (90,492,'',NULL,NULL,5,1);
INSERT INTO `ait_pub_aitsu_article_property` VALUES (91,492,'',NULL,NULL,5,1);
INSERT INTO `ait_pub_aitsu_article_property` VALUES (92,492,'',NULL,NULL,5,1);
INSERT INTO `ait_pub_aitsu_article_property` VALUES (93,492,NULL,NULL,NULL,5,1);
INSERT INTO `ait_pub_aitsu_article_property` VALUES (93,513,'small',NULL,NULL,14,1);
INSERT INTO `ait_pub_aitsu_article_property` VALUES (94,492,'a:1:{i:0;s:9:\"Bild1.jpg\";}',NULL,NULL,5,1);
INSERT INTO `ait_pub_aitsu_article_property` VALUES (95,492,NULL,NULL,NULL,5,1);
INSERT INTO `ait_pub_aitsu_article_property` VALUES (96,492,'N;',NULL,NULL,5,1);
INSERT INTO `ait_pub_aitsu_article_property` VALUES (97,492,NULL,NULL,'0000-00-00 00:00:00',5,1);
INSERT INTO `ait_pub_aitsu_article_property` VALUES (98,492,NULL,NULL,'0000-00-00 00:00:00',5,1);
INSERT INTO `ait_pub_aitsu_article_property` VALUES (99,492,'',NULL,NULL,5,1);
INSERT INTO `ait_pub_aitsu_article_property` VALUES (100,492,'',NULL,NULL,5,1);
INSERT INTO `ait_pub_aitsu_article_property` VALUES (101,492,'',NULL,NULL,5,1);
INSERT INTO `ait_pub_aitsu_article_property` VALUES (102,492,'',NULL,NULL,5,1);
INSERT INTO `ait_pub_aitsu_article_property` VALUES (103,492,'a:2:{i:0;s:10:\"marker.jpg\";i:1;s:9:\"Bild1.jpg\";}',NULL,NULL,5,1);
INSERT INTO `ait_pub_aitsu_article_property` VALUES (110,440,'O:8:\"stdClass\":1:{s:15:\"defaultTemplate\";s:25:\"templates/head/head.phtml\";}',NULL,NULL,1,1);
INSERT INTO `ait_pub_aitsu_article_property` VALUES (110,446,'O:8:\"stdClass\":1:{s:15:\"defaultTemplate\";s:25:\"templates/head/head.phtml\";}',NULL,NULL,2,1);
INSERT INTO `ait_pub_aitsu_article_property` VALUES (110,449,'O:8:\"stdClass\":1:{s:15:\"defaultTemplate\";s:25:\"templates/head/head.phtml\";}',NULL,NULL,3,1);
INSERT INTO `ait_pub_aitsu_article_property` VALUES (110,491,'O:8:\"stdClass\":1:{s:15:\"defaultTemplate\";s:25:\"templates/head/head.phtml\";}',NULL,NULL,4,1);
INSERT INTO `ait_pub_aitsu_article_property` VALUES (110,492,'O:8:\"stdClass\":1:{s:15:\"defaultTemplate\";s:25:\"templates/head/head.phtml\";}',NULL,NULL,5,1);
INSERT INTO `ait_pub_aitsu_article_property` VALUES (110,493,'O:8:\"stdClass\":1:{s:15:\"defaultTemplate\";s:25:\"templates/head/head.phtml\";}',NULL,NULL,6,1);
INSERT INTO `ait_pub_aitsu_article_property` VALUES (110,495,'O:8:\"stdClass\":1:{s:15:\"defaultTemplate\";s:25:\"templates/head/head.phtml\";}',NULL,NULL,7,1);
INSERT INTO `ait_pub_aitsu_article_property` VALUES (110,497,'O:8:\"stdClass\":1:{s:15:\"defaultTemplate\";s:25:\"templates/head/head.phtml\";}',NULL,NULL,8,1);
INSERT INTO `ait_pub_aitsu_article_property` VALUES (110,506,'O:8:\"stdClass\":1:{s:15:\"defaultTemplate\";s:25:\"templates/head/head.phtml\";}',NULL,NULL,10,1);
INSERT INTO `ait_pub_aitsu_article_property` VALUES (110,511,'O:8:\"stdClass\":1:{s:15:\"defaultTemplate\";s:25:\"templates/head/head.phtml\";}',NULL,NULL,12,1);
INSERT INTO `ait_pub_aitsu_article_property` VALUES (110,512,'O:8:\"stdClass\":1:{s:15:\"defaultTemplate\";s:25:\"templates/head/head.phtml\";}',NULL,NULL,13,1);
INSERT INTO `ait_pub_aitsu_article_property` VALUES (110,513,'O:8:\"stdClass\":1:{s:15:\"defaultTemplate\";s:25:\"templates/head/head.phtml\";}',NULL,NULL,14,1);
INSERT INTO `ait_pub_aitsu_article_property` VALUES (110,514,'O:8:\"stdClass\":1:{s:15:\"defaultTemplate\";s:25:\"templates/head/head.phtml\";}',NULL,NULL,15,1);
INSERT INTO `ait_pub_aitsu_article_property` VALUES (110,516,'O:8:\"stdClass\":1:{s:15:\"defaultTemplate\";s:25:\"templates/head/head.phtml\";}',NULL,NULL,16,1);
INSERT INTO `ait_pub_aitsu_article_property` VALUES (110,517,'O:8:\"stdClass\":1:{s:15:\"defaultTemplate\";s:25:\"templates/head/head.phtml\";}',NULL,NULL,17,1);
INSERT INTO `ait_pub_aitsu_article_property` VALUES (110,518,'O:8:\"stdClass\":1:{s:15:\"defaultTemplate\";s:25:\"templates/head/head.phtml\";}',NULL,NULL,18,1);
INSERT INTO `ait_pub_aitsu_article_property` VALUES (110,520,'O:8:\"stdClass\":1:{s:15:\"defaultTemplate\";s:25:\"templates/head/head.phtml\";}',NULL,NULL,20,1);
INSERT INTO `ait_pub_aitsu_article_property` VALUES (110,521,'O:8:\"stdClass\":1:{s:15:\"defaultTemplate\";s:25:\"templates/head/head.phtml\";}',NULL,NULL,21,1);
INSERT INTO `ait_pub_aitsu_article_property` VALUES (110,522,'O:8:\"stdClass\":1:{s:15:\"defaultTemplate\";s:25:\"templates/head/head.phtml\";}',NULL,NULL,22,1);
INSERT INTO `ait_pub_aitsu_article_property` VALUES (110,523,'O:8:\"stdClass\":1:{s:15:\"defaultTemplate\";s:25:\"templates/head/head.phtml\";}',NULL,NULL,23,1);
INSERT INTO `ait_pub_aitsu_article_property` VALUES (110,524,'O:8:\"stdClass\":1:{s:15:\"defaultTemplate\";s:25:\"templates/head/head.phtml\";}',NULL,NULL,24,1);
INSERT INTO `ait_pub_aitsu_article_property` VALUES (110,525,'O:8:\"stdClass\":1:{s:15:\"defaultTemplate\";s:25:\"templates/head/head.phtml\";}',NULL,NULL,25,1);
INSERT INTO `ait_pub_aitsu_article_property` VALUES (110,526,'O:8:\"stdClass\":1:{s:15:\"defaultTemplate\";s:25:\"templates/head/head.phtml\";}',NULL,NULL,26,1);
INSERT INTO `ait_pub_aitsu_article_property` VALUES (110,527,'O:8:\"stdClass\":1:{s:15:\"defaultTemplate\";s:25:\"templates/head/head.phtml\";}',NULL,NULL,27,1);
INSERT INTO `ait_pub_aitsu_article_property` VALUES (110,528,'O:8:\"stdClass\":1:{s:15:\"defaultTemplate\";s:25:\"templates/head/head.phtml\";}',NULL,NULL,28,1);
INSERT INTO `ait_pub_aitsu_article_property` VALUES (110,529,'O:8:\"stdClass\":1:{s:15:\"defaultTemplate\";s:25:\"templates/head/head.phtml\";}',NULL,NULL,29,1);
INSERT INTO `ait_pub_aitsu_article_property` VALUES (110,531,'O:8:\"stdClass\":1:{s:15:\"defaultTemplate\";s:25:\"templates/head/head.phtml\";}',NULL,NULL,30,1);
INSERT INTO `ait_pub_aitsu_article_property` VALUES (111,440,'O:8:\"stdClass\":1:{s:15:\"defaultTemplate\";s:22:\"templates/google.phtml\";}',NULL,NULL,1,1);
INSERT INTO `ait_pub_aitsu_article_property` VALUES (111,446,'O:8:\"stdClass\":1:{s:15:\"defaultTemplate\";s:22:\"templates/google.phtml\";}',NULL,NULL,2,1);
INSERT INTO `ait_pub_aitsu_article_property` VALUES (111,449,'O:8:\"stdClass\":1:{s:15:\"defaultTemplate\";s:22:\"templates/google.phtml\";}',NULL,NULL,3,1);
INSERT INTO `ait_pub_aitsu_article_property` VALUES (111,491,'O:8:\"stdClass\":1:{s:15:\"defaultTemplate\";s:22:\"templates/google.phtml\";}',NULL,NULL,4,1);
INSERT INTO `ait_pub_aitsu_article_property` VALUES (111,492,'O:8:\"stdClass\":1:{s:15:\"defaultTemplate\";s:22:\"templates/google.phtml\";}',NULL,NULL,5,1);
INSERT INTO `ait_pub_aitsu_article_property` VALUES (111,493,'O:8:\"stdClass\":1:{s:15:\"defaultTemplate\";s:22:\"templates/google.phtml\";}',NULL,NULL,6,1);
INSERT INTO `ait_pub_aitsu_article_property` VALUES (111,495,'O:8:\"stdClass\":1:{s:15:\"defaultTemplate\";s:22:\"templates/google.phtml\";}',NULL,NULL,7,1);
INSERT INTO `ait_pub_aitsu_article_property` VALUES (111,497,'O:8:\"stdClass\":1:{s:15:\"defaultTemplate\";s:22:\"templates/google.phtml\";}',NULL,NULL,8,1);
INSERT INTO `ait_pub_aitsu_article_property` VALUES (111,506,'O:8:\"stdClass\":1:{s:15:\"defaultTemplate\";s:22:\"templates/google.phtml\";}',NULL,NULL,10,1);
INSERT INTO `ait_pub_aitsu_article_property` VALUES (111,511,'O:8:\"stdClass\":1:{s:15:\"defaultTemplate\";s:22:\"templates/google.phtml\";}',NULL,NULL,12,1);
INSERT INTO `ait_pub_aitsu_article_property` VALUES (111,512,'O:8:\"stdClass\":1:{s:15:\"defaultTemplate\";s:22:\"templates/google.phtml\";}',NULL,NULL,13,1);
INSERT INTO `ait_pub_aitsu_article_property` VALUES (111,513,'O:8:\"stdClass\":1:{s:15:\"defaultTemplate\";s:22:\"templates/google.phtml\";}',NULL,NULL,14,1);
INSERT INTO `ait_pub_aitsu_article_property` VALUES (111,514,'O:8:\"stdClass\":1:{s:15:\"defaultTemplate\";s:22:\"templates/google.phtml\";}',NULL,NULL,15,1);
INSERT INTO `ait_pub_aitsu_article_property` VALUES (111,516,'O:8:\"stdClass\":1:{s:15:\"defaultTemplate\";s:22:\"templates/google.phtml\";}',NULL,NULL,16,1);
INSERT INTO `ait_pub_aitsu_article_property` VALUES (111,517,'O:8:\"stdClass\":1:{s:15:\"defaultTemplate\";s:22:\"templates/google.phtml\";}',NULL,NULL,17,1);
INSERT INTO `ait_pub_aitsu_article_property` VALUES (111,518,'O:8:\"stdClass\":1:{s:15:\"defaultTemplate\";s:22:\"templates/google.phtml\";}',NULL,NULL,18,1);
INSERT INTO `ait_pub_aitsu_article_property` VALUES (111,520,'O:8:\"stdClass\":1:{s:15:\"defaultTemplate\";s:22:\"templates/google.phtml\";}',NULL,NULL,20,1);
INSERT INTO `ait_pub_aitsu_article_property` VALUES (111,521,'O:8:\"stdClass\":1:{s:15:\"defaultTemplate\";s:22:\"templates/google.phtml\";}',NULL,NULL,21,1);
INSERT INTO `ait_pub_aitsu_article_property` VALUES (111,522,'O:8:\"stdClass\":1:{s:15:\"defaultTemplate\";s:22:\"templates/google.phtml\";}',NULL,NULL,22,1);
INSERT INTO `ait_pub_aitsu_article_property` VALUES (111,523,'O:8:\"stdClass\":1:{s:15:\"defaultTemplate\";s:22:\"templates/google.phtml\";}',NULL,NULL,23,1);
INSERT INTO `ait_pub_aitsu_article_property` VALUES (111,524,'O:8:\"stdClass\":1:{s:15:\"defaultTemplate\";s:22:\"templates/google.phtml\";}',NULL,NULL,24,1);
INSERT INTO `ait_pub_aitsu_article_property` VALUES (111,525,'O:8:\"stdClass\":1:{s:15:\"defaultTemplate\";s:22:\"templates/google.phtml\";}',NULL,NULL,25,1);
INSERT INTO `ait_pub_aitsu_article_property` VALUES (111,526,'O:8:\"stdClass\":1:{s:15:\"defaultTemplate\";s:22:\"templates/google.phtml\";}',NULL,NULL,26,1);
INSERT INTO `ait_pub_aitsu_article_property` VALUES (111,527,'O:8:\"stdClass\":1:{s:15:\"defaultTemplate\";s:22:\"templates/google.phtml\";}',NULL,NULL,27,1);
INSERT INTO `ait_pub_aitsu_article_property` VALUES (111,528,'O:8:\"stdClass\":1:{s:15:\"defaultTemplate\";s:22:\"templates/google.phtml\";}',NULL,NULL,28,1);
INSERT INTO `ait_pub_aitsu_article_property` VALUES (111,529,'O:8:\"stdClass\":1:{s:15:\"defaultTemplate\";s:22:\"templates/google.phtml\";}',NULL,NULL,29,1);
INSERT INTO `ait_pub_aitsu_article_property` VALUES (111,531,'O:8:\"stdClass\":1:{s:15:\"defaultTemplate\";s:22:\"templates/google.phtml\";}',NULL,NULL,30,1);
INSERT INTO `ait_pub_aitsu_article_property` VALUES (112,440,'O:8:\"stdClass\":1:{s:15:\"defaultTemplate\";s:34:\"templates/body/teaser/teaser.phtml\";}',NULL,NULL,1,1);
INSERT INTO `ait_pub_aitsu_article_property` VALUES (112,446,'O:8:\"stdClass\":1:{s:15:\"defaultTemplate\";s:34:\"templates/body/teaser/teaser.phtml\";}',NULL,NULL,2,1);
INSERT INTO `ait_pub_aitsu_article_property` VALUES (112,449,'O:8:\"stdClass\":1:{s:15:\"defaultTemplate\";s:34:\"templates/body/teaser/teaser.phtml\";}',NULL,NULL,3,1);
INSERT INTO `ait_pub_aitsu_article_property` VALUES (112,491,'O:8:\"stdClass\":1:{s:15:\"defaultTemplate\";s:34:\"templates/body/teaser/teaser.phtml\";}',NULL,NULL,4,1);
INSERT INTO `ait_pub_aitsu_article_property` VALUES (112,492,'O:8:\"stdClass\":1:{s:15:\"defaultTemplate\";s:34:\"templates/body/teaser/teaser.phtml\";}',NULL,NULL,5,1);
INSERT INTO `ait_pub_aitsu_article_property` VALUES (112,493,'O:8:\"stdClass\":1:{s:15:\"defaultTemplate\";s:34:\"templates/body/teaser/teaser.phtml\";}',NULL,NULL,6,1);
INSERT INTO `ait_pub_aitsu_article_property` VALUES (112,495,'O:8:\"stdClass\":1:{s:15:\"defaultTemplate\";s:34:\"templates/body/teaser/teaser.phtml\";}',NULL,NULL,7,1);
INSERT INTO `ait_pub_aitsu_article_property` VALUES (112,497,'O:8:\"stdClass\":1:{s:15:\"defaultTemplate\";s:34:\"templates/body/teaser/teaser.phtml\";}',NULL,NULL,8,1);
INSERT INTO `ait_pub_aitsu_article_property` VALUES (112,506,'O:8:\"stdClass\":1:{s:15:\"defaultTemplate\";s:34:\"templates/body/teaser/teaser.phtml\";}',NULL,NULL,10,1);
INSERT INTO `ait_pub_aitsu_article_property` VALUES (112,511,'O:8:\"stdClass\":1:{s:15:\"defaultTemplate\";s:34:\"templates/body/teaser/teaser.phtml\";}',NULL,NULL,12,1);
INSERT INTO `ait_pub_aitsu_article_property` VALUES (112,512,'O:8:\"stdClass\":1:{s:15:\"defaultTemplate\";s:34:\"templates/body/teaser/teaser.phtml\";}',NULL,NULL,13,1);
INSERT INTO `ait_pub_aitsu_article_property` VALUES (112,513,'O:8:\"stdClass\":1:{s:15:\"defaultTemplate\";s:34:\"templates/body/teaser/teaser.phtml\";}',NULL,NULL,14,1);
INSERT INTO `ait_pub_aitsu_article_property` VALUES (112,514,'O:8:\"stdClass\":1:{s:15:\"defaultTemplate\";s:34:\"templates/body/teaser/teaser.phtml\";}',NULL,NULL,15,1);
INSERT INTO `ait_pub_aitsu_article_property` VALUES (112,516,'O:8:\"stdClass\":1:{s:15:\"defaultTemplate\";s:34:\"templates/body/teaser/teaser.phtml\";}',NULL,NULL,16,1);
INSERT INTO `ait_pub_aitsu_article_property` VALUES (112,517,'O:8:\"stdClass\":1:{s:15:\"defaultTemplate\";s:34:\"templates/body/teaser/teaser.phtml\";}',NULL,NULL,17,1);
INSERT INTO `ait_pub_aitsu_article_property` VALUES (112,518,'O:8:\"stdClass\":1:{s:15:\"defaultTemplate\";s:34:\"templates/body/teaser/teaser.phtml\";}',NULL,NULL,18,1);
INSERT INTO `ait_pub_aitsu_article_property` VALUES (112,520,'O:8:\"stdClass\":1:{s:15:\"defaultTemplate\";s:34:\"templates/body/teaser/teaser.phtml\";}',NULL,NULL,20,1);
INSERT INTO `ait_pub_aitsu_article_property` VALUES (112,521,'O:8:\"stdClass\":1:{s:15:\"defaultTemplate\";s:34:\"templates/body/teaser/teaser.phtml\";}',NULL,NULL,21,1);
INSERT INTO `ait_pub_aitsu_article_property` VALUES (112,522,'O:8:\"stdClass\":1:{s:15:\"defaultTemplate\";s:34:\"templates/body/teaser/teaser.phtml\";}',NULL,NULL,22,1);
INSERT INTO `ait_pub_aitsu_article_property` VALUES (112,523,'O:8:\"stdClass\":1:{s:15:\"defaultTemplate\";s:34:\"templates/body/teaser/teaser.phtml\";}',NULL,NULL,23,1);
INSERT INTO `ait_pub_aitsu_article_property` VALUES (112,524,'O:8:\"stdClass\":1:{s:15:\"defaultTemplate\";s:34:\"templates/body/teaser/teaser.phtml\";}',NULL,NULL,24,1);
INSERT INTO `ait_pub_aitsu_article_property` VALUES (112,525,'O:8:\"stdClass\":1:{s:15:\"defaultTemplate\";s:34:\"templates/body/teaser/teaser.phtml\";}',NULL,NULL,25,1);
INSERT INTO `ait_pub_aitsu_article_property` VALUES (112,526,'O:8:\"stdClass\":1:{s:15:\"defaultTemplate\";s:34:\"templates/body/teaser/teaser.phtml\";}',NULL,NULL,26,1);
INSERT INTO `ait_pub_aitsu_article_property` VALUES (112,527,'O:8:\"stdClass\":1:{s:15:\"defaultTemplate\";s:34:\"templates/body/teaser/teaser.phtml\";}',NULL,NULL,27,1);
INSERT INTO `ait_pub_aitsu_article_property` VALUES (112,528,'O:8:\"stdClass\":1:{s:15:\"defaultTemplate\";s:34:\"templates/body/teaser/teaser.phtml\";}',NULL,NULL,28,1);
INSERT INTO `ait_pub_aitsu_article_property` VALUES (112,529,'O:8:\"stdClass\":1:{s:15:\"defaultTemplate\";s:34:\"templates/body/teaser/teaser.phtml\";}',NULL,NULL,29,1);
INSERT INTO `ait_pub_aitsu_article_property` VALUES (112,531,'O:8:\"stdClass\":1:{s:15:\"defaultTemplate\";s:34:\"templates/body/teaser/teaser.phtml\";}',NULL,NULL,30,1);
INSERT INTO `ait_pub_aitsu_article_property` VALUES (113,440,'O:8:\"stdClass\":1:{s:15:\"defaultTemplate\";s:30:\"templates/body/main/col1.phtml\";}',NULL,NULL,1,1);
INSERT INTO `ait_pub_aitsu_article_property` VALUES (113,449,'O:8:\"stdClass\":1:{s:15:\"defaultTemplate\";s:30:\"templates/body/main/col1.phtml\";}',NULL,NULL,3,1);
INSERT INTO `ait_pub_aitsu_article_property` VALUES (113,491,'O:8:\"stdClass\":1:{s:15:\"defaultTemplate\";s:30:\"templates/body/main/col1.phtml\";}',NULL,NULL,4,1);
INSERT INTO `ait_pub_aitsu_article_property` VALUES (113,492,'O:8:\"stdClass\":1:{s:15:\"defaultTemplate\";s:30:\"templates/body/main/col1.phtml\";}',NULL,NULL,5,1);
INSERT INTO `ait_pub_aitsu_article_property` VALUES (113,493,'O:8:\"stdClass\":1:{s:15:\"defaultTemplate\";s:30:\"templates/body/main/col1.phtml\";}',NULL,NULL,6,1);
INSERT INTO `ait_pub_aitsu_article_property` VALUES (113,495,'O:8:\"stdClass\":1:{s:15:\"defaultTemplate\";s:30:\"templates/body/main/col1.phtml\";}',NULL,NULL,7,1);
INSERT INTO `ait_pub_aitsu_article_property` VALUES (113,511,'O:8:\"stdClass\":1:{s:15:\"defaultTemplate\";s:30:\"templates/body/main/col1.phtml\";}',NULL,NULL,12,1);
INSERT INTO `ait_pub_aitsu_article_property` VALUES (113,512,'O:8:\"stdClass\":1:{s:15:\"defaultTemplate\";s:30:\"templates/body/main/col1.phtml\";}',NULL,NULL,13,1);
INSERT INTO `ait_pub_aitsu_article_property` VALUES (113,513,'O:8:\"stdClass\":1:{s:15:\"defaultTemplate\";s:30:\"templates/body/main/col1.phtml\";}',NULL,NULL,14,1);
INSERT INTO `ait_pub_aitsu_article_property` VALUES (113,514,'O:8:\"stdClass\":1:{s:15:\"defaultTemplate\";s:30:\"templates/body/main/col1.phtml\";}',NULL,NULL,15,1);
INSERT INTO `ait_pub_aitsu_article_property` VALUES (113,516,'O:8:\"stdClass\":1:{s:15:\"defaultTemplate\";s:30:\"templates/body/main/col1.phtml\";}',NULL,NULL,16,1);
INSERT INTO `ait_pub_aitsu_article_property` VALUES (113,521,'O:8:\"stdClass\":1:{s:15:\"defaultTemplate\";s:30:\"templates/body/main/col1.phtml\";}',NULL,NULL,21,1);
INSERT INTO `ait_pub_aitsu_article_property` VALUES (113,522,'O:8:\"stdClass\":1:{s:15:\"defaultTemplate\";s:30:\"templates/body/main/col1.phtml\";}',NULL,NULL,22,1);
INSERT INTO `ait_pub_aitsu_article_property` VALUES (114,440,'O:8:\"stdClass\":1:{s:15:\"defaultTemplate\";s:30:\"templates/body/main/col2.phtml\";}',NULL,NULL,1,1);
INSERT INTO `ait_pub_aitsu_article_property` VALUES (114,449,'O:8:\"stdClass\":1:{s:15:\"defaultTemplate\";s:30:\"templates/body/main/col2.phtml\";}',NULL,NULL,3,1);
INSERT INTO `ait_pub_aitsu_article_property` VALUES (114,491,'O:8:\"stdClass\":1:{s:15:\"defaultTemplate\";s:30:\"templates/body/main/col2.phtml\";}',NULL,NULL,4,1);
INSERT INTO `ait_pub_aitsu_article_property` VALUES (114,492,'O:8:\"stdClass\":1:{s:15:\"defaultTemplate\";s:30:\"templates/body/main/col2.phtml\";}',NULL,NULL,5,1);
INSERT INTO `ait_pub_aitsu_article_property` VALUES (114,493,'O:8:\"stdClass\":1:{s:15:\"defaultTemplate\";s:30:\"templates/body/main/col2.phtml\";}',NULL,NULL,6,1);
INSERT INTO `ait_pub_aitsu_article_property` VALUES (114,495,'O:8:\"stdClass\":1:{s:15:\"defaultTemplate\";s:30:\"templates/body/main/col2.phtml\";}',NULL,NULL,7,1);
INSERT INTO `ait_pub_aitsu_article_property` VALUES (114,511,'O:8:\"stdClass\":1:{s:15:\"defaultTemplate\";s:30:\"templates/body/main/col2.phtml\";}',NULL,NULL,12,1);
INSERT INTO `ait_pub_aitsu_article_property` VALUES (114,512,'O:8:\"stdClass\":1:{s:15:\"defaultTemplate\";s:30:\"templates/body/main/col2.phtml\";}',NULL,NULL,13,1);
INSERT INTO `ait_pub_aitsu_article_property` VALUES (114,513,'O:8:\"stdClass\":1:{s:15:\"defaultTemplate\";s:30:\"templates/body/main/col2.phtml\";}',NULL,NULL,14,1);
INSERT INTO `ait_pub_aitsu_article_property` VALUES (114,514,'O:8:\"stdClass\":1:{s:15:\"defaultTemplate\";s:30:\"templates/body/main/col2.phtml\";}',NULL,NULL,15,1);
INSERT INTO `ait_pub_aitsu_article_property` VALUES (114,516,'O:8:\"stdClass\":1:{s:15:\"defaultTemplate\";s:30:\"templates/body/main/col2.phtml\";}',NULL,NULL,16,1);
INSERT INTO `ait_pub_aitsu_article_property` VALUES (114,521,'O:8:\"stdClass\":1:{s:15:\"defaultTemplate\";s:30:\"templates/body/main/col2.phtml\";}',NULL,NULL,21,1);
INSERT INTO `ait_pub_aitsu_article_property` VALUES (114,522,'O:8:\"stdClass\":1:{s:15:\"defaultTemplate\";s:30:\"templates/body/main/col2.phtml\";}',NULL,NULL,22,1);
INSERT INTO `ait_pub_aitsu_article_property` VALUES (115,440,'O:8:\"stdClass\":1:{s:15:\"defaultTemplate\";s:30:\"templates/body/main/col3.phtml\";}',NULL,NULL,1,1);
INSERT INTO `ait_pub_aitsu_article_property` VALUES (115,449,'O:8:\"stdClass\":1:{s:15:\"defaultTemplate\";s:30:\"templates/body/main/col3.phtml\";}',NULL,NULL,3,1);
INSERT INTO `ait_pub_aitsu_article_property` VALUES (115,491,'O:8:\"stdClass\":1:{s:15:\"defaultTemplate\";s:30:\"templates/body/main/col3.phtml\";}',NULL,NULL,4,1);
INSERT INTO `ait_pub_aitsu_article_property` VALUES (115,492,'O:8:\"stdClass\":1:{s:15:\"defaultTemplate\";s:30:\"templates/body/main/col3.phtml\";}',NULL,NULL,5,1);
INSERT INTO `ait_pub_aitsu_article_property` VALUES (115,493,'O:8:\"stdClass\":1:{s:15:\"defaultTemplate\";s:30:\"templates/body/main/col3.phtml\";}',NULL,NULL,6,1);
INSERT INTO `ait_pub_aitsu_article_property` VALUES (115,495,'O:8:\"stdClass\":1:{s:15:\"defaultTemplate\";s:30:\"templates/body/main/col3.phtml\";}',NULL,NULL,7,1);
INSERT INTO `ait_pub_aitsu_article_property` VALUES (115,511,'O:8:\"stdClass\":1:{s:15:\"defaultTemplate\";s:30:\"templates/body/main/col3.phtml\";}',NULL,NULL,12,1);
INSERT INTO `ait_pub_aitsu_article_property` VALUES (115,512,'O:8:\"stdClass\":1:{s:15:\"defaultTemplate\";s:30:\"templates/body/main/col3.phtml\";}',NULL,NULL,13,1);
INSERT INTO `ait_pub_aitsu_article_property` VALUES (115,513,'O:8:\"stdClass\":1:{s:15:\"defaultTemplate\";s:30:\"templates/body/main/col3.phtml\";}',NULL,NULL,14,1);
INSERT INTO `ait_pub_aitsu_article_property` VALUES (115,514,'O:8:\"stdClass\":1:{s:15:\"defaultTemplate\";s:30:\"templates/body/main/col3.phtml\";}',NULL,NULL,15,1);
INSERT INTO `ait_pub_aitsu_article_property` VALUES (115,516,'O:8:\"stdClass\":1:{s:15:\"defaultTemplate\";s:30:\"templates/body/main/col3.phtml\";}',NULL,NULL,16,1);
INSERT INTO `ait_pub_aitsu_article_property` VALUES (115,521,'O:8:\"stdClass\":1:{s:15:\"defaultTemplate\";s:30:\"templates/body/main/col3.phtml\";}',NULL,NULL,21,1);
INSERT INTO `ait_pub_aitsu_article_property` VALUES (115,522,'O:8:\"stdClass\":1:{s:15:\"defaultTemplate\";s:30:\"templates/body/main/col3.phtml\";}',NULL,NULL,22,1);
INSERT INTO `ait_pub_aitsu_article_property` VALUES (116,440,'O:8:\"stdClass\":2:{s:15:\"defaultTemplate\";s:4:\"html\";s:8:\"template\";O:8:\"stdClass\":8:{s:4:\"html\";O:8:\"stdClass\":2:{s:4:\"file\";s:38:\"templates/body/main/sidebar/html.phtml\";s:4:\"name\";s:4:\"HTML\";}s:5:\"htmli\";O:8:\"stdClass\":2:{s:4:\"file\";s:39:\"templates/body/main/sidebar/htmli.phtml\";s:4:\"name\";s:5:\"HTMLi\";}s:15:\"articleListHtml\";O:8:\"stdClass\":2:{s:4:\"file\";s:49:\"templates/body/main/sidebar/articleListHtml.phtml\";s:4:\"name\";s:18:\"ArticleList / HTML\";}s:7:\"partner\";O:8:\"stdClass\":2:{s:4:\"file\";s:41:\"templates/body/main/sidebar/partner.phtml\";s:4:\"name\";s:7:\"Partner\";}s:5:\"modul\";O:8:\"stdClass\":2:{s:4:\"file\";s:39:\"templates/body/main/sidebar/modul.phtml\";s:4:\"name\";s:5:\"Modul\";}s:7:\"blogRss\";O:8:\"stdClass\":2:{s:4:\"file\";s:41:\"templates/body/main/sidebar/blogRss.phtml\";s:4:\"name\";s:8:\"Blog-RSS\";}s:7:\"htmlRss\";O:8:\"stdClass\":2:{s:4:\"file\";s:45:\"templates/body/main/sidebar/htmlBlogRss.phtml\";s:4:\"name\";s:15:\"HTML / Blog-RSS\";}s:10:\"htmlCorner\";O:8:\"stdClass\":2:{s:4:\"file\";s:44:\"templates/body/main/sidebar/htmlCorner.phtml\";s:4:\"name\";s:24:\"HTML with rounded corner\";}}}',NULL,NULL,1,1);
INSERT INTO `ait_pub_aitsu_article_property` VALUES (116,449,'O:8:\"stdClass\":2:{s:15:\"defaultTemplate\";s:4:\"html\";s:8:\"template\";O:8:\"stdClass\":8:{s:4:\"html\";O:8:\"stdClass\":2:{s:4:\"file\";s:38:\"templates/body/main/sidebar/html.phtml\";s:4:\"name\";s:4:\"HTML\";}s:5:\"htmli\";O:8:\"stdClass\":2:{s:4:\"file\";s:39:\"templates/body/main/sidebar/htmli.phtml\";s:4:\"name\";s:5:\"HTMLi\";}s:15:\"articleListHtml\";O:8:\"stdClass\":2:{s:4:\"file\";s:49:\"templates/body/main/sidebar/articleListHtml.phtml\";s:4:\"name\";s:18:\"ArticleList / HTML\";}s:7:\"partner\";O:8:\"stdClass\":2:{s:4:\"file\";s:41:\"templates/body/main/sidebar/partner.phtml\";s:4:\"name\";s:7:\"Partner\";}s:5:\"modul\";O:8:\"stdClass\":2:{s:4:\"file\";s:39:\"templates/body/main/sidebar/modul.phtml\";s:4:\"name\";s:5:\"Modul\";}s:7:\"blogRss\";O:8:\"stdClass\":2:{s:4:\"file\";s:41:\"templates/body/main/sidebar/blogRss.phtml\";s:4:\"name\";s:8:\"Blog-RSS\";}s:7:\"htmlRss\";O:8:\"stdClass\":2:{s:4:\"file\";s:45:\"templates/body/main/sidebar/htmlBlogRss.phtml\";s:4:\"name\";s:15:\"HTML / Blog-RSS\";}s:10:\"htmlCorner\";O:8:\"stdClass\":2:{s:4:\"file\";s:44:\"templates/body/main/sidebar/htmlCorner.phtml\";s:4:\"name\";s:24:\"HTML with rounded corner\";}}}',NULL,NULL,3,1);
INSERT INTO `ait_pub_aitsu_article_property` VALUES (116,491,'O:8:\"stdClass\":2:{s:15:\"defaultTemplate\";s:4:\"html\";s:8:\"template\";O:8:\"stdClass\":8:{s:4:\"html\";O:8:\"stdClass\":2:{s:4:\"file\";s:38:\"templates/body/main/sidebar/html.phtml\";s:4:\"name\";s:4:\"HTML\";}s:5:\"htmli\";O:8:\"stdClass\":2:{s:4:\"file\";s:39:\"templates/body/main/sidebar/htmli.phtml\";s:4:\"name\";s:5:\"HTMLi\";}s:15:\"articleListHtml\";O:8:\"stdClass\":2:{s:4:\"file\";s:49:\"templates/body/main/sidebar/articleListHtml.phtml\";s:4:\"name\";s:18:\"ArticleList / HTML\";}s:7:\"partner\";O:8:\"stdClass\":2:{s:4:\"file\";s:41:\"templates/body/main/sidebar/partner.phtml\";s:4:\"name\";s:7:\"Partner\";}s:5:\"modul\";O:8:\"stdClass\":2:{s:4:\"file\";s:39:\"templates/body/main/sidebar/modul.phtml\";s:4:\"name\";s:5:\"Modul\";}s:7:\"blogRss\";O:8:\"stdClass\":2:{s:4:\"file\";s:41:\"templates/body/main/sidebar/blogRss.phtml\";s:4:\"name\";s:8:\"Blog-RSS\";}s:7:\"htmlRss\";O:8:\"stdClass\":2:{s:4:\"file\";s:45:\"templates/body/main/sidebar/htmlBlogRss.phtml\";s:4:\"name\";s:15:\"HTML / Blog-RSS\";}s:10:\"htmlCorner\";O:8:\"stdClass\":2:{s:4:\"file\";s:44:\"templates/body/main/sidebar/htmlCorner.phtml\";s:4:\"name\";s:24:\"HTML with rounded corner\";}}}',NULL,NULL,4,1);
INSERT INTO `ait_pub_aitsu_article_property` VALUES (116,492,'O:8:\"stdClass\":2:{s:15:\"defaultTemplate\";s:4:\"html\";s:8:\"template\";O:8:\"stdClass\":8:{s:4:\"html\";O:8:\"stdClass\":2:{s:4:\"file\";s:38:\"templates/body/main/sidebar/html.phtml\";s:4:\"name\";s:4:\"HTML\";}s:5:\"htmli\";O:8:\"stdClass\":2:{s:4:\"file\";s:39:\"templates/body/main/sidebar/htmli.phtml\";s:4:\"name\";s:5:\"HTMLi\";}s:15:\"articleListHtml\";O:8:\"stdClass\":2:{s:4:\"file\";s:49:\"templates/body/main/sidebar/articleListHtml.phtml\";s:4:\"name\";s:18:\"ArticleList / HTML\";}s:7:\"partner\";O:8:\"stdClass\":2:{s:4:\"file\";s:41:\"templates/body/main/sidebar/partner.phtml\";s:4:\"name\";s:7:\"Partner\";}s:5:\"modul\";O:8:\"stdClass\":2:{s:4:\"file\";s:39:\"templates/body/main/sidebar/modul.phtml\";s:4:\"name\";s:5:\"Modul\";}s:7:\"blogRss\";O:8:\"stdClass\":2:{s:4:\"file\";s:41:\"templates/body/main/sidebar/blogRss.phtml\";s:4:\"name\";s:8:\"Blog-RSS\";}s:7:\"htmlRss\";O:8:\"stdClass\":2:{s:4:\"file\";s:45:\"templates/body/main/sidebar/htmlBlogRss.phtml\";s:4:\"name\";s:15:\"HTML / Blog-RSS\";}s:10:\"htmlCorner\";O:8:\"stdClass\":2:{s:4:\"file\";s:44:\"templates/body/main/sidebar/htmlCorner.phtml\";s:4:\"name\";s:24:\"HTML with rounded corner\";}}}',NULL,NULL,5,1);
INSERT INTO `ait_pub_aitsu_article_property` VALUES (116,493,'O:8:\"stdClass\":2:{s:15:\"defaultTemplate\";s:4:\"html\";s:8:\"template\";O:8:\"stdClass\":8:{s:4:\"html\";O:8:\"stdClass\":2:{s:4:\"file\";s:38:\"templates/body/main/sidebar/html.phtml\";s:4:\"name\";s:4:\"HTML\";}s:5:\"htmli\";O:8:\"stdClass\":2:{s:4:\"file\";s:39:\"templates/body/main/sidebar/htmli.phtml\";s:4:\"name\";s:5:\"HTMLi\";}s:15:\"articleListHtml\";O:8:\"stdClass\":2:{s:4:\"file\";s:49:\"templates/body/main/sidebar/articleListHtml.phtml\";s:4:\"name\";s:18:\"ArticleList / HTML\";}s:7:\"partner\";O:8:\"stdClass\":2:{s:4:\"file\";s:41:\"templates/body/main/sidebar/partner.phtml\";s:4:\"name\";s:7:\"Partner\";}s:5:\"modul\";O:8:\"stdClass\":2:{s:4:\"file\";s:39:\"templates/body/main/sidebar/modul.phtml\";s:4:\"name\";s:5:\"Modul\";}s:7:\"blogRss\";O:8:\"stdClass\":2:{s:4:\"file\";s:41:\"templates/body/main/sidebar/blogRss.phtml\";s:4:\"name\";s:8:\"Blog-RSS\";}s:7:\"htmlRss\";O:8:\"stdClass\":2:{s:4:\"file\";s:45:\"templates/body/main/sidebar/htmlBlogRss.phtml\";s:4:\"name\";s:15:\"HTML / Blog-RSS\";}s:10:\"htmlCorner\";O:8:\"stdClass\":2:{s:4:\"file\";s:44:\"templates/body/main/sidebar/htmlCorner.phtml\";s:4:\"name\";s:24:\"HTML with rounded corner\";}}}',NULL,NULL,6,1);
INSERT INTO `ait_pub_aitsu_article_property` VALUES (116,495,'O:8:\"stdClass\":2:{s:15:\"defaultTemplate\";s:4:\"html\";s:8:\"template\";O:8:\"stdClass\":8:{s:4:\"html\";O:8:\"stdClass\":2:{s:4:\"file\";s:38:\"templates/body/main/sidebar/html.phtml\";s:4:\"name\";s:4:\"HTML\";}s:5:\"htmli\";O:8:\"stdClass\":2:{s:4:\"file\";s:39:\"templates/body/main/sidebar/htmli.phtml\";s:4:\"name\";s:5:\"HTMLi\";}s:15:\"articleListHtml\";O:8:\"stdClass\":2:{s:4:\"file\";s:49:\"templates/body/main/sidebar/articleListHtml.phtml\";s:4:\"name\";s:18:\"ArticleList / HTML\";}s:7:\"partner\";O:8:\"stdClass\":2:{s:4:\"file\";s:41:\"templates/body/main/sidebar/partner.phtml\";s:4:\"name\";s:7:\"Partner\";}s:5:\"modul\";O:8:\"stdClass\":2:{s:4:\"file\";s:39:\"templates/body/main/sidebar/modul.phtml\";s:4:\"name\";s:5:\"Modul\";}s:7:\"blogRss\";O:8:\"stdClass\":2:{s:4:\"file\";s:41:\"templates/body/main/sidebar/blogRss.phtml\";s:4:\"name\";s:8:\"Blog-RSS\";}s:7:\"htmlRss\";O:8:\"stdClass\":2:{s:4:\"file\";s:45:\"templates/body/main/sidebar/htmlBlogRss.phtml\";s:4:\"name\";s:15:\"HTML / Blog-RSS\";}s:10:\"htmlCorner\";O:8:\"stdClass\":2:{s:4:\"file\";s:44:\"templates/body/main/sidebar/htmlCorner.phtml\";s:4:\"name\";s:24:\"HTML with rounded corner\";}}}',NULL,NULL,7,1);
INSERT INTO `ait_pub_aitsu_article_property` VALUES (116,511,'O:8:\"stdClass\":2:{s:15:\"defaultTemplate\";s:4:\"html\";s:8:\"template\";O:8:\"stdClass\":8:{s:4:\"html\";O:8:\"stdClass\":2:{s:4:\"file\";s:38:\"templates/body/main/sidebar/html.phtml\";s:4:\"name\";s:4:\"HTML\";}s:5:\"htmli\";O:8:\"stdClass\":2:{s:4:\"file\";s:39:\"templates/body/main/sidebar/htmli.phtml\";s:4:\"name\";s:5:\"HTMLi\";}s:15:\"articleListHtml\";O:8:\"stdClass\":2:{s:4:\"file\";s:49:\"templates/body/main/sidebar/articleListHtml.phtml\";s:4:\"name\";s:18:\"ArticleList / HTML\";}s:7:\"partner\";O:8:\"stdClass\":2:{s:4:\"file\";s:41:\"templates/body/main/sidebar/partner.phtml\";s:4:\"name\";s:7:\"Partner\";}s:5:\"modul\";O:8:\"stdClass\":2:{s:4:\"file\";s:39:\"templates/body/main/sidebar/modul.phtml\";s:4:\"name\";s:5:\"Modul\";}s:7:\"blogRss\";O:8:\"stdClass\":2:{s:4:\"file\";s:41:\"templates/body/main/sidebar/blogRss.phtml\";s:4:\"name\";s:8:\"Blog-RSS\";}s:7:\"htmlRss\";O:8:\"stdClass\":2:{s:4:\"file\";s:45:\"templates/body/main/sidebar/htmlBlogRss.phtml\";s:4:\"name\";s:15:\"HTML / Blog-RSS\";}s:10:\"htmlCorner\";O:8:\"stdClass\":2:{s:4:\"file\";s:44:\"templates/body/main/sidebar/htmlCorner.phtml\";s:4:\"name\";s:24:\"HTML with rounded corner\";}}}',NULL,NULL,12,1);
INSERT INTO `ait_pub_aitsu_article_property` VALUES (116,512,'O:8:\"stdClass\":2:{s:15:\"defaultTemplate\";s:4:\"html\";s:8:\"template\";O:8:\"stdClass\":8:{s:4:\"html\";O:8:\"stdClass\":2:{s:4:\"file\";s:38:\"templates/body/main/sidebar/html.phtml\";s:4:\"name\";s:4:\"HTML\";}s:5:\"htmli\";O:8:\"stdClass\":2:{s:4:\"file\";s:39:\"templates/body/main/sidebar/htmli.phtml\";s:4:\"name\";s:5:\"HTMLi\";}s:15:\"articleListHtml\";O:8:\"stdClass\":2:{s:4:\"file\";s:49:\"templates/body/main/sidebar/articleListHtml.phtml\";s:4:\"name\";s:18:\"ArticleList / HTML\";}s:7:\"partner\";O:8:\"stdClass\":2:{s:4:\"file\";s:41:\"templates/body/main/sidebar/partner.phtml\";s:4:\"name\";s:7:\"Partner\";}s:5:\"modul\";O:8:\"stdClass\":2:{s:4:\"file\";s:39:\"templates/body/main/sidebar/modul.phtml\";s:4:\"name\";s:5:\"Modul\";}s:7:\"blogRss\";O:8:\"stdClass\":2:{s:4:\"file\";s:41:\"templates/body/main/sidebar/blogRss.phtml\";s:4:\"name\";s:8:\"Blog-RSS\";}s:7:\"htmlRss\";O:8:\"stdClass\":2:{s:4:\"file\";s:45:\"templates/body/main/sidebar/htmlBlogRss.phtml\";s:4:\"name\";s:15:\"HTML / Blog-RSS\";}s:10:\"htmlCorner\";O:8:\"stdClass\":2:{s:4:\"file\";s:44:\"templates/body/main/sidebar/htmlCorner.phtml\";s:4:\"name\";s:24:\"HTML with rounded corner\";}}}',NULL,NULL,13,1);
INSERT INTO `ait_pub_aitsu_article_property` VALUES (116,513,'O:8:\"stdClass\":2:{s:15:\"defaultTemplate\";s:4:\"html\";s:8:\"template\";O:8:\"stdClass\":8:{s:4:\"html\";O:8:\"stdClass\":2:{s:4:\"file\";s:38:\"templates/body/main/sidebar/html.phtml\";s:4:\"name\";s:4:\"HTML\";}s:5:\"htmli\";O:8:\"stdClass\":2:{s:4:\"file\";s:39:\"templates/body/main/sidebar/htmli.phtml\";s:4:\"name\";s:5:\"HTMLi\";}s:15:\"articleListHtml\";O:8:\"stdClass\":2:{s:4:\"file\";s:49:\"templates/body/main/sidebar/articleListHtml.phtml\";s:4:\"name\";s:18:\"ArticleList / HTML\";}s:7:\"partner\";O:8:\"stdClass\":2:{s:4:\"file\";s:41:\"templates/body/main/sidebar/partner.phtml\";s:4:\"name\";s:7:\"Partner\";}s:5:\"modul\";O:8:\"stdClass\":2:{s:4:\"file\";s:39:\"templates/body/main/sidebar/modul.phtml\";s:4:\"name\";s:5:\"Modul\";}s:7:\"blogRss\";O:8:\"stdClass\":2:{s:4:\"file\";s:41:\"templates/body/main/sidebar/blogRss.phtml\";s:4:\"name\";s:8:\"Blog-RSS\";}s:7:\"htmlRss\";O:8:\"stdClass\":2:{s:4:\"file\";s:45:\"templates/body/main/sidebar/htmlBlogRss.phtml\";s:4:\"name\";s:15:\"HTML / Blog-RSS\";}s:10:\"htmlCorner\";O:8:\"stdClass\":2:{s:4:\"file\";s:44:\"templates/body/main/sidebar/htmlCorner.phtml\";s:4:\"name\";s:24:\"HTML with rounded corner\";}}}',NULL,NULL,14,1);
INSERT INTO `ait_pub_aitsu_article_property` VALUES (116,514,'O:8:\"stdClass\":2:{s:15:\"defaultTemplate\";s:4:\"html\";s:8:\"template\";O:8:\"stdClass\":8:{s:4:\"html\";O:8:\"stdClass\":2:{s:4:\"file\";s:38:\"templates/body/main/sidebar/html.phtml\";s:4:\"name\";s:4:\"HTML\";}s:5:\"htmli\";O:8:\"stdClass\":2:{s:4:\"file\";s:39:\"templates/body/main/sidebar/htmli.phtml\";s:4:\"name\";s:5:\"HTMLi\";}s:15:\"articleListHtml\";O:8:\"stdClass\":2:{s:4:\"file\";s:49:\"templates/body/main/sidebar/articleListHtml.phtml\";s:4:\"name\";s:18:\"ArticleList / HTML\";}s:7:\"partner\";O:8:\"stdClass\":2:{s:4:\"file\";s:41:\"templates/body/main/sidebar/partner.phtml\";s:4:\"name\";s:7:\"Partner\";}s:5:\"modul\";O:8:\"stdClass\":2:{s:4:\"file\";s:39:\"templates/body/main/sidebar/modul.phtml\";s:4:\"name\";s:5:\"Modul\";}s:7:\"blogRss\";O:8:\"stdClass\":2:{s:4:\"file\";s:41:\"templates/body/main/sidebar/blogRss.phtml\";s:4:\"name\";s:8:\"Blog-RSS\";}s:7:\"htmlRss\";O:8:\"stdClass\":2:{s:4:\"file\";s:45:\"templates/body/main/sidebar/htmlBlogRss.phtml\";s:4:\"name\";s:15:\"HTML / Blog-RSS\";}s:10:\"htmlCorner\";O:8:\"stdClass\":2:{s:4:\"file\";s:44:\"templates/body/main/sidebar/htmlCorner.phtml\";s:4:\"name\";s:24:\"HTML with rounded corner\";}}}',NULL,NULL,15,1);
INSERT INTO `ait_pub_aitsu_article_property` VALUES (116,516,'O:8:\"stdClass\":2:{s:15:\"defaultTemplate\";s:4:\"html\";s:8:\"template\";O:8:\"stdClass\":8:{s:4:\"html\";O:8:\"stdClass\":2:{s:4:\"file\";s:38:\"templates/body/main/sidebar/html.phtml\";s:4:\"name\";s:4:\"HTML\";}s:5:\"htmli\";O:8:\"stdClass\":2:{s:4:\"file\";s:39:\"templates/body/main/sidebar/htmli.phtml\";s:4:\"name\";s:5:\"HTMLi\";}s:15:\"articleListHtml\";O:8:\"stdClass\":2:{s:4:\"file\";s:49:\"templates/body/main/sidebar/articleListHtml.phtml\";s:4:\"name\";s:18:\"ArticleList / HTML\";}s:7:\"partner\";O:8:\"stdClass\":2:{s:4:\"file\";s:41:\"templates/body/main/sidebar/partner.phtml\";s:4:\"name\";s:7:\"Partner\";}s:5:\"modul\";O:8:\"stdClass\":2:{s:4:\"file\";s:39:\"templates/body/main/sidebar/modul.phtml\";s:4:\"name\";s:5:\"Modul\";}s:7:\"blogRss\";O:8:\"stdClass\":2:{s:4:\"file\";s:41:\"templates/body/main/sidebar/blogRss.phtml\";s:4:\"name\";s:8:\"Blog-RSS\";}s:7:\"htmlRss\";O:8:\"stdClass\":2:{s:4:\"file\";s:45:\"templates/body/main/sidebar/htmlBlogRss.phtml\";s:4:\"name\";s:15:\"HTML / Blog-RSS\";}s:10:\"htmlCorner\";O:8:\"stdClass\":2:{s:4:\"file\";s:44:\"templates/body/main/sidebar/htmlCorner.phtml\";s:4:\"name\";s:24:\"HTML with rounded corner\";}}}',NULL,NULL,16,1);
INSERT INTO `ait_pub_aitsu_article_property` VALUES (116,521,'O:8:\"stdClass\":2:{s:15:\"defaultTemplate\";s:4:\"html\";s:8:\"template\";O:8:\"stdClass\":8:{s:4:\"html\";O:8:\"stdClass\":2:{s:4:\"file\";s:38:\"templates/body/main/sidebar/html.phtml\";s:4:\"name\";s:4:\"HTML\";}s:5:\"htmli\";O:8:\"stdClass\":2:{s:4:\"file\";s:39:\"templates/body/main/sidebar/htmli.phtml\";s:4:\"name\";s:5:\"HTMLi\";}s:15:\"articleListHtml\";O:8:\"stdClass\":2:{s:4:\"file\";s:49:\"templates/body/main/sidebar/articleListHtml.phtml\";s:4:\"name\";s:18:\"ArticleList / HTML\";}s:7:\"partner\";O:8:\"stdClass\":2:{s:4:\"file\";s:41:\"templates/body/main/sidebar/partner.phtml\";s:4:\"name\";s:7:\"Partner\";}s:5:\"modul\";O:8:\"stdClass\":2:{s:4:\"file\";s:39:\"templates/body/main/sidebar/modul.phtml\";s:4:\"name\";s:5:\"Modul\";}s:7:\"blogRss\";O:8:\"stdClass\":2:{s:4:\"file\";s:41:\"templates/body/main/sidebar/blogRss.phtml\";s:4:\"name\";s:8:\"Blog-RSS\";}s:7:\"htmlRss\";O:8:\"stdClass\":2:{s:4:\"file\";s:45:\"templates/body/main/sidebar/htmlBlogRss.phtml\";s:4:\"name\";s:15:\"HTML / Blog-RSS\";}s:10:\"htmlCorner\";O:8:\"stdClass\":2:{s:4:\"file\";s:44:\"templates/body/main/sidebar/htmlCorner.phtml\";s:4:\"name\";s:24:\"HTML with rounded corner\";}}}',NULL,NULL,21,1);
INSERT INTO `ait_pub_aitsu_article_property` VALUES (116,522,'O:8:\"stdClass\":2:{s:15:\"defaultTemplate\";s:4:\"html\";s:8:\"template\";O:8:\"stdClass\":8:{s:4:\"html\";O:8:\"stdClass\":2:{s:4:\"file\";s:38:\"templates/body/main/sidebar/html.phtml\";s:4:\"name\";s:4:\"HTML\";}s:5:\"htmli\";O:8:\"stdClass\":2:{s:4:\"file\";s:39:\"templates/body/main/sidebar/htmli.phtml\";s:4:\"name\";s:5:\"HTMLi\";}s:15:\"articleListHtml\";O:8:\"stdClass\":2:{s:4:\"file\";s:49:\"templates/body/main/sidebar/articleListHtml.phtml\";s:4:\"name\";s:18:\"ArticleList / HTML\";}s:7:\"partner\";O:8:\"stdClass\":2:{s:4:\"file\";s:41:\"templates/body/main/sidebar/partner.phtml\";s:4:\"name\";s:7:\"Partner\";}s:5:\"modul\";O:8:\"stdClass\":2:{s:4:\"file\";s:39:\"templates/body/main/sidebar/modul.phtml\";s:4:\"name\";s:5:\"Modul\";}s:7:\"blogRss\";O:8:\"stdClass\":2:{s:4:\"file\";s:41:\"templates/body/main/sidebar/blogRss.phtml\";s:4:\"name\";s:8:\"Blog-RSS\";}s:7:\"htmlRss\";O:8:\"stdClass\":2:{s:4:\"file\";s:45:\"templates/body/main/sidebar/htmlBlogRss.phtml\";s:4:\"name\";s:15:\"HTML / Blog-RSS\";}s:10:\"htmlCorner\";O:8:\"stdClass\":2:{s:4:\"file\";s:44:\"templates/body/main/sidebar/htmlCorner.phtml\";s:4:\"name\";s:24:\"HTML with rounded corner\";}}}',NULL,NULL,22,1);
INSERT INTO `ait_pub_aitsu_article_property` VALUES (117,513,'a:1:{i:0;s:9:\"dummy.png\";}',NULL,NULL,14,1);
INSERT INTO `ait_pub_aitsu_article_property` VALUES (118,513,'a:1:{i:0;s:9:\"dummy.png\";}',NULL,NULL,14,1);
INSERT INTO `ait_pub_aitsu_article_property` VALUES (119,513,'a:1:{i:0;s:9:\"dummy.png\";}',NULL,NULL,14,1);
INSERT INTO `ait_pub_aitsu_article_property` VALUES (120,513,'medium_caption',NULL,NULL,14,1);
INSERT INTO `ait_pub_aitsu_article_property` VALUES (121,513,'a:1:{i:0;s:9:\"dummy.png\";}',NULL,NULL,14,1);
INSERT INTO `ait_pub_aitsu_article_property` VALUES (122,513,'medium_description',NULL,NULL,14,1);
INSERT INTO `ait_pub_aitsu_article_property` VALUES (123,513,'a:1:{i:0;s:9:\"dummy.png\";}',NULL,NULL,14,1);
INSERT INTO `ait_pub_aitsu_article_property` VALUES (124,513,'left',NULL,NULL,14,1);
INSERT INTO `ait_pub_aitsu_article_property` VALUES (125,513,'right',NULL,NULL,14,1);
INSERT INTO `ait_pub_aitsu_article_property` VALUES (126,513,'center',NULL,NULL,14,1);
INSERT INTO `ait_pub_aitsu_article_property` VALUES (127,513,'right',NULL,NULL,14,1);
INSERT INTO `ait_pub_aitsu_article_property` VALUES (128,513,'left',NULL,NULL,14,1);
INSERT INTO `ait_pub_aitsu_article_property` VALUES (129,512,'inline',NULL,NULL,13,1);
INSERT INTO `ait_pub_aitsu_article_property` VALUES (129,526,'',NULL,NULL,26,1);
INSERT INTO `ait_pub_aitsu_article_property` VALUES (130,512,'all_right',NULL,NULL,13,1);
INSERT INTO `ait_pub_aitsu_article_property` VALUES (130,526,'6.right',NULL,NULL,26,1);
INSERT INTO `ait_pub_aitsu_article_property` VALUES (131,512,'0',NULL,NULL,13,1);
INSERT INTO `ait_pub_aitsu_article_property` VALUES (131,526,NULL,NULL,NULL,26,1);
INSERT INTO `ait_pub_aitsu_article_property` VALUES (132,512,'150',NULL,NULL,13,1);
INSERT INTO `ait_pub_aitsu_article_property` VALUES (132,526,'',NULL,NULL,26,1);
INSERT INTO `ait_pub_aitsu_article_property` VALUES (133,512,'150',NULL,NULL,13,1);
INSERT INTO `ait_pub_aitsu_article_property` VALUES (133,526,'',NULL,NULL,26,1);
INSERT INTO `ait_pub_aitsu_article_property` VALUES (134,512,'',NULL,NULL,13,1);
INSERT INTO `ait_pub_aitsu_article_property` VALUES (134,526,'',NULL,NULL,26,1);
INSERT INTO `ait_pub_aitsu_article_property` VALUES (135,512,'',NULL,NULL,13,1);
INSERT INTO `ait_pub_aitsu_article_property` VALUES (136,512,'id1',NULL,NULL,13,1);
INSERT INTO `ait_pub_aitsu_article_property` VALUES (136,526,'',NULL,NULL,26,1);
INSERT INTO `ait_pub_aitsu_article_property` VALUES (137,512,'',NULL,NULL,13,1);
INSERT INTO `ait_pub_aitsu_article_property` VALUES (137,526,'',NULL,NULL,26,1);
INSERT INTO `ait_pub_aitsu_article_property` VALUES (138,512,'',NULL,NULL,13,1);
INSERT INTO `ait_pub_aitsu_article_property` VALUES (138,526,'',NULL,NULL,26,1);
INSERT INTO `ait_pub_aitsu_article_property` VALUES (139,512,'a:1:{i:0;s:7:\"hat.jpg\";}',NULL,NULL,13,1);
INSERT INTO `ait_pub_aitsu_article_property` VALUES (139,526,'a:1:{i:0;s:8:\"icon.jpg\";}',NULL,NULL,26,1);
INSERT INTO `ait_pub_aitsu_article_property` VALUES (140,512,'33-33-33',NULL,NULL,13,1);
INSERT INTO `ait_pub_aitsu_article_property` VALUES (141,512,'',NULL,NULL,13,1);
INSERT INTO `ait_pub_aitsu_article_property` VALUES (142,512,'',NULL,NULL,13,1);
INSERT INTO `ait_pub_aitsu_article_property` VALUES (143,512,'',NULL,NULL,13,1);
INSERT INTO `ait_pub_aitsu_article_property` VALUES (144,512,'',NULL,NULL,13,1);
INSERT INTO `ait_pub_aitsu_article_property` VALUES (144,526,'',NULL,NULL,26,1);
INSERT INTO `ait_pub_aitsu_article_property` VALUES (145,512,'small',NULL,NULL,13,1);
INSERT INTO `ait_pub_aitsu_article_property` VALUES (145,526,'4.all_right',NULL,NULL,26,1);
INSERT INTO `ait_pub_aitsu_article_property` VALUES (146,512,NULL,NULL,NULL,13,1);
INSERT INTO `ait_pub_aitsu_article_property` VALUES (146,526,NULL,NULL,NULL,26,1);
INSERT INTO `ait_pub_aitsu_article_property` VALUES (147,512,'',NULL,NULL,13,1);
INSERT INTO `ait_pub_aitsu_article_property` VALUES (147,526,'',NULL,NULL,26,1);
INSERT INTO `ait_pub_aitsu_article_property` VALUES (148,512,'',NULL,NULL,13,1);
INSERT INTO `ait_pub_aitsu_article_property` VALUES (148,526,'',NULL,NULL,26,1);
INSERT INTO `ait_pub_aitsu_article_property` VALUES (149,512,'',NULL,NULL,13,1);
INSERT INTO `ait_pub_aitsu_article_property` VALUES (149,526,'',NULL,NULL,26,1);
INSERT INTO `ait_pub_aitsu_article_property` VALUES (150,512,'',NULL,NULL,13,1);
INSERT INTO `ait_pub_aitsu_article_property` VALUES (151,512,'',NULL,NULL,13,1);
INSERT INTO `ait_pub_aitsu_article_property` VALUES (151,526,'',NULL,NULL,26,1);
INSERT INTO `ait_pub_aitsu_article_property` VALUES (152,512,'',NULL,NULL,13,1);
INSERT INTO `ait_pub_aitsu_article_property` VALUES (152,526,'',NULL,NULL,26,1);
INSERT INTO `ait_pub_aitsu_article_property` VALUES (153,512,'',NULL,NULL,13,1);
INSERT INTO `ait_pub_aitsu_article_property` VALUES (153,526,'',NULL,NULL,26,1);
INSERT INTO `ait_pub_aitsu_article_property` VALUES (154,512,'a:1:{i:0;s:9:\"water.jpg\";}',NULL,NULL,13,1);
INSERT INTO `ait_pub_aitsu_article_property` VALUES (154,526,'a:1:{i:0;s:8:\"icon.jpg\";}',NULL,NULL,26,1);
INSERT INTO `ait_pub_aitsu_article_property` VALUES (155,513,'inline',NULL,NULL,14,1);
INSERT INTO `ait_pub_aitsu_article_property` VALUES (156,513,'idart 295',NULL,NULL,14,1);
INSERT INTO `ait_pub_aitsu_article_property` VALUES (157,513,'Linktext',NULL,NULL,14,1);
INSERT INTO `ait_pub_aitsu_article_property` VALUES (158,513,'',NULL,NULL,14,1);
INSERT INTO `ait_pub_aitsu_article_property` VALUES (159,513,'',NULL,NULL,14,1);
INSERT INTO `ait_pub_aitsu_article_property` VALUES (160,513,'',NULL,NULL,14,1);
INSERT INTO `ait_pub_aitsu_article_property` VALUES (161,513,'',NULL,NULL,14,1);
INSERT INTO `ait_pub_aitsu_article_property` VALUES (162,513,'',NULL,NULL,14,1);
INSERT INTO `ait_pub_aitsu_article_property` VALUES (163,440,'index',NULL,NULL,1,1);
INSERT INTO `ait_pub_aitsu_article_property` VALUES (164,516,'pre',NULL,NULL,16,1);
INSERT INTO `ait_pub_aitsu_article_property` VALUES (165,516,'a:1:{i:0;s:16:\"division-tkl.jpg\";}',NULL,NULL,16,1);
INSERT INTO `ait_pub_aitsu_article_property` VALUES (166,512,'',NULL,NULL,13,1);
INSERT INTO `ait_pub_aitsu_article_property` VALUES (167,512,'idcat 50',NULL,NULL,13,1);
INSERT INTO `ait_pub_aitsu_article_property` VALUES (168,512,'Kategorie',NULL,NULL,13,1);
INSERT INTO `ait_pub_aitsu_article_property` VALUES (169,512,'',NULL,NULL,13,1);
INSERT INTO `ait_pub_aitsu_article_property` VALUES (170,512,'',NULL,NULL,13,1);
INSERT INTO `ait_pub_aitsu_article_property` VALUES (171,512,'',NULL,NULL,13,1);
INSERT INTO `ait_pub_aitsu_article_property` VALUES (172,512,'',NULL,NULL,13,1);
INSERT INTO `ait_pub_aitsu_article_property` VALUES (173,512,'',NULL,NULL,13,1);
INSERT INTO `ait_pub_aitsu_article_property` VALUES (174,512,'',NULL,NULL,13,1);
INSERT INTO `ait_pub_aitsu_article_property` VALUES (175,512,'idart 275',NULL,NULL,13,1);
INSERT INTO `ait_pub_aitsu_article_property` VALUES (176,512,'Artikel',NULL,NULL,13,1);
INSERT INTO `ait_pub_aitsu_article_property` VALUES (177,512,'',NULL,NULL,13,1);
INSERT INTO `ait_pub_aitsu_article_property` VALUES (178,512,'',NULL,NULL,13,1);
INSERT INTO `ait_pub_aitsu_article_property` VALUES (179,512,'',NULL,NULL,13,1);
INSERT INTO `ait_pub_aitsu_article_property` VALUES (180,512,'',NULL,NULL,13,1);
INSERT INTO `ait_pub_aitsu_article_property` VALUES (181,512,'',NULL,NULL,13,1);
INSERT INTO `ait_pub_aitsu_article_property` VALUES (182,512,'',NULL,NULL,13,1);
INSERT INTO `ait_pub_aitsu_article_property` VALUES (183,512,'http://www.aitsu.org/',NULL,NULL,13,1);
INSERT INTO `ait_pub_aitsu_article_property` VALUES (184,512,'aitsu.org',NULL,NULL,13,1);
INSERT INTO `ait_pub_aitsu_article_property` VALUES (185,512,'',NULL,NULL,13,1);
INSERT INTO `ait_pub_aitsu_article_property` VALUES (186,512,'',NULL,NULL,13,1);
INSERT INTO `ait_pub_aitsu_article_property` VALUES (187,512,'',NULL,NULL,13,1);
INSERT INTO `ait_pub_aitsu_article_property` VALUES (188,512,'',NULL,NULL,13,1);
INSERT INTO `ait_pub_aitsu_article_property` VALUES (189,512,'',NULL,NULL,13,1);
INSERT INTO `ait_pub_aitsu_article_property` VALUES (190,514,'bild1.jpg',NULL,NULL,15,1);
INSERT INTO `ait_pub_aitsu_article_property` VALUES (191,511,'',NULL,NULL,12,1);
INSERT INTO `ait_pub_aitsu_article_property` VALUES (192,511,'http://www.aitsu.org/cms/funktionsweise/',NULL,NULL,12,1);
INSERT INTO `ait_pub_aitsu_article_property` VALUES (193,511,'Funktionsweise aitsu CMS ',NULL,NULL,12,1);
INSERT INTO `ait_pub_aitsu_article_property` VALUES (194,511,'',NULL,NULL,12,1);
INSERT INTO `ait_pub_aitsu_article_property` VALUES (195,511,'none',NULL,NULL,12,1);
INSERT INTO `ait_pub_aitsu_article_property` VALUES (196,511,'',NULL,NULL,12,1);
INSERT INTO `ait_pub_aitsu_article_property` VALUES (197,511,'',NULL,NULL,12,1);
INSERT INTO `ait_pub_aitsu_article_property` VALUES (198,511,'',NULL,NULL,12,1);
INSERT INTO `ait_pub_aitsu_article_property` VALUES (199,491,'',NULL,NULL,4,1);
INSERT INTO `ait_pub_aitsu_article_property` VALUES (200,491,'http://www.aitsu.org/cms/layouts/',NULL,NULL,4,1);
INSERT INTO `ait_pub_aitsu_article_property` VALUES (201,491,'Mehr zu Layouts mit aitsu CMS &raquo;',NULL,NULL,4,1);
INSERT INTO `ait_pub_aitsu_article_property` VALUES (202,491,'',NULL,NULL,4,1);
INSERT INTO `ait_pub_aitsu_article_property` VALUES (203,491,'',NULL,NULL,4,1);
INSERT INTO `ait_pub_aitsu_article_property` VALUES (204,491,'',NULL,NULL,4,1);
INSERT INTO `ait_pub_aitsu_article_property` VALUES (205,491,'',NULL,NULL,4,1);
INSERT INTO `ait_pub_aitsu_article_property` VALUES (206,491,'',NULL,NULL,4,1);
INSERT INTO `ait_pub_aitsu_article_property` VALUES (207,493,'inline',NULL,NULL,6,1);
INSERT INTO `ait_pub_aitsu_article_property` VALUES (208,493,'http://www.aitsu.org/cms/module/',NULL,NULL,6,1);
INSERT INTO `ait_pub_aitsu_article_property` VALUES (209,493,'aitsu CMS-Module &raquo;',NULL,NULL,6,1);
INSERT INTO `ait_pub_aitsu_article_property` VALUES (210,493,'Mehr ber aitsu CMS-Module',NULL,NULL,6,1);
INSERT INTO `ait_pub_aitsu_article_property` VALUES (211,493,'_blank',NULL,NULL,6,1);
INSERT INTO `ait_pub_aitsu_article_property` VALUES (212,493,'',NULL,NULL,6,1);
INSERT INTO `ait_pub_aitsu_article_property` VALUES (213,493,'',NULL,NULL,6,1);
INSERT INTO `ait_pub_aitsu_article_property` VALUES (214,493,'',NULL,NULL,6,1);
INSERT INTO `ait_pub_aitsu_article_property` VALUES (215,492,'',NULL,NULL,5,1);
INSERT INTO `ait_pub_aitsu_article_property` VALUES (216,492,'http://www.aitsu.org/cms/templates/',NULL,NULL,5,1);
INSERT INTO `ait_pub_aitsu_article_property` VALUES (217,492,'Mehr zu Templates mit aitsu CMS &raquo;',NULL,NULL,5,1);
INSERT INTO `ait_pub_aitsu_article_property` VALUES (218,492,'',NULL,NULL,5,1);
INSERT INTO `ait_pub_aitsu_article_property` VALUES (219,492,'',NULL,NULL,5,1);
INSERT INTO `ait_pub_aitsu_article_property` VALUES (220,492,'',NULL,NULL,5,1);
INSERT INTO `ait_pub_aitsu_article_property` VALUES (221,492,'',NULL,NULL,5,1);
INSERT INTO `ait_pub_aitsu_article_property` VALUES (222,492,'',NULL,NULL,5,1);
INSERT INTO `ait_pub_aitsu_article_property` VALUES (223,512,'',NULL,NULL,13,1);
INSERT INTO `ait_pub_aitsu_article_property` VALUES (224,512,'http://www.aitsu.org/cms/bildskalierung/',NULL,NULL,13,1);
INSERT INTO `ait_pub_aitsu_article_property` VALUES (225,512,'Bildskalierung mit aitsu CMS &raquo;',NULL,NULL,13,1);
INSERT INTO `ait_pub_aitsu_article_property` VALUES (226,512,'',NULL,NULL,13,1);
INSERT INTO `ait_pub_aitsu_article_property` VALUES (227,512,'',NULL,NULL,13,1);
INSERT INTO `ait_pub_aitsu_article_property` VALUES (228,512,'',NULL,NULL,13,1);
INSERT INTO `ait_pub_aitsu_article_property` VALUES (229,512,'',NULL,NULL,13,1);
INSERT INTO `ait_pub_aitsu_article_property` VALUES (230,512,'',NULL,NULL,13,1);
INSERT INTO `ait_pub_aitsu_article_property` VALUES (231,440,'O:8:\"stdClass\":1:{s:15:\"defaultTemplate\";s:27:\"templates/javascripts.phtml\";}',NULL,NULL,1,1);
INSERT INTO `ait_pub_aitsu_article_property` VALUES (231,446,'O:8:\"stdClass\":1:{s:15:\"defaultTemplate\";s:27:\"templates/javascripts.phtml\";}',NULL,NULL,2,1);
INSERT INTO `ait_pub_aitsu_article_property` VALUES (231,491,'O:8:\"stdClass\":1:{s:15:\"defaultTemplate\";s:27:\"templates/javascripts.phtml\";}',NULL,NULL,4,1);
INSERT INTO `ait_pub_aitsu_article_property` VALUES (231,492,'O:8:\"stdClass\":1:{s:15:\"defaultTemplate\";s:27:\"templates/javascripts.phtml\";}',NULL,NULL,5,1);
INSERT INTO `ait_pub_aitsu_article_property` VALUES (231,493,'O:8:\"stdClass\":1:{s:15:\"defaultTemplate\";s:27:\"templates/javascripts.phtml\";}',NULL,NULL,6,1);
INSERT INTO `ait_pub_aitsu_article_property` VALUES (231,495,'O:8:\"stdClass\":1:{s:15:\"defaultTemplate\";s:27:\"templates/javascripts.phtml\";}',NULL,NULL,7,1);
INSERT INTO `ait_pub_aitsu_article_property` VALUES (231,497,'O:8:\"stdClass\":1:{s:15:\"defaultTemplate\";s:27:\"templates/javascripts.phtml\";}',NULL,NULL,8,1);
INSERT INTO `ait_pub_aitsu_article_property` VALUES (231,506,'O:8:\"stdClass\":1:{s:15:\"defaultTemplate\";s:27:\"templates/javascripts.phtml\";}',NULL,NULL,10,1);
INSERT INTO `ait_pub_aitsu_article_property` VALUES (231,511,'O:8:\"stdClass\":1:{s:15:\"defaultTemplate\";s:27:\"templates/javascripts.phtml\";}',NULL,NULL,12,1);
INSERT INTO `ait_pub_aitsu_article_property` VALUES (231,512,'O:8:\"stdClass\":1:{s:15:\"defaultTemplate\";s:27:\"templates/javascripts.phtml\";}',NULL,NULL,13,1);
INSERT INTO `ait_pub_aitsu_article_property` VALUES (231,513,'O:8:\"stdClass\":1:{s:15:\"defaultTemplate\";s:27:\"templates/javascripts.phtml\";}',NULL,NULL,14,1);
INSERT INTO `ait_pub_aitsu_article_property` VALUES (231,514,'O:8:\"stdClass\":1:{s:15:\"defaultTemplate\";s:27:\"templates/javascripts.phtml\";}',NULL,NULL,15,1);
INSERT INTO `ait_pub_aitsu_article_property` VALUES (231,516,'O:8:\"stdClass\":1:{s:15:\"defaultTemplate\";s:27:\"templates/javascripts.phtml\";}',NULL,NULL,16,1);
INSERT INTO `ait_pub_aitsu_article_property` VALUES (231,517,'O:8:\"stdClass\":1:{s:15:\"defaultTemplate\";s:27:\"templates/javascripts.phtml\";}',NULL,NULL,17,1);
INSERT INTO `ait_pub_aitsu_article_property` VALUES (231,518,'O:8:\"stdClass\":1:{s:15:\"defaultTemplate\";s:27:\"templates/javascripts.phtml\";}',NULL,NULL,18,1);
INSERT INTO `ait_pub_aitsu_article_property` VALUES (231,520,'O:8:\"stdClass\":1:{s:15:\"defaultTemplate\";s:27:\"templates/javascripts.phtml\";}',NULL,NULL,20,1);
INSERT INTO `ait_pub_aitsu_article_property` VALUES (231,521,'O:8:\"stdClass\":1:{s:15:\"defaultTemplate\";s:27:\"templates/javascripts.phtml\";}',NULL,NULL,21,1);
INSERT INTO `ait_pub_aitsu_article_property` VALUES (231,522,'O:8:\"stdClass\":1:{s:15:\"defaultTemplate\";s:27:\"templates/javascripts.phtml\";}',NULL,NULL,22,1);
INSERT INTO `ait_pub_aitsu_article_property` VALUES (231,523,'O:8:\"stdClass\":1:{s:15:\"defaultTemplate\";s:27:\"templates/javascripts.phtml\";}',NULL,NULL,23,1);
INSERT INTO `ait_pub_aitsu_article_property` VALUES (231,524,'O:8:\"stdClass\":1:{s:15:\"defaultTemplate\";s:27:\"templates/javascripts.phtml\";}',NULL,NULL,24,1);
INSERT INTO `ait_pub_aitsu_article_property` VALUES (231,525,'O:8:\"stdClass\":1:{s:15:\"defaultTemplate\";s:27:\"templates/javascripts.phtml\";}',NULL,NULL,25,1);
INSERT INTO `ait_pub_aitsu_article_property` VALUES (231,526,'O:8:\"stdClass\":1:{s:15:\"defaultTemplate\";s:27:\"templates/javascripts.phtml\";}',NULL,NULL,26,1);
INSERT INTO `ait_pub_aitsu_article_property` VALUES (231,527,'O:8:\"stdClass\":1:{s:15:\"defaultTemplate\";s:27:\"templates/javascripts.phtml\";}',NULL,NULL,27,1);
INSERT INTO `ait_pub_aitsu_article_property` VALUES (231,528,'O:8:\"stdClass\":1:{s:15:\"defaultTemplate\";s:27:\"templates/javascripts.phtml\";}',NULL,NULL,28,1);
INSERT INTO `ait_pub_aitsu_article_property` VALUES (231,529,'O:8:\"stdClass\":1:{s:15:\"defaultTemplate\";s:27:\"templates/javascripts.phtml\";}',NULL,NULL,29,1);
INSERT INTO `ait_pub_aitsu_article_property` VALUES (231,531,'O:8:\"stdClass\":1:{s:15:\"defaultTemplate\";s:27:\"templates/javascripts.phtml\";}',NULL,NULL,30,1);
INSERT INTO `ait_pub_aitsu_article_property` VALUES (232,511,NULL,NULL,NULL,12,1);
INSERT INTO `ait_pub_aitsu_article_property` VALUES (233,511,'',NULL,NULL,12,1);
INSERT INTO `ait_pub_aitsu_article_property` VALUES (234,511,'',NULL,NULL,12,1);
INSERT INTO `ait_pub_aitsu_article_property` VALUES (235,511,'',NULL,NULL,12,1);
INSERT INTO `ait_pub_aitsu_article_property` VALUES (236,511,'',NULL,NULL,12,1);
INSERT INTO `ait_pub_aitsu_article_property` VALUES (237,511,'a:1:{i:0;s:7:\"zip.zip\";}',NULL,NULL,12,1);
INSERT INTO `ait_pub_aitsu_article_property` VALUES (238,493,'value1',NULL,NULL,6,1);
INSERT INTO `ait_pub_aitsu_article_property` VALUES (239,493,'a:2:{i:1;s:6:\"value1\";i:2;s:6:\"value2\";}',NULL,NULL,6,1);
INSERT INTO `ait_pub_aitsu_article_property` VALUES (240,493,NULL,NULL,'2011-01-01 00:00:00',6,1);
INSERT INTO `ait_pub_aitsu_article_property` VALUES (241,493,NULL,NULL,'2011-12-31 00:00:00',6,1);
INSERT INTO `ait_pub_aitsu_article_property` VALUES (242,493,'Text1',NULL,NULL,6,1);
INSERT INTO `ait_pub_aitsu_article_property` VALUES (243,493,'Text2',NULL,NULL,6,1);
INSERT INTO `ait_pub_aitsu_article_property` VALUES (244,493,'value9',NULL,NULL,6,1);
INSERT INTO `ait_pub_aitsu_article_property` VALUES (245,493,'idcat 1',NULL,NULL,6,1);
INSERT INTO `ait_pub_aitsu_article_property` VALUES (246,493,'a:1:{i:0;s:5:\"0.gif\";}',NULL,NULL,6,1);
INSERT INTO `ait_pub_aitsu_article_property` VALUES (247,492,'O:8:\"stdClass\":2:{s:15:\"defaultTemplate\";s:4:\"none\";s:8:\"template\";O:8:\"stdClass\":4:{s:4:\"none\";O:8:\"stdClass\":2:{s:4:\"name\";s:14:\"default (none)\";s:4:\"file\";s:41:\"templates/body/main/subcolumns/none.phtml\";}i:100;O:8:\"stdClass\":2:{s:4:\"name\";s:4:\"100%\";s:4:\"file\";s:40:\"templates/body/main/subcolumns/100.phtml\";}s:5:\"25_75\";O:8:\"stdClass\":2:{s:4:\"name\";s:9:\"25% | 75%\";s:4:\"file\";s:42:\"templates/body/main/subcolumns/25_75.phtml\";}s:8:\"33_33_33\";O:8:\"stdClass\":2:{s:4:\"name\";s:15:\"33% | 33% | 33%\";s:4:\"file\";s:45:\"templates/body/main/subcolumns/33_33_33.phtml\";}}}',NULL,NULL,5,1);
INSERT INTO `ait_pub_aitsu_article_property` VALUES (248,440,'O:8:\"stdClass\":2:{s:15:\"defaultTemplate\";s:4:\"none\";s:8:\"template\";O:8:\"stdClass\":4:{s:4:\"none\";O:8:\"stdClass\":2:{s:4:\"name\";s:14:\"default (none)\";s:4:\"file\";s:41:\"templates/body/main/subcolumns/none.phtml\";}s:3:\"100\";O:8:\"stdClass\":2:{s:4:\"name\";s:4:\"100%\";s:4:\"file\";s:40:\"templates/body/main/subcolumns/100.phtml\";}s:5:\"25_75\";O:8:\"stdClass\":2:{s:4:\"name\";s:9:\"25% | 75%\";s:4:\"file\";s:42:\"templates/body/main/subcolumns/25_75.phtml\";}s:8:\"33_33_33\";O:8:\"stdClass\":2:{s:4:\"name\";s:15:\"33% | 33% | 33%\";s:4:\"file\";s:45:\"templates/body/main/subcolumns/33_33_33.phtml\";}}}',NULL,NULL,1,1);
INSERT INTO `ait_pub_aitsu_article_property` VALUES (248,491,'O:8:\"stdClass\":2:{s:15:\"defaultTemplate\";s:4:\"none\";s:8:\"template\";O:8:\"stdClass\":4:{s:4:\"none\";O:8:\"stdClass\":2:{s:4:\"name\";s:14:\"default (none)\";s:4:\"file\";s:41:\"templates/body/main/subcolumns/none.phtml\";}s:3:\"100\";O:8:\"stdClass\":2:{s:4:\"name\";s:4:\"100%\";s:4:\"file\";s:40:\"templates/body/main/subcolumns/100.phtml\";}s:5:\"25_75\";O:8:\"stdClass\":2:{s:4:\"name\";s:9:\"25% | 75%\";s:4:\"file\";s:42:\"templates/body/main/subcolumns/25_75.phtml\";}s:8:\"33_33_33\";O:8:\"stdClass\":2:{s:4:\"name\";s:15:\"33% | 33% | 33%\";s:4:\"file\";s:45:\"templates/body/main/subcolumns/33_33_33.phtml\";}}}',NULL,NULL,4,1);
INSERT INTO `ait_pub_aitsu_article_property` VALUES (248,492,'O:8:\"stdClass\":2:{s:15:\"defaultTemplate\";s:4:\"none\";s:8:\"template\";O:8:\"stdClass\":4:{s:4:\"none\";O:8:\"stdClass\":2:{s:4:\"name\";s:14:\"default (none)\";s:4:\"file\";s:41:\"templates/body/main/subcolumns/none.phtml\";}s:3:\"100\";O:8:\"stdClass\":2:{s:4:\"name\";s:4:\"100%\";s:4:\"file\";s:40:\"templates/body/main/subcolumns/100.phtml\";}s:5:\"25_75\";O:8:\"stdClass\":2:{s:4:\"name\";s:9:\"25% | 75%\";s:4:\"file\";s:42:\"templates/body/main/subcolumns/25_75.phtml\";}s:8:\"33_33_33\";O:8:\"stdClass\":2:{s:4:\"name\";s:15:\"33% | 33% | 33%\";s:4:\"file\";s:45:\"templates/body/main/subcolumns/33_33_33.phtml\";}}}',NULL,NULL,5,1);
INSERT INTO `ait_pub_aitsu_article_property` VALUES (248,493,'O:8:\"stdClass\":2:{s:15:\"defaultTemplate\";s:4:\"none\";s:8:\"template\";O:8:\"stdClass\":4:{s:4:\"none\";O:8:\"stdClass\":2:{s:4:\"name\";s:14:\"default (none)\";s:4:\"file\";s:41:\"templates/body/main/subcolumns/none.phtml\";}s:3:\"100\";O:8:\"stdClass\":2:{s:4:\"name\";s:4:\"100%\";s:4:\"file\";s:40:\"templates/body/main/subcolumns/100.phtml\";}s:5:\"25_75\";O:8:\"stdClass\":2:{s:4:\"name\";s:9:\"25% | 75%\";s:4:\"file\";s:42:\"templates/body/main/subcolumns/25_75.phtml\";}s:8:\"33_33_33\";O:8:\"stdClass\":2:{s:4:\"name\";s:15:\"33% | 33% | 33%\";s:4:\"file\";s:45:\"templates/body/main/subcolumns/33_33_33.phtml\";}}}',NULL,NULL,6,1);
INSERT INTO `ait_pub_aitsu_article_property` VALUES (248,495,'O:8:\"stdClass\":2:{s:15:\"defaultTemplate\";s:4:\"none\";s:8:\"template\";O:8:\"stdClass\":4:{s:4:\"none\";O:8:\"stdClass\":2:{s:4:\"name\";s:14:\"default (none)\";s:4:\"file\";s:41:\"templates/body/main/subcolumns/none.phtml\";}s:3:\"100\";O:8:\"stdClass\":2:{s:4:\"name\";s:4:\"100%\";s:4:\"file\";s:40:\"templates/body/main/subcolumns/100.phtml\";}s:5:\"25_75\";O:8:\"stdClass\":2:{s:4:\"name\";s:9:\"25% | 75%\";s:4:\"file\";s:42:\"templates/body/main/subcolumns/25_75.phtml\";}s:8:\"33_33_33\";O:8:\"stdClass\":2:{s:4:\"name\";s:15:\"33% | 33% | 33%\";s:4:\"file\";s:45:\"templates/body/main/subcolumns/33_33_33.phtml\";}}}',NULL,NULL,7,1);
INSERT INTO `ait_pub_aitsu_article_property` VALUES (248,497,'O:8:\"stdClass\":2:{s:15:\"defaultTemplate\";s:4:\"none\";s:8:\"template\";O:8:\"stdClass\":4:{s:4:\"none\";O:8:\"stdClass\":2:{s:4:\"name\";s:14:\"default (none)\";s:4:\"file\";s:41:\"templates/body/main/subcolumns/none.phtml\";}s:3:\"100\";O:8:\"stdClass\":2:{s:4:\"name\";s:4:\"100%\";s:4:\"file\";s:40:\"templates/body/main/subcolumns/100.phtml\";}s:5:\"25_75\";O:8:\"stdClass\":2:{s:4:\"name\";s:9:\"25% | 75%\";s:4:\"file\";s:42:\"templates/body/main/subcolumns/25_75.phtml\";}s:8:\"33_33_33\";O:8:\"stdClass\":2:{s:4:\"name\";s:15:\"33% | 33% | 33%\";s:4:\"file\";s:45:\"templates/body/main/subcolumns/33_33_33.phtml\";}}}',NULL,NULL,8,1);
INSERT INTO `ait_pub_aitsu_article_property` VALUES (248,506,'O:8:\"stdClass\":2:{s:15:\"defaultTemplate\";s:4:\"none\";s:8:\"template\";O:8:\"stdClass\":4:{s:4:\"none\";O:8:\"stdClass\":2:{s:4:\"name\";s:14:\"default (none)\";s:4:\"file\";s:41:\"templates/body/main/subcolumns/none.phtml\";}s:3:\"100\";O:8:\"stdClass\":2:{s:4:\"name\";s:4:\"100%\";s:4:\"file\";s:40:\"templates/body/main/subcolumns/100.phtml\";}s:5:\"25_75\";O:8:\"stdClass\":2:{s:4:\"name\";s:9:\"25% | 75%\";s:4:\"file\";s:42:\"templates/body/main/subcolumns/25_75.phtml\";}s:8:\"33_33_33\";O:8:\"stdClass\":2:{s:4:\"name\";s:15:\"33% | 33% | 33%\";s:4:\"file\";s:45:\"templates/body/main/subcolumns/33_33_33.phtml\";}}}',NULL,NULL,10,1);
INSERT INTO `ait_pub_aitsu_article_property` VALUES (248,512,'O:8:\"stdClass\":2:{s:15:\"defaultTemplate\";s:4:\"none\";s:8:\"template\";O:8:\"stdClass\":4:{s:4:\"none\";O:8:\"stdClass\":2:{s:4:\"name\";s:14:\"default (none)\";s:4:\"file\";s:41:\"templates/body/main/subcolumns/none.phtml\";}i:100;O:8:\"stdClass\":2:{s:4:\"name\";s:4:\"100%\";s:4:\"file\";s:40:\"templates/body/main/subcolumns/100.phtml\";}s:5:\"25_75\";O:8:\"stdClass\":2:{s:4:\"name\";s:9:\"25% | 75%\";s:4:\"file\";s:42:\"templates/body/main/subcolumns/25_75.phtml\";}s:8:\"33_33_33\";O:8:\"stdClass\":2:{s:4:\"name\";s:15:\"33% | 33% | 33%\";s:4:\"file\";s:45:\"templates/body/main/subcolumns/33_33_33.phtml\";}}}',NULL,NULL,13,1);
INSERT INTO `ait_pub_aitsu_article_property` VALUES (248,513,'O:8:\"stdClass\":2:{s:15:\"defaultTemplate\";s:4:\"none\";s:8:\"template\";O:8:\"stdClass\":4:{s:4:\"none\";O:8:\"stdClass\":2:{s:4:\"name\";s:14:\"default (none)\";s:4:\"file\";s:41:\"templates/body/main/subcolumns/none.phtml\";}s:3:\"100\";O:8:\"stdClass\":2:{s:4:\"name\";s:4:\"100%\";s:4:\"file\";s:40:\"templates/body/main/subcolumns/100.phtml\";}s:5:\"25_75\";O:8:\"stdClass\":2:{s:4:\"name\";s:9:\"25% | 75%\";s:4:\"file\";s:42:\"templates/body/main/subcolumns/25_75.phtml\";}s:8:\"33_33_33\";O:8:\"stdClass\":2:{s:4:\"name\";s:15:\"33% | 33% | 33%\";s:4:\"file\";s:45:\"templates/body/main/subcolumns/33_33_33.phtml\";}}}',NULL,NULL,14,1);
INSERT INTO `ait_pub_aitsu_article_property` VALUES (248,514,'O:8:\"stdClass\":2:{s:15:\"defaultTemplate\";s:4:\"none\";s:8:\"template\";O:8:\"stdClass\":4:{s:4:\"none\";O:8:\"stdClass\":2:{s:4:\"name\";s:14:\"default (none)\";s:4:\"file\";s:41:\"templates/body/main/subcolumns/none.phtml\";}s:3:\"100\";O:8:\"stdClass\":2:{s:4:\"name\";s:4:\"100%\";s:4:\"file\";s:40:\"templates/body/main/subcolumns/100.phtml\";}s:5:\"25_75\";O:8:\"stdClass\":2:{s:4:\"name\";s:9:\"25% | 75%\";s:4:\"file\";s:42:\"templates/body/main/subcolumns/25_75.phtml\";}s:8:\"33_33_33\";O:8:\"stdClass\":2:{s:4:\"name\";s:15:\"33% | 33% | 33%\";s:4:\"file\";s:45:\"templates/body/main/subcolumns/33_33_33.phtml\";}}}',NULL,NULL,15,1);
INSERT INTO `ait_pub_aitsu_article_property` VALUES (248,516,'O:8:\"stdClass\":2:{s:15:\"defaultTemplate\";s:4:\"none\";s:8:\"template\";O:8:\"stdClass\":4:{s:4:\"none\";O:8:\"stdClass\":2:{s:4:\"name\";s:14:\"default (none)\";s:4:\"file\";s:41:\"templates/body/main/subcolumns/none.phtml\";}s:3:\"100\";O:8:\"stdClass\":2:{s:4:\"name\";s:4:\"100%\";s:4:\"file\";s:40:\"templates/body/main/subcolumns/100.phtml\";}s:5:\"25_75\";O:8:\"stdClass\":2:{s:4:\"name\";s:9:\"25% | 75%\";s:4:\"file\";s:42:\"templates/body/main/subcolumns/25_75.phtml\";}s:8:\"33_33_33\";O:8:\"stdClass\":2:{s:4:\"name\";s:15:\"33% | 33% | 33%\";s:4:\"file\";s:45:\"templates/body/main/subcolumns/33_33_33.phtml\";}}}',NULL,NULL,16,1);
INSERT INTO `ait_pub_aitsu_article_property` VALUES (248,517,'O:8:\"stdClass\":2:{s:15:\"defaultTemplate\";s:4:\"none\";s:8:\"template\";O:8:\"stdClass\":4:{s:4:\"none\";O:8:\"stdClass\":2:{s:4:\"name\";s:14:\"default (none)\";s:4:\"file\";s:41:\"templates/body/main/subcolumns/none.phtml\";}s:3:\"100\";O:8:\"stdClass\":2:{s:4:\"name\";s:4:\"100%\";s:4:\"file\";s:40:\"templates/body/main/subcolumns/100.phtml\";}s:5:\"25_75\";O:8:\"stdClass\":2:{s:4:\"name\";s:9:\"25% | 75%\";s:4:\"file\";s:42:\"templates/body/main/subcolumns/25_75.phtml\";}s:8:\"33_33_33\";O:8:\"stdClass\":2:{s:4:\"name\";s:15:\"33% | 33% | 33%\";s:4:\"file\";s:45:\"templates/body/main/subcolumns/33_33_33.phtml\";}}}',NULL,NULL,17,1);
INSERT INTO `ait_pub_aitsu_article_property` VALUES (248,518,'O:8:\"stdClass\":2:{s:15:\"defaultTemplate\";s:4:\"none\";s:8:\"template\";O:8:\"stdClass\":4:{s:4:\"none\";O:8:\"stdClass\":2:{s:4:\"name\";s:14:\"default (none)\";s:4:\"file\";s:41:\"templates/body/main/subcolumns/none.phtml\";}s:3:\"100\";O:8:\"stdClass\":2:{s:4:\"name\";s:4:\"100%\";s:4:\"file\";s:40:\"templates/body/main/subcolumns/100.phtml\";}s:5:\"25_75\";O:8:\"stdClass\":2:{s:4:\"name\";s:9:\"25% | 75%\";s:4:\"file\";s:42:\"templates/body/main/subcolumns/25_75.phtml\";}s:8:\"33_33_33\";O:8:\"stdClass\":2:{s:4:\"name\";s:15:\"33% | 33% | 33%\";s:4:\"file\";s:45:\"templates/body/main/subcolumns/33_33_33.phtml\";}}}',NULL,NULL,18,1);
INSERT INTO `ait_pub_aitsu_article_property` VALUES (248,521,'O:8:\"stdClass\":2:{s:15:\"defaultTemplate\";s:4:\"none\";s:8:\"template\";O:8:\"stdClass\":4:{s:4:\"none\";O:8:\"stdClass\":2:{s:4:\"name\";s:14:\"default (none)\";s:4:\"file\";s:41:\"templates/body/main/subcolumns/none.phtml\";}s:3:\"100\";O:8:\"stdClass\":2:{s:4:\"name\";s:4:\"100%\";s:4:\"file\";s:40:\"templates/body/main/subcolumns/100.phtml\";}s:5:\"25_75\";O:8:\"stdClass\":2:{s:4:\"name\";s:9:\"25% | 75%\";s:4:\"file\";s:42:\"templates/body/main/subcolumns/25_75.phtml\";}s:8:\"33_33_33\";O:8:\"stdClass\":2:{s:4:\"name\";s:15:\"33% | 33% | 33%\";s:4:\"file\";s:45:\"templates/body/main/subcolumns/33_33_33.phtml\";}}}',NULL,NULL,21,1);
INSERT INTO `ait_pub_aitsu_article_property` VALUES (248,522,'O:8:\"stdClass\":2:{s:15:\"defaultTemplate\";s:4:\"none\";s:8:\"template\";O:8:\"stdClass\":4:{s:4:\"none\";O:8:\"stdClass\":2:{s:4:\"name\";s:14:\"default (none)\";s:4:\"file\";s:41:\"templates/body/main/subcolumns/none.phtml\";}s:3:\"100\";O:8:\"stdClass\":2:{s:4:\"name\";s:4:\"100%\";s:4:\"file\";s:40:\"templates/body/main/subcolumns/100.phtml\";}s:5:\"25_75\";O:8:\"stdClass\":2:{s:4:\"name\";s:9:\"25% | 75%\";s:4:\"file\";s:42:\"templates/body/main/subcolumns/25_75.phtml\";}s:8:\"33_33_33\";O:8:\"stdClass\":2:{s:4:\"name\";s:15:\"33% | 33% | 33%\";s:4:\"file\";s:45:\"templates/body/main/subcolumns/33_33_33.phtml\";}}}',NULL,NULL,22,1);
INSERT INTO `ait_pub_aitsu_article_property` VALUES (248,523,'O:8:\"stdClass\":2:{s:15:\"defaultTemplate\";s:4:\"none\";s:8:\"template\";O:8:\"stdClass\":4:{s:4:\"none\";O:8:\"stdClass\":2:{s:4:\"name\";s:14:\"default (none)\";s:4:\"file\";s:41:\"templates/body/main/subcolumns/none.phtml\";}s:3:\"100\";O:8:\"stdClass\":2:{s:4:\"name\";s:4:\"100%\";s:4:\"file\";s:40:\"templates/body/main/subcolumns/100.phtml\";}s:5:\"25_75\";O:8:\"stdClass\":2:{s:4:\"name\";s:9:\"25% | 75%\";s:4:\"file\";s:42:\"templates/body/main/subcolumns/25_75.phtml\";}s:8:\"33_33_33\";O:8:\"stdClass\":2:{s:4:\"name\";s:15:\"33% | 33% | 33%\";s:4:\"file\";s:45:\"templates/body/main/subcolumns/33_33_33.phtml\";}}}',NULL,NULL,23,1);
INSERT INTO `ait_pub_aitsu_article_property` VALUES (248,524,'O:8:\"stdClass\":2:{s:15:\"defaultTemplate\";s:4:\"none\";s:8:\"template\";O:8:\"stdClass\":4:{s:4:\"none\";O:8:\"stdClass\":2:{s:4:\"name\";s:14:\"default (none)\";s:4:\"file\";s:41:\"templates/body/main/subcolumns/none.phtml\";}s:3:\"100\";O:8:\"stdClass\":2:{s:4:\"name\";s:4:\"100%\";s:4:\"file\";s:40:\"templates/body/main/subcolumns/100.phtml\";}s:5:\"25_75\";O:8:\"stdClass\":2:{s:4:\"name\";s:9:\"25% | 75%\";s:4:\"file\";s:42:\"templates/body/main/subcolumns/25_75.phtml\";}s:8:\"33_33_33\";O:8:\"stdClass\":2:{s:4:\"name\";s:15:\"33% | 33% | 33%\";s:4:\"file\";s:45:\"templates/body/main/subcolumns/33_33_33.phtml\";}}}',NULL,NULL,24,1);
INSERT INTO `ait_pub_aitsu_article_property` VALUES (248,525,'O:8:\"stdClass\":2:{s:15:\"defaultTemplate\";s:4:\"none\";s:8:\"template\";O:8:\"stdClass\":4:{s:4:\"none\";O:8:\"stdClass\":2:{s:4:\"name\";s:14:\"default (none)\";s:4:\"file\";s:41:\"templates/body/main/subcolumns/none.phtml\";}s:3:\"100\";O:8:\"stdClass\":2:{s:4:\"name\";s:4:\"100%\";s:4:\"file\";s:40:\"templates/body/main/subcolumns/100.phtml\";}s:5:\"25_75\";O:8:\"stdClass\":2:{s:4:\"name\";s:9:\"25% | 75%\";s:4:\"file\";s:42:\"templates/body/main/subcolumns/25_75.phtml\";}s:8:\"33_33_33\";O:8:\"stdClass\":2:{s:4:\"name\";s:15:\"33% | 33% | 33%\";s:4:\"file\";s:45:\"templates/body/main/subcolumns/33_33_33.phtml\";}}}',NULL,NULL,25,1);
INSERT INTO `ait_pub_aitsu_article_property` VALUES (248,526,'O:8:\"stdClass\":2:{s:15:\"defaultTemplate\";s:4:\"none\";s:8:\"template\";O:8:\"stdClass\":4:{s:4:\"none\";O:8:\"stdClass\":2:{s:4:\"name\";s:14:\"default (none)\";s:4:\"file\";s:41:\"templates/body/main/subcolumns/none.phtml\";}s:3:\"100\";O:8:\"stdClass\":2:{s:4:\"name\";s:4:\"100%\";s:4:\"file\";s:40:\"templates/body/main/subcolumns/100.phtml\";}s:5:\"25_75\";O:8:\"stdClass\":2:{s:4:\"name\";s:9:\"25% | 75%\";s:4:\"file\";s:42:\"templates/body/main/subcolumns/25_75.phtml\";}s:8:\"33_33_33\";O:8:\"stdClass\":2:{s:4:\"name\";s:15:\"33% | 33% | 33%\";s:4:\"file\";s:45:\"templates/body/main/subcolumns/33_33_33.phtml\";}}}',NULL,NULL,26,1);
INSERT INTO `ait_pub_aitsu_article_property` VALUES (248,527,'O:8:\"stdClass\":2:{s:15:\"defaultTemplate\";s:4:\"none\";s:8:\"template\";O:8:\"stdClass\":4:{s:4:\"none\";O:8:\"stdClass\":2:{s:4:\"name\";s:14:\"default (none)\";s:4:\"file\";s:41:\"templates/body/main/subcolumns/none.phtml\";}s:3:\"100\";O:8:\"stdClass\":2:{s:4:\"name\";s:4:\"100%\";s:4:\"file\";s:40:\"templates/body/main/subcolumns/100.phtml\";}s:5:\"25_75\";O:8:\"stdClass\":2:{s:4:\"name\";s:9:\"25% | 75%\";s:4:\"file\";s:42:\"templates/body/main/subcolumns/25_75.phtml\";}s:8:\"33_33_33\";O:8:\"stdClass\":2:{s:4:\"name\";s:15:\"33% | 33% | 33%\";s:4:\"file\";s:45:\"templates/body/main/subcolumns/33_33_33.phtml\";}}}',NULL,NULL,27,1);
INSERT INTO `ait_pub_aitsu_article_property` VALUES (248,528,'O:8:\"stdClass\":2:{s:15:\"defaultTemplate\";s:4:\"none\";s:8:\"template\";O:8:\"stdClass\":4:{s:4:\"none\";O:8:\"stdClass\":2:{s:4:\"name\";s:14:\"default (none)\";s:4:\"file\";s:41:\"templates/body/main/subcolumns/none.phtml\";}s:3:\"100\";O:8:\"stdClass\":2:{s:4:\"name\";s:4:\"100%\";s:4:\"file\";s:40:\"templates/body/main/subcolumns/100.phtml\";}s:5:\"25_75\";O:8:\"stdClass\":2:{s:4:\"name\";s:9:\"25% | 75%\";s:4:\"file\";s:42:\"templates/body/main/subcolumns/25_75.phtml\";}s:8:\"33_33_33\";O:8:\"stdClass\":2:{s:4:\"name\";s:15:\"33% | 33% | 33%\";s:4:\"file\";s:45:\"templates/body/main/subcolumns/33_33_33.phtml\";}}}',NULL,NULL,28,1);
INSERT INTO `ait_pub_aitsu_article_property` VALUES (248,529,'O:8:\"stdClass\":2:{s:15:\"defaultTemplate\";s:4:\"none\";s:8:\"template\";O:8:\"stdClass\":4:{s:4:\"none\";O:8:\"stdClass\":2:{s:4:\"name\";s:14:\"default (none)\";s:4:\"file\";s:41:\"templates/body/main/subcolumns/none.phtml\";}s:3:\"100\";O:8:\"stdClass\":2:{s:4:\"name\";s:4:\"100%\";s:4:\"file\";s:40:\"templates/body/main/subcolumns/100.phtml\";}s:5:\"25_75\";O:8:\"stdClass\":2:{s:4:\"name\";s:9:\"25% | 75%\";s:4:\"file\";s:42:\"templates/body/main/subcolumns/25_75.phtml\";}s:8:\"33_33_33\";O:8:\"stdClass\":2:{s:4:\"name\";s:15:\"33% | 33% | 33%\";s:4:\"file\";s:45:\"templates/body/main/subcolumns/33_33_33.phtml\";}}}',NULL,NULL,29,1);
INSERT INTO `ait_pub_aitsu_article_property` VALUES (248,531,'O:8:\"stdClass\":2:{s:15:\"defaultTemplate\";s:4:\"none\";s:8:\"template\";O:8:\"stdClass\":4:{s:4:\"none\";O:8:\"stdClass\":2:{s:4:\"name\";s:14:\"default (none)\";s:4:\"file\";s:41:\"templates/body/main/subcolumns/none.phtml\";}s:3:\"100\";O:8:\"stdClass\":2:{s:4:\"name\";s:4:\"100%\";s:4:\"file\";s:40:\"templates/body/main/subcolumns/100.phtml\";}s:5:\"25_75\";O:8:\"stdClass\":2:{s:4:\"name\";s:9:\"25% | 75%\";s:4:\"file\";s:42:\"templates/body/main/subcolumns/25_75.phtml\";}s:8:\"33_33_33\";O:8:\"stdClass\":2:{s:4:\"name\";s:15:\"33% | 33% | 33%\";s:4:\"file\";s:45:\"templates/body/main/subcolumns/33_33_33.phtml\";}}}',NULL,NULL,30,1);
INSERT INTO `ait_pub_aitsu_article_property` VALUES (249,492,'O:8:\"stdClass\":1:{s:15:\"defaultTemplate\";s:41:\"templates/body/main/subcolumns/none.phtml\";}',NULL,NULL,5,1);
INSERT INTO `ait_pub_aitsu_article_property` VALUES (250,492,'33_33_33',NULL,NULL,5,1);
INSERT INTO `ait_pub_aitsu_article_property` VALUES (251,492,'50-50',NULL,NULL,5,1);
INSERT INTO `ait_pub_aitsu_article_property` VALUES (252,492,'',NULL,NULL,5,1);
INSERT INTO `ait_pub_aitsu_article_property` VALUES (253,492,'',NULL,NULL,5,1);
INSERT INTO `ait_pub_aitsu_article_property` VALUES (254,492,'',NULL,NULL,5,1);
INSERT INTO `ait_pub_aitsu_article_property` VALUES (255,526,'',NULL,NULL,26,1);
INSERT INTO `ait_pub_aitsu_article_property` VALUES (256,526,'',NULL,NULL,26,1);
INSERT INTO `ait_pub_aitsu_article_property` VALUES (257,526,'5.left',NULL,NULL,26,1);
INSERT INTO `ait_pub_aitsu_article_property` VALUES (258,526,NULL,NULL,NULL,26,1);
INSERT INTO `ait_pub_aitsu_article_property` VALUES (259,526,'',NULL,NULL,26,1);
INSERT INTO `ait_pub_aitsu_article_property` VALUES (260,526,'',NULL,NULL,26,1);
INSERT INTO `ait_pub_aitsu_article_property` VALUES (261,526,'',NULL,NULL,26,1);
INSERT INTO `ait_pub_aitsu_article_property` VALUES (262,526,'',NULL,NULL,26,1);
INSERT INTO `ait_pub_aitsu_article_property` VALUES (263,526,'',NULL,NULL,26,1);
INSERT INTO `ait_pub_aitsu_article_property` VALUES (264,526,'',NULL,NULL,26,1);
INSERT INTO `ait_pub_aitsu_article_property` VALUES (265,526,'',NULL,NULL,26,1);
INSERT INTO `ait_pub_aitsu_article_property` VALUES (266,526,'a:1:{i:0;s:8:\"icon.jpg\";}',NULL,NULL,26,1);
INSERT INTO `ait_pub_aitsu_article_property` VALUES (267,526,'',NULL,NULL,26,1);
INSERT INTO `ait_pub_aitsu_article_property` VALUES (268,526,'5.left',NULL,NULL,26,1);
INSERT INTO `ait_pub_aitsu_article_property` VALUES (269,526,NULL,NULL,NULL,26,1);
INSERT INTO `ait_pub_aitsu_article_property` VALUES (270,526,'',NULL,NULL,26,1);
INSERT INTO `ait_pub_aitsu_article_property` VALUES (271,526,'',NULL,NULL,26,1);
INSERT INTO `ait_pub_aitsu_article_property` VALUES (272,526,'',NULL,NULL,26,1);
INSERT INTO `ait_pub_aitsu_article_property` VALUES (273,526,'',NULL,NULL,26,1);
INSERT INTO `ait_pub_aitsu_article_property` VALUES (274,526,'',NULL,NULL,26,1);
INSERT INTO `ait_pub_aitsu_article_property` VALUES (275,526,'',NULL,NULL,26,1);
INSERT INTO `ait_pub_aitsu_article_property` VALUES (276,526,'',NULL,NULL,26,1);
INSERT INTO `ait_pub_aitsu_article_property` VALUES (277,526,'a:1:{i:0;s:8:\"icon.jpg\";}',NULL,NULL,26,1);
INSERT INTO `ait_pub_aitsu_article_property` VALUES (278,526,'',NULL,NULL,26,1);
INSERT INTO `ait_pub_aitsu_article_property` VALUES (279,526,'',NULL,NULL,26,1);
INSERT INTO `ait_pub_aitsu_article_property` VALUES (280,526,'3.all_left',NULL,NULL,26,1);
INSERT INTO `ait_pub_aitsu_article_property` VALUES (281,526,NULL,NULL,NULL,26,1);
INSERT INTO `ait_pub_aitsu_article_property` VALUES (282,526,'',NULL,NULL,26,1);
INSERT INTO `ait_pub_aitsu_article_property` VALUES (283,526,'',NULL,NULL,26,1);
INSERT INTO `ait_pub_aitsu_article_property` VALUES (284,526,'',NULL,NULL,26,1);
INSERT INTO `ait_pub_aitsu_article_property` VALUES (285,526,'',NULL,NULL,26,1);
INSERT INTO `ait_pub_aitsu_article_property` VALUES (286,526,'',NULL,NULL,26,1);
INSERT INTO `ait_pub_aitsu_article_property` VALUES (287,526,'',NULL,NULL,26,1);
INSERT INTO `ait_pub_aitsu_article_property` VALUES (288,526,'',NULL,NULL,26,1);
INSERT INTO `ait_pub_aitsu_article_property` VALUES (289,526,'a:1:{i:0;s:8:\"icon.jpg\";}',NULL,NULL,26,1);
INSERT INTO `ait_pub_aitsu_article_property` VALUES (290,512,'1',NULL,NULL,13,1);
INSERT INTO `ait_pub_aitsu_article_property` VALUES (291,512,'a:1:{i:0;s:28:\"aitsu_icon_alpha_120x120.png\";}',NULL,NULL,13,1);
INSERT INTO `ait_pub_aitsu_article_property` VALUES (292,529,'5',NULL,NULL,29,1);
INSERT INTO `ait_pub_aitsu_article_property` VALUES (293,529,'a:15:{i:0;s:23:\"autumn_leaves_00195.jpg\";i:1;s:42:\"beach_side_swimming_australia_PB181577.jpg\";i:2;s:26:\"big_wheel_tokyo_172007.jpg\";i:3;s:27:\"bush_walk_marker_080150.jpg\";i:4;s:27:\"dessert_drought_5021235.jpg\";i:5;s:29:\"drought_dead_tree_5264574.jpg\";i:6;s:28:\"frost_covered_ivy_176967.jpg\";i:7;s:32:\"frost_oak_leaf_winter_218310.jpg\";i:8;s:32:\"frosty_winter_morning_177037.jpg\";i:9;s:31:\"small_wind_turbine_P8092706.jpg\";i:10;s:25:\"stormy_beach_P1013473.jpg\";i:11;s:34:\"summer_beach_australia_2240541.jpg\";i:12;s:24:\"sunset_coast_2230302.jpg\";i:13;s:29:\"whitsunday_cruise_4220838.jpg\";i:14;s:25:\"wind_red_flag_1011403.jpg\";}',NULL,NULL,29,1);
INSERT INTO `ait_pub_aitsu_article_property` VALUES (297,440,'inline',NULL,NULL,1,1);
INSERT INTO `ait_pub_aitsu_article_property` VALUES (297,495,'inline',NULL,NULL,7,1);
INSERT INTO `ait_pub_aitsu_article_property` VALUES (298,440,'http://www.aitsu.org/partner',NULL,NULL,1,1);
INSERT INTO `ait_pub_aitsu_article_property` VALUES (298,495,'http://www.aitsu.org/partner',NULL,NULL,7,1);
INSERT INTO `ait_pub_aitsu_article_property` VALUES (299,440,'aitsu.org/partner',NULL,NULL,1,1);
INSERT INTO `ait_pub_aitsu_article_property` VALUES (299,495,'aitsu.org/partner',NULL,NULL,7,1);
INSERT INTO `ait_pub_aitsu_article_property` VALUES (300,440,'Internet-Experten finden auf aitsu.org/partner',NULL,NULL,1,1);
INSERT INTO `ait_pub_aitsu_article_property` VALUES (300,495,'Internet-Experten finden auf aitsu.org/partner',NULL,NULL,7,1);
INSERT INTO `ait_pub_aitsu_article_property` VALUES (301,440,'_blank',NULL,NULL,1,1);
INSERT INTO `ait_pub_aitsu_article_property` VALUES (301,495,'_blank',NULL,NULL,7,1);
INSERT INTO `ait_pub_aitsu_article_property` VALUES (302,440,'',NULL,NULL,1,1);
INSERT INTO `ait_pub_aitsu_article_property` VALUES (302,495,'',NULL,NULL,7,1);
INSERT INTO `ait_pub_aitsu_article_property` VALUES (303,440,'',NULL,NULL,1,1);
INSERT INTO `ait_pub_aitsu_article_property` VALUES (303,495,'',NULL,NULL,7,1);
INSERT INTO `ait_pub_aitsu_article_property` VALUES (304,440,'',NULL,NULL,1,1);
INSERT INTO `ait_pub_aitsu_article_property` VALUES (304,495,'',NULL,NULL,7,1);
INSERT INTO `ait_pub_aitsu_article_property` VALUES (305,440,'inline',NULL,NULL,1,1);
INSERT INTO `ait_pub_aitsu_article_property` VALUES (305,495,'inline',NULL,NULL,7,1);
INSERT INTO `ait_pub_aitsu_article_property` VALUES (306,440,'http://www.yaml.de/',NULL,NULL,1,1);
INSERT INTO `ait_pub_aitsu_article_property` VALUES (306,495,'http://www.yaml.de',NULL,NULL,7,1);
INSERT INTO `ait_pub_aitsu_article_property` VALUES (307,440,'yaml.de',NULL,NULL,1,1);
INSERT INTO `ait_pub_aitsu_article_property` VALUES (307,495,'yaml.de',NULL,NULL,7,1);
INSERT INTO `ait_pub_aitsu_article_property` VALUES (308,440,'Informieren Sie sich ber YAML-Lizenzen',NULL,NULL,1,1);
INSERT INTO `ait_pub_aitsu_article_property` VALUES (308,495,'Mehr ber YAML-Lizenzen lesen',NULL,NULL,7,1);
INSERT INTO `ait_pub_aitsu_article_property` VALUES (309,440,'_blank',NULL,NULL,1,1);
INSERT INTO `ait_pub_aitsu_article_property` VALUES (309,495,'_blank',NULL,NULL,7,1);
INSERT INTO `ait_pub_aitsu_article_property` VALUES (310,440,'',NULL,NULL,1,1);
INSERT INTO `ait_pub_aitsu_article_property` VALUES (310,495,'',NULL,NULL,7,1);
INSERT INTO `ait_pub_aitsu_article_property` VALUES (311,440,'',NULL,NULL,1,1);
INSERT INTO `ait_pub_aitsu_article_property` VALUES (311,495,'',NULL,NULL,7,1);
INSERT INTO `ait_pub_aitsu_article_property` VALUES (312,440,'',NULL,NULL,1,1);
INSERT INTO `ait_pub_aitsu_article_property` VALUES (312,495,'',NULL,NULL,7,1);
INSERT INTO `ait_pub_aitsu_article_property` VALUES (313,512,'',NULL,NULL,13,1);
INSERT INTO `ait_pub_aitsu_article_property` VALUES (314,512,'2.pre',NULL,NULL,13,1);
INSERT INTO `ait_pub_aitsu_article_property` VALUES (315,512,'',NULL,NULL,13,1);
INSERT INTO `ait_pub_aitsu_article_property` VALUES (316,512,'',NULL,NULL,13,1);
INSERT INTO `ait_pub_aitsu_article_property` VALUES (317,512,'',NULL,NULL,13,1);
INSERT INTO `ait_pub_aitsu_article_property` VALUES (318,512,'',NULL,NULL,13,1);
INSERT INTO `ait_pub_aitsu_article_property` VALUES (319,512,'',NULL,NULL,13,1);
INSERT INTO `ait_pub_aitsu_article_property` VALUES (320,512,'',NULL,NULL,13,1);
INSERT INTO `ait_pub_aitsu_article_property` VALUES (321,512,'',NULL,NULL,13,1);
INSERT INTO `ait_pub_aitsu_article_property` VALUES (322,512,'',NULL,NULL,13,1);
INSERT INTO `ait_pub_aitsu_article_property` VALUES (323,512,'',NULL,NULL,13,1);
INSERT INTO `ait_pub_aitsu_article_property` VALUES (324,512,'',NULL,NULL,13,1);
INSERT INTO `ait_pub_aitsu_article_property` VALUES (325,512,'',NULL,NULL,13,1);
INSERT INTO `ait_pub_aitsu_article_property` VALUES (326,512,'a:1:{i:0;s:28:\"aitsu_icon_alpha_120x120.png\";}',NULL,NULL,13,1);
INSERT INTO `ait_pub_aitsu_article_property` VALUES (327,512,'',NULL,NULL,13,1);
INSERT INTO `ait_pub_aitsu_article_property` VALUES (328,512,'',NULL,NULL,13,1);
INSERT INTO `ait_pub_aitsu_article_property` VALUES (329,512,'',NULL,NULL,13,1);
INSERT INTO `ait_pub_aitsu_article_property` VALUES (330,512,'',NULL,NULL,13,1);
INSERT INTO `ait_pub_aitsu_article_property` VALUES (331,512,'a:1:{i:0;s:8:\"xls.xlsx\";}',NULL,NULL,13,1);
INSERT INTO `ait_pub_aitsu_article_property` VALUES (332,506,'inline',NULL,NULL,10,1);
INSERT INTO `ait_pub_aitsu_article_property` VALUES (333,506,'http://www.aitsu.org/cms/kundenlogin',NULL,NULL,10,1);
INSERT INTO `ait_pub_aitsu_article_property` VALUES (334,506,'aitsu.org/cms/kundenlogin',NULL,NULL,10,1);
INSERT INTO `ait_pub_aitsu_article_property` VALUES (335,506,'Kundenlogin fr kennwortgeschtzte Webseiten',NULL,NULL,10,1);
INSERT INTO `ait_pub_aitsu_article_property` VALUES (336,506,'_blank',NULL,NULL,10,1);
INSERT INTO `ait_pub_aitsu_article_property` VALUES (337,506,'',NULL,NULL,10,1);
INSERT INTO `ait_pub_aitsu_article_property` VALUES (338,506,'',NULL,NULL,10,1);
INSERT INTO `ait_pub_aitsu_article_property` VALUES (339,506,'',NULL,NULL,10,1);
INSERT INTO `ait_pub_aitsu_article_property` VALUES (340,516,'inline',NULL,NULL,16,1);
INSERT INTO `ait_pub_aitsu_article_property` VALUES (341,516,'http://www.aitsu.org/cms/bildskalierung/',NULL,NULL,16,1);
INSERT INTO `ait_pub_aitsu_article_property` VALUES (342,516,'aitsu.org/cms/bildtransformation',NULL,NULL,16,1);
INSERT INTO `ait_pub_aitsu_article_property` VALUES (343,516,'Bild-Transformationen mit aitsu CMS',NULL,NULL,16,1);
INSERT INTO `ait_pub_aitsu_article_property` VALUES (344,516,'_blank',NULL,NULL,16,1);
INSERT INTO `ait_pub_aitsu_article_property` VALUES (345,516,'',NULL,NULL,16,1);
INSERT INTO `ait_pub_aitsu_article_property` VALUES (346,516,'',NULL,NULL,16,1);
INSERT INTO `ait_pub_aitsu_article_property` VALUES (347,516,'',NULL,NULL,16,1);
INSERT INTO `ait_pub_aitsu_article_property` VALUES (348,517,'inline',NULL,NULL,17,1);
INSERT INTO `ait_pub_aitsu_article_property` VALUES (349,517,'http://www.aitsu.org/cms/vererbung/',NULL,NULL,17,1);
INSERT INTO `ait_pub_aitsu_article_property` VALUES (350,517,'aitsu.org/cms/vererbung/',NULL,NULL,17,1);
INSERT INTO `ait_pub_aitsu_article_property` VALUES (351,517,'Vererbung von CMS-Inhalten und -Konfigurationen mit aitsu CMS',NULL,NULL,17,1);
INSERT INTO `ait_pub_aitsu_article_property` VALUES (352,517,'_blank',NULL,NULL,17,1);
INSERT INTO `ait_pub_aitsu_article_property` VALUES (353,517,'',NULL,NULL,17,1);
INSERT INTO `ait_pub_aitsu_article_property` VALUES (354,517,'',NULL,NULL,17,1);
INSERT INTO `ait_pub_aitsu_article_property` VALUES (355,517,'',NULL,NULL,17,1);
INSERT INTO `ait_pub_aitsu_article_property` VALUES (356,518,'inline',NULL,NULL,18,1);
INSERT INTO `ait_pub_aitsu_article_property` VALUES (357,518,'http://www.aitsu.org/cms/artikel-referenzierung/',NULL,NULL,18,1);
INSERT INTO `ait_pub_aitsu_article_property` VALUES (358,518,'aitsu.org/cms/artikel-referenzierung',NULL,NULL,18,1);
INSERT INTO `ait_pub_aitsu_article_property` VALUES (359,518,'Referenzierung und Relationen mit aitsu CMS',NULL,NULL,18,1);
INSERT INTO `ait_pub_aitsu_article_property` VALUES (360,518,'_blank',NULL,NULL,18,1);
INSERT INTO `ait_pub_aitsu_article_property` VALUES (361,518,'',NULL,NULL,18,1);
INSERT INTO `ait_pub_aitsu_article_property` VALUES (362,518,'',NULL,NULL,18,1);
INSERT INTO `ait_pub_aitsu_article_property` VALUES (363,518,'',NULL,NULL,18,1);
CREATE TABLE `ait_pub_art_lang` (  `idartlang` int(10) unsigned NOT NULL AUTO_INCREMENT,  `idart` int(10) unsigned NOT NULL DEFAULT '0',  `idlang` int(10) unsigned NOT NULL DEFAULT '0',  `title` varchar(255) NOT NULL,  `urlname` varchar(255) NOT NULL,  `pagetitle` varchar(255) NOT NULL,  `teasertitle` varchar(255) NOT NULL,  `summary` text,  `created` datetime NOT NULL DEFAULT '0000-00-00 00:00:00',  `lastmodified` datetime NOT NULL DEFAULT '0000-00-00 00:00:00',  `online` tinyint(1) NOT NULL DEFAULT '0',  `pubfrom` timestamp NULL DEFAULT NULL,  `pubuntil` timestamp NULL DEFAULT NULL,  `published` tinyint(3) unsigned DEFAULT NULL,  `redirect` tinyint(4) NOT NULL DEFAULT '0',  `redirect_url` varchar(255) DEFAULT NULL,  `artsort` int(10) NOT NULL DEFAULT '0',  `locked` int(1) NOT NULL DEFAULT '0',  `configsetid` int(10) unsigned DEFAULT NULL,  `config` text,  `pubid` int(10) unsigned NOT NULL,  `status` tinyint(4) NOT NULL,  `mainimage` varchar(255) DEFAULT NULL,  PRIMARY KEY (`idartlang`,`pubid`),  KEY `idlang` (`idlang`),  KEY `title` (`title`),  KEY `pagetitle` (`pagetitle`),  KEY `configsetid` (`configsetid`),  KEY `pubid` (`pubid`),  KEY `idart` (`idart`),  CONSTRAINT `ait_pub_art_lang_ibfk_1` FOREIGN KEY (`idartlang`) REFERENCES `ait_art_lang` (`idartlang`) ON DELETE CASCADE,  CONSTRAINT `ait_pub_art_lang_ibfk_2` FOREIGN KEY (`configsetid`) REFERENCES `ait_configset` (`configsetid`) ON DELETE SET NULL,  CONSTRAINT `ait_pub_art_lang_ibfk_3` FOREIGN KEY (`pubid`) REFERENCES `ait_pub` (`pubid`) ON DELETE CASCADE,  CONSTRAINT `ait_pub_art_lang_ibfk_4` FOREIGN KEY (`idart`) REFERENCES `ait_art` (`idart`) ON DELETE CASCADE,  CONSTRAINT `ait_pub_art_lang_ibfk_5` FOREIGN KEY (`idlang`) REFERENCES `ait_lang` (`idlang`) ON DELETE CASCADE) ENGINE=InnoDB AUTO_INCREMENT=532 DEFAULT CHARSET=utf8;
INSERT INTO `ait_pub_art_lang` VALUES (440,224,1,'index','index','aitsu | free Open Source-CMS-Framework','','','2011-01-22 14:05:13','2011-06-16 13:18:51',1,NULL,NULL,NULL,1,NULL,0,0,NULL,'',1,1,NULL);
INSERT INTO `ait_pub_art_lang` VALUES (446,230,1,'index','index','Seite nicht gefunden - 404','','','2010-12-27 17:37:12','2011-02-11 14:27:38',1,NULL,NULL,NULL,0,NULL,0,0,NULL,NULL,2,1,NULL);
INSERT INTO `ait_pub_art_lang` VALUES (449,233,1,'index','index','System','','','2010-12-15 14:46:18','2011-05-26 12:34:02',1,NULL,NULL,NULL,1,'/',0,0,8,'',3,1,NULL);
INSERT INTO `ait_pub_art_lang` VALUES (491,272,1,'index','index','Skins','','','2011-04-28 15:46:08','2011-06-17 18:46:05',1,NULL,NULL,NULL,1,NULL,0,0,NULL,NULL,4,1,NULL);
INSERT INTO `ait_pub_art_lang` VALUES (492,273,1,'index','index','Templates','','','2011-01-31 15:35:03','2011-05-26 17:38:00',1,NULL,NULL,NULL,1,NULL,0,0,NULL,'',5,1,'drought_dead_tree_5264574.jpg');
INSERT INTO `ait_pub_art_lang` VALUES (493,274,1,'index','index','Module','','','2011-04-28 15:48:25','2011-06-16 14:29:44',1,NULL,NULL,NULL,1,NULL,0,0,NULL,'',6,1,NULL);
INSERT INTO `ait_pub_art_lang` VALUES (495,276,1,'index','index','aitsu | Open Source-CMS-Framework','','','2011-02-13 00:37:33','2011-06-16 13:08:39',1,NULL,NULL,NULL,1,'/',0,0,8,'',7,1,NULL);
INSERT INTO `ait_pub_art_lang` VALUES (497,278,1,'index','index','Google.Maps.Javascript','','Google Maps Javascript API Referenzimplementierung.','2011-01-22 14:10:47','2011-06-16 13:05:07',1,NULL,NULL,NULL,1,NULL,0,0,NULL,NULL,8,1,NULL);
INSERT INTO `ait_pub_art_lang` VALUES (505,286,1,'index','index','','','','2010-11-23 20:31:45','2011-02-11 14:27:40',1,NULL,NULL,NULL,1,'/',0,0,8,NULL,9,1,NULL);
INSERT INTO `ait_pub_art_lang` VALUES (506,287,1,'index','index','Geschtzter Bereich','','','2011-02-12 01:45:50','2011-06-16 17:38:25',1,NULL,NULL,NULL,1,NULL,0,0,NULL,'',10,1,NULL);
INSERT INTO `ait_pub_art_lang` VALUES (510,291,1,'index','index','Login','','','2010-11-29 21:04:18','2011-05-26 12:33:38',1,NULL,NULL,NULL,1,NULL,0,0,NULL,NULL,11,1,NULL);
INSERT INTO `ait_pub_art_lang` VALUES (511,292,1,'index','index','Elemente','','','2011-04-28 15:27:10','2011-06-16 13:05:07',1,NULL,NULL,NULL,1,NULL,0,0,NULL,NULL,12,1,NULL);
INSERT INTO `ait_pub_art_lang` VALUES (512,293,1,'index','index','Medien','','','2011-03-18 08:39:25','2011-06-16 14:56:00',1,NULL,NULL,NULL,1,NULL,0,0,NULL,NULL,13,1,NULL);
INSERT INTO `ait_pub_art_lang` VALUES (513,294,1,'index','index','Inhalte','','','2011-02-12 01:29:08','2011-06-16 20:25:02',1,NULL,NULL,NULL,1,NULL,0,0,NULL,NULL,14,1,NULL);
INSERT INTO `ait_pub_art_lang` VALUES (514,295,1,'index','index','Funktionen','','','2011-02-12 01:46:25','2011-06-16 15:09:43',1,NULL,NULL,NULL,1,NULL,0,0,NULL,NULL,15,1,NULL);
INSERT INTO `ait_pub_art_lang` VALUES (516,297,1,'index','index','Bildtransformation','','','2011-02-12 01:48:58','2011-06-16 17:51:35',1,NULL,NULL,NULL,1,NULL,0,0,NULL,NULL,16,1,NULL);
INSERT INTO `ait_pub_art_lang` VALUES (517,298,1,'index','index','Vererbung','','','2011-02-12 01:50:42','2011-06-16 18:15:32',1,NULL,NULL,NULL,1,NULL,0,0,NULL,NULL,17,1,NULL);
INSERT INTO `ait_pub_art_lang` VALUES (518,299,1,'index','index','Referenzierung','','','2011-02-12 01:54:39','2011-06-16 18:38:36',1,NULL,NULL,NULL,1,NULL,0,0,NULL,NULL,18,1,NULL);
INSERT INTO `ait_pub_art_lang` VALUES (519,300,1,'index','index','Beispiele','','','2011-02-13 00:35:52','2011-02-13 00:35:55',1,NULL,NULL,NULL,1,NULL,0,0,NULL,NULL,19,1,NULL);
INSERT INTO `ait_pub_art_lang` VALUES (520,301,1,'index','index','Service','','','2011-02-14 00:16:10','2011-05-26 12:35:01',1,NULL,NULL,NULL,1,'/',0,0,8,'',20,1,NULL);
INSERT INTO `ait_pub_art_lang` VALUES (521,302,1,'index','index','Hilfe','','','2011-02-14 00:17:33','2011-06-17 18:35:50',1,NULL,NULL,NULL,1,NULL,0,0,NULL,NULL,21,1,NULL);
INSERT INTO `ait_pub_art_lang` VALUES (522,303,1,'index','index','Management','','','2011-04-28 17:22:47','2011-06-16 20:30:26',1,NULL,NULL,NULL,1,NULL,0,0,NULL,NULL,22,1,NULL);
INSERT INTO `ait_pub_art_lang` VALUES (523,304,1,'index','index','System','','','2011-04-28 17:49:24','2011-06-16 20:24:21',1,NULL,NULL,NULL,1,NULL,0,0,NULL,NULL,23,1,NULL);
INSERT INTO `ait_pub_art_lang` VALUES (524,305,1,'index','index','Shortcode','','','2011-04-28 19:00:20','2011-06-16 18:37:24',1,NULL,NULL,NULL,1,NULL,0,0,NULL,NULL,24,1,NULL);
INSERT INTO `ait_pub_art_lang` VALUES (525,306,1,'index','index','Sprechende URLs','','','2011-04-28 20:25:57','2011-06-16 13:05:08',1,NULL,NULL,NULL,1,NULL,0,0,NULL,NULL,25,1,NULL);
INSERT INTO `ait_pub_art_lang` VALUES (526,307,1,'index','index','Inhalte','','','2011-05-26 17:42:13','2011-05-26 18:27:53',1,NULL,NULL,NULL,1,NULL,0,0,NULL,NULL,26,1,NULL);
INSERT INTO `ait_pub_art_lang` VALUES (527,308,1,'index','index','Kontaktformular','','','2011-05-27 09:58:33','2011-06-06 22:30:24',1,NULL,NULL,NULL,1,NULL,0,0,NULL,NULL,27,1,NULL);
INSERT INTO `ait_pub_art_lang` VALUES (528,309,1,'index','index','Vielen Dank fr Ihre Nachricht','','','2011-05-27 11:53:03','2011-05-27 11:53:21',1,NULL,NULL,NULL,1,NULL,0,0,NULL,NULL,28,1,NULL);
INSERT INTO `ait_pub_art_lang` VALUES (529,310,1,'index','index','Beispiel Bildergalerie','','','2011-05-31 00:20:25','2011-06-17 19:05:55',1,NULL,NULL,NULL,1,NULL,0,0,NULL,NULL,29,1,NULL);
INSERT INTO `ait_pub_art_lang` VALUES (531,312,1,'index','index','Mens bei aitsu CMS','','','2011-06-16 18:30:00','2011-06-16 18:35:49',1,NULL,NULL,NULL,1,NULL,0,0,NULL,NULL,30,1,NULL);
CREATE TABLE `ait_pub_art_meta` (  `idartlang` int(10) unsigned NOT NULL,  `description` text NOT NULL,  `author` varchar(255) NOT NULL,  `keywords` text NOT NULL,  `date` date DEFAULT NULL,  `expires` date DEFAULT NULL,  `robots` varchar(255) NOT NULL,  `dctitle` varchar(255) NOT NULL,  `dccreator` varchar(255) NOT NULL,  `dcsubject` varchar(255) NOT NULL,  `dcpublisher` varchar(255) NOT NULL,  `dccontributor` varchar(255) NOT NULL,  `dcdate` varchar(255) NOT NULL,  `dctype` varchar(255) NOT NULL,  `dcformat` varchar(255) NOT NULL,  `dcidentifier` varchar(255) NOT NULL,  `dcsource` varchar(255) NOT NULL,  `dclanguage` varchar(255) NOT NULL,  `dcrelation` varchar(255) NOT NULL,  `cdcoverage` varchar(255) NOT NULL,  `dcrights` varchar(255) NOT NULL,  `pubid` int(10) unsigned NOT NULL,  `status` tinyint(4) NOT NULL,  PRIMARY KEY (`idartlang`,`pubid`),  KEY `pubid` (`pubid`),  CONSTRAINT `ait_pub_art_meta_ibfk_1` FOREIGN KEY (`idartlang`) REFERENCES `ait_art_lang` (`idartlang`) ON DELETE CASCADE,  CONSTRAINT `ait_pub_art_meta_ibfk_2` FOREIGN KEY (`pubid`) REFERENCES `ait_pub` (`pubid`) ON DELETE CASCADE) ENGINE=InnoDB DEFAULT CHARSET=utf8;
INSERT INTO `ait_pub_art_meta` VALUES (440,'Das wohl schnellste Open Source CMS-Framework seiner Klasse. aitsu CMS basiert auf PHP5, MySQL5 und Zend Frameworks und untersttzt jQuery, jQueryUI und YAML.','Frank Ammari','aitsu open source cms framework zend php mysql gplv3','2010-11-01',NULL,'index, follow','','','','','','','','','','','','','','',1,1);
INSERT INTO `ait_pub_art_meta` VALUES (446,'','','',NULL,NULL,'noindex, nofollow','','','','','','','','','','','','','','',2,1);
INSERT INTO `ait_pub_art_meta` VALUES (449,'','','',NULL,NULL,'index, follow','','','','','','','','','','','','','','',3,1);
INSERT INTO `ait_pub_art_meta` VALUES (491,'Skins, Layouts und Themes mit aitsu CMS','Frank Ammari','Skins, Layouts, Themes, aitsu, CMS','2010-11-01',NULL,'noindex, nofollow','','','','','','','','','','','','','','',4,1);
INSERT INTO `ait_pub_art_meta` VALUES (492,'Einfachen PHP-Kontrollstrukturen und -Operatoren fr die Darstellungslogik dynamischer Modul-Ausgaben.','Frank Ammari','PHP, Kontrollstrukturen, Operatoren, Darstellungslogik, CMS, Modul, Ausgaben','2010-11-01',NULL,'index, follow','','','','','','','','','','','','','','',5,1);
INSERT INTO `ait_pub_art_meta` VALUES (493,'Module mit PHP, Klassen-Autoload, Caching und Shortcodes dynamische Inhalte auf der Webseite ausgeben.','Frank Ammari','Module, PHP, Klassen-Autoload, Caching, Shortcodes, dynamisch','2010-11-01',NULL,'noindex','','','','','','','','','','','','','','',6,1);
INSERT INTO `ait_pub_art_meta` VALUES (495,'Das Online-Tutorial zu aitsu CMS. Mit Informationen und praktischen Beispielen fr einen sicheren Einstieg.','Frank Ammari','CMS, Einstieg, Beispiele, aitsu, Tutorial, Online, Online-Tutorial',NULL,NULL,'','','','','','','','','','','','','','','',7,1);
INSERT INTO `ait_pub_art_meta` VALUES (497,'Das ist eine Beschreibung.','','',NULL,NULL,'','','','','','','','','','','','','','','',8,1);
INSERT INTO `ait_pub_art_meta` VALUES (506,'Benutzerverwaltung mit Benutzer-Rollen-Konzept zum schnellen Aufbau eines gesicherten Kundenlogins.','Frank Ammari','Benutzer, Rollen, Benutzer-Rollen-Konzept, Login, Kunden-Login, Geschtzter Kunden-Bereich',NULL,NULL,'','','','','','','','','','','','','','','',10,1);
INSERT INTO `ait_pub_art_meta` VALUES (510,'','','',NULL,NULL,'nofollow','','','','','','','','','','','','','','',11,1);
INSERT INTO `ait_pub_art_meta` VALUES (511,'Hier erhalten Sie Informationen ber die grundlegenden Elemente von aitsu CMS','Frank Ammari','Elemente, aitsu, CMS, Grundlagen, Funktionsweise',NULL,NULL,'','','','','','','','','','','','','','','',12,1);
INSERT INTO `ait_pub_art_meta` VALUES (512,'Artikelzentrierte Medienverwaltung fr den schnellen Zugriff auf alle Medien (gif, jpg, png, doc, xls, swf, mov, mp3, pdf)  des aktuellen Webseiten-Artikels','Frank Ammari','Medienmanagement, Medienverwaltung, Medien, artikelzentriert, gif, jpg, png, doc, xls, swf, mov, mp3, pdf',NULL,NULL,'','','','','','','','','','','','','','','',13,1);
INSERT INTO `ait_pub_art_meta` VALUES (513,'Inhalte mit dem Text-Editor oder dem HTML-Editor (ckEditor) komfortabel pflegen. Erweiterbar um XML-Editor und Wiki-Code','Frank Ammari','Text-Editor, HTML-Editor, ckEditor, XML, HTML, XHTML, Wiki, WikiCode',NULL,NULL,'','','','','','','','','','','','','','','',14,1);
INSERT INTO `ait_pub_art_meta` VALUES (514,'Alle CMS-Funktionen von aitsu CMS auf einen Blick.','Frank Ammari','CMS, Funktionen, Funktionsweise, aitsu',NULL,NULL,'','','','','','','','','','','','','','','',15,1);
INSERT INTO `ait_pub_art_meta` VALUES (516,'Komfortable Funktionen in der Medienverwaltung erleichtern den Umgang mit Mediendateien fr Webseiten-Artikel','Frank Ammari','Medien, Funktionen, aitsu, CMS, gif, jpg, png, swf, mov, mp3, pdf',NULL,NULL,'','','','','','','','','','','','','','','',16,1);
INSERT INTO `ait_pub_art_meta` VALUES (517,'An einer Stelle gepflegt, berall ausgegeben. Vererbung erleichert den Umgang mit sich wiederholenden Inhalten. Eingaben werden auf oberster Ebene eingetragen und vererben sich in alle darunterliegenden Kategorien und Artikel','Frank Ammari','Vererbung, Kategorien, Artikel, wiederholende Inhalte, vererbt, aitsu, cms',NULL,NULL,'','','','','','','','','','','','','','','',17,1);
INSERT INTO `ait_pub_art_meta` VALUES (518,'Die gegenseitige Referenzierung hilft artverwandte Themengebiete miteinander zu verlinken. Wird ein referenzierter Artikel verschoben, passt sich auch die Referenzierung an, wird er gelscht, wird auch die Referenzierung entfernt.','Frank Ammari','Referenz, gegenseitig, Referenzierung, automatisch, artverwandte Themen, Themengebiete, Vverlinkung',NULL,NULL,'','','','','','','','','','','','','','','',18,1);
INSERT INTO `ait_pub_art_meta` VALUES (522,'Mit den Management-Funktionen haben Sie aitsu CMS fest im Griff. Legen Sie neue Benutzer, Mandanten und Sprachen an oder verwalten Sie individuelle Einstellungen mit Mappings und Konfigurationen','Frank Ammari','Management, CMS, Content Management System, aitsu Framework, Benutzer, Rollen, Rechte, Mandanten, Mappings, Konfigurationen, Syndizierung, bersetzungen',NULL,NULL,'','','','','','','','','','','','','','','',22,1);
INSERT INTO `ait_pub_art_meta` VALUES (524,'Mit Shortcodes Funktionalitt und dynamische Modul-Ausgaben dort, wo sie gebraucht werden. Im Flietext.','Frank Ammari','Dynamische Ausgaben, Shortcode, CMS, aitsu, Flietext, Funktionen',NULL,NULL,'','','','','','','','','','','','','','','',24,1);
CREATE TABLE `ait_pub_article_content` (  `idartlang` int(10) unsigned NOT NULL,  `index` varchar(20) NOT NULL,  `value` longtext NOT NULL,  `modified` datetime NOT NULL,  `pubid` int(10) unsigned NOT NULL,  `status` tinyint(4) NOT NULL DEFAULT '1',  PRIMARY KEY (`idartlang`,`index`,`pubid`),  KEY `pubid` (`pubid`),  CONSTRAINT `ait_pub_article_content_ibfk_1` FOREIGN KEY (`idartlang`) REFERENCES `ait_art_lang` (`idartlang`) ON DELETE CASCADE,  CONSTRAINT `ait_pub_article_content_ibfk_2` FOREIGN KEY (`pubid`) REFERENCES `ait_pub` (`pubid`) ON DELETE CASCADE) ENGINE=InnoDB DEFAULT CHARSET=utf8;
INSERT INTO `ait_pub_article_content` VALUES (440,'CopyCol1','<h2>\n	Herzlichen Gl&uuml;ckwunsch</h2>\n<p>\n	Und willkommen beim aitsu Content-Management-System (CMS). aitsu ist Open Source und wird fortlaufend weiterentwickelt. Haben Sie W&uuml;nsche und Anregungen, setzen Sie uns davon bitte in Kenntnis, damit wir die notwendigen Anpassungen vornehmen k&ouml;nnen.</p>\n<h3>\n	aitsu ist mehr</h3>\n<p>\n	Er&ouml;ffnen Sie sich Ihren Zugang zum aitsu Experten-Netzwerk.</p>\n<ul>\n	<li>\n		Screendesigner</li>\n	<li>\n		HTML/CSS-Programmierer</li>\n	<li>\n		PHP/SQL-Programmierer</li>\n	<li>\n		Suchmaschinen-Optimierer</li>\n	<li>\n		Internetmarketing-Profis</li>\n</ul>\n<p>\n	Jetzt Internet-Experten finden auf _[TagA:aitsuPartner].</p>\n<div class=\"info\">\n	<h3>\n		Hinweis zum Layout</h3>\n	<p>\n		Beim vorliegenden Layout handelt es sich um ein Layoutbeispiel <em>(2col_right_13</em>) aus dem YAML CSS-Framework. Wir m&ouml;chten an dieser Stelle darauf hinweisen, dass f&uuml;r die Verwendung dieses Layouts f&uuml;r eigene Zwecke eine der folgenden Bedingungen erf&uuml;llt sein muss:</p>\n	<ul>\n		<li>\n			Sie besitzen oder erwerben eine YAML-Lizenz, die Ihnen die Erstellung einer unbegrenzten Anzahl von Layouts erlaubt (Agenturlizenz) oder</li>\n		<li>\n			Sie besitzen oder erwerben eine YAML-Einzellizen f&uuml;r das geplante Projekt oder</li>\n		<li>\n			Sie bringen auf der Webseite gut sichtbar den Hinweis an, dass das Layout auf YAML basiert und verweisen mit einem Link auf die Website yaml.de.</li>\n	</ul>\n	<p>\n		Wir bitten Sie aus Gr&uuml;nden der Fairness entweder auf die Verwendung zu verzichten oder daf&uuml;r Sorge zu tragen, dass eine der ew&auml;hnten Bedingungen erf&uuml;llt ist. Mehr erfahren Sie unter _[TagA:yaml].</p>\n</div>\n<h3>\n	Sandbox</h3>\n<p>\n	In die Sandbox gelangen Sie mit Hilfe der Links in der Hauptnavigation. Wenn Sie keine Sandbox ben&ouml;tigen, k&ouml;nnen Sie die ganze Sandbox-Kategorie gefahrlos l&ouml;schen.</p>\n','2011-06-16 13:07:40',1,1);
INSERT INTO `ait_pub_article_content` VALUES (440,'CopyCol2','<div>\n	_[BasisModul:1]</div>\n','2011-03-15 16:51:47',1,1);
INSERT INTO `ait_pub_article_content` VALUES (440,'Headline','','2011-01-29 18:50:51',1,1);
INSERT INTO `ait_pub_article_content` VALUES (491,'1','<!DOCTYPE html PUBLIC \"-//W3C//DTD XHTML 1.0 Transitional//EN\"\n   \"http://www.w3.org/TR/xhtml1/DTD/xhtml1-transitional.dtd\">\n<html xmlns=\"http://www.w3.org/1999/xhtml\" xml:lang=\"en\" lang=\"en\">\n  <head>\n    <link href=\"/skin/css/style.css\" rel=\"stylesheet\" type=\"text/css\" />\n    <script_ type=\"application/x-aitsu\" src=\"Template:Head\">\n      defaultTemplate = templates/head/head.phtml\n    </_script>\n  </head>\n  <body>\n    <script_ type=\"application/x-aitsu\" src=\"Template:Body\">\n      defaultTemplate = templates/body/body.phtml\n    </_script>\n  </body>\n</html>','2011-04-28 14:04:01',4,1);
INSERT INTO `ait_pub_article_content` VALUES (491,'2','<!DOCTYPE html PUBLIC \"-//W3C//DTD XHTML 1.0 Transitional//EN\"\n   \"http://www.w3.org/TR/xhtml1/DTD/xhtml1-transitional.dtd\">\n<html xmlns=\"http://www.w3.org/1999/xhtml\" xml:lang=\"en\" lang=\"en\">\n  <head>\n    <title>Test</title>\n  </head>\n  <body>\n    <script_ type=\"application/x-aitsu\" src=\"HTML:Copy\"></_script>\n  </body>\n</html>','2011-04-28 14:08:59',4,1);
INSERT INTO `ait_pub_article_content` VALUES (491,'CopyCol1','<h2>\n	&bdquo;&Auml;ndern Sie das Aussehen Ihrer Webseite&rdquo;</h2>\n<p>\n	Dieses Beispiel-Skin befindet sich im Verzeichnis <samp>application/skins/default</samp>. Um einen eigenen Skin anzulegen, erstellen Sie ein neues Verzeichnis <samp>application/skins/mein_skin</samp>. Ihr Skin-Verzeichnis muss die Datei <samp>index.phtml </samp>beinhalten.</p>\n<h3>\n	Beispiel index.phtml</h3>\n<div>\n	_[CodeHtml:1]</div>\n<p>\n	In diesem Beispiel haben wir den &lt;head&gt;-Teil und den &lt;body&gt;-Teil ausgelagert. Innerhalb der body.phtml lagern wir den &lt;header&gt;-, den &lt;main&gt;- und den &lt;footer&gt;-Teil ebenso aus. Sie m&uuml;ssen diesem Beispiel nicht folgen, es hat sich jedoch in der Praxis bew&auml;hrt, Templates in logische Bereiche aufzuteilen.</p>\n<div>\n	_[CodeHtml:2]</div>\n<p>\n	Dieses Beispiel zeigt eine sehr simple Skin-Datei, die ein Eingabe-Feld f&uuml;r den ckEditor startet.</p>\n<pre>\nskins\n&middot;&middot;mein_skin\n&middot;&middot;&middot;&middot;template\n&middot;&middot;&middot;&middot;&middot;&middot;head\n&middot;&middot;&middot;&middot;&middot;&middot;&middot;&middot;head.phtml\n&middot;&middot;&middot;&middot;&middot;&middot;body\n&middot;&middot;&middot;&middot;&middot;&middot;&middot;&middot;header\n&middot;&middot;&middot;&middot;&middot;&middot;&middot;&middot;&middot;&middot;header.phtml\n&middot;&middot;&middot;&middot;&middot;&middot;&middot;&middot;main\n&middot;&middot;&middot;&middot;&middot;&middot;&middot;&middot;&middot;&middot;main.phtml\n&middot;&middot;&middot;&middot;&middot;&middot;&middot;&middot;footer\n&middot;&middot;&middot;&middot;&middot;&middot;&middot;&middot;&middot;&middot;footer.phtml\n&middot;&middot;&middot;&middot;&middot;&middot;body.phtml\n&middot;&middot;&middot;&middot;index&middot;phtml\n</pre>\n<h3>\n	Pfadangaben</h3>\n<p>\n	Um Bilder, CSS- oder JS-Dateien zu referenzieren, beginnen Sie die Pfadangaben immer mit <samp>/skin</samp>. aitsu erledigt die Aufl&ouml;sung des Pfades entsprechend des in der <samp>default.ini</samp> eingestellten Skins.&nbsp;</p>\n<p>\n	_[TagA:aitsulayout]</p>\n','2011-06-17 18:45:58',4,1);
INSERT INTO `ait_pub_article_content` VALUES (492,'1','<table>\n  <?php foreach($this->data as $data) : ?>\n  <tr>\n    <td><?php echo $data->value; ?></td>\n  </tr>\n  <?php endforeach; ?>\n</table>','2011-04-28 14:49:12',5,1);
INSERT INTO `ait_pub_article_content` VALUES (492,'2','<script_ type=\"application/x-aitsu\" src=\"Template:Col3Content\">\n  defaultTemplate = 100\n\n  template.50_50.name = Subcolumns 50%|50%\n  template.50_50.file = templates/body/subcolumns/50_50.phtml\n\n  template.100.name = Subcolumn 100%\n  template.100.file = templates/body/subcolumns/100.phtml\n</_script>','2011-04-28 14:47:24',5,1);
INSERT INTO `ait_pub_article_content` VALUES (492,'Andreas','<p>\n	das ist ein nackter text.</p>\n','2011-01-29 14:48:04',5,1);
INSERT INTO `ait_pub_article_content` VALUES (492,'CopyCol1','<h2>\n	&bdquo;&Auml;ndern Sie den Aufbau Ihrer Webseite&rdquo;</h2>\n<p>\n	Templates lassen sich in Modul-Templates und Skin-Templates unterteilen. W&auml;hrend Modul-Templates die durch die Module gelieferten Daten gestalten, k&ouml;nnen mit Skin-Templates ganze Bereiche der Webseite umgestaltet werden.</p>\n<h3>\n	Modul-Templates</h3>\n<p>\n	Modul-Templates beinhalten die Darstellungslogik. &Uuml;ber einfache PHP-Kontrollstrukturen und -Operatoren gestalten Sie so die durch das Modul gelieferten Daten.</p>\n<div>\n	_[CodePhp:1]</div>\n<p>\n	In diesem Beispiel wird jeder Datensatz, den das Modul liefert, in einer Tabellenzeile ausgegeben.</p>\n<h3>\n	Skin-Templates</h3>\n<p>\n	Mit Skin-Templates &auml;ndern Sie den Aufbau Ihrer Webseite per Mausklick. Dabei brauchen Sie nicht mehr, als innerhalb Ihrer Skin-Vorlage eine Template-Weiche einzubauen.</p>\n<div>\n	_[CodeHtml:2]</div>\n<p>\n	In diesem Beispiel k&ouml;nnen Sie in der Spalte 3 zwischen einspaltig (100%) und zweispaltig (50% : 50%) umschalten. Im Skin-Verzeichnis sind einige Skin-Templates mit Template-Weichen enthalten.</p>\n<p>\n	_[TagA:aitsutemplates]</p>\n<h4>\n	Subtemplate</h4>\n<p>\n	Die Auswahl von Subtemplates erfolgt &uuml;ber den Button &bdquo;Subtemplate anzeigen/verbergen&rdquo; in der Buttonleiste der Edit-Ansicht. Klicken Sie mir der linken Maustaste auf den Button &bdquo;Subtemplate anzeigen/verbergen&rdquo;, wird ein schwarzer Auswahlblock eingeblendet. Klicken Sie mit der linken Maustaste auf diesen schwarzen Auswahlblock &ouml;ffnet sich ein Dialog-Fenster, das Ihnen verschiedene Templates zur Auswahl anbietet. Nachfolgend hier ein Beispiel.</p>\n','2011-05-26 17:33:29',5,1);
INSERT INTO `ait_pub_article_content` VALUES (492,'CopySub1','','2011-01-29 14:50:05',5,1);
INSERT INTO `ait_pub_article_content` VALUES (492,'CopySub1 11','<h4>\n	Spalte 1.1</h4>\n<p>\n	&Uuml;ber Modul definiert</p>\n','2011-05-26 17:37:53',5,1);
INSERT INTO `ait_pub_article_content` VALUES (492,'CopySub1 12','<h4>\n	Spalte 1.2</h4>\n<p>\n	&Uuml;ber Modul definiert</p>\n','2011-05-26 17:37:57',5,1);
INSERT INTO `ait_pub_article_content` VALUES (492,'CopySub2','','2011-01-26 21:02:01',5,1);
INSERT INTO `ait_pub_article_content` VALUES (492,'CopySub3','','2011-01-26 21:02:08',5,1);
INSERT INTO `ait_pub_article_content` VALUES (492,'Kummer','<p>\n	ddfdfgdfgddfsdfs</p>\n<p>\n	sdfsdfs</p>\n','2011-01-29 14:48:04',5,1);
INSERT INTO `ait_pub_article_content` VALUES (492,'Sub1','<h4>\n	Spalte 1</h4>\n<p>\n	&Uuml;ber Subtemplates definiert.</p>\n<p>\n	Ein solcher Spaltenblock l&auml;sst sich auch &uuml;ber ein Shortcode-Modul erzeugen. Nachfolgend hier nun das Modul _|[Subcolumns:Sub1_1] als Beispiel.</p>\n<div>\n	_[Subcolumn:Sub1_1]</div>\n','2011-05-26 17:36:38',5,1);
INSERT INTO `ait_pub_article_content` VALUES (492,'Sub2','<h4>\n	Spalte 2</h4>\n<p>\n	&Uuml;ber Subtemplates definiert.</p>\n','2011-05-26 17:34:11',5,1);
INSERT INTO `ait_pub_article_content` VALUES (492,'Sub3','<h4>\n	Spalte 3</h4>\n<p>\n	&Uuml;ber Subtemplates definiert.</p>\n','2011-05-26 17:34:19',5,1);
INSERT INTO `ait_pub_article_content` VALUES (493,'1','_|[ModuleName:Index]','2011-04-28 14:16:43',6,1);
INSERT INTO `ait_pub_article_content` VALUES (493,'2','<script_ type=\"application/x-aitsu\" src=\"ModulName:Index\">\n    key1 = value\n    key2 = value\n</_script>','2011-04-28 14:14:07',6,1);
INSERT INTO `ait_pub_article_content` VALUES (493,'3','<?php\n  \n  $params = Aitsu_Util :: parseSimpleIni($context[\'params\']);\n  $key1 = $params->key1;\n  $key2 = $params->key2;\n\n?>','2011-04-28 14:15:52',6,1);
INSERT INTO `ait_pub_article_content` VALUES (493,'Copy','<p>\n	Das ist ein HTML-Text.</p>\n','2011-06-16 14:20:35',6,1);
INSERT INTO `ait_pub_article_content` VALUES (493,'CopyCol1','<h2>\n	&bdquo;Das Salz in der Suppe&rdquo;</h2>\n<p>\n	Wann immer eine dynamische Ausgabe auf der Webseite erfolgt, ist daf&uuml;r ein Modul verantwortlich. Dies sind die grundlegenden Module:</p>\n<ul>\n	<li>\n		Navigation</li>\n	<li>\n		Artikelliste</li>\n	<li>\n		Bild</li>\n	<li>\n		Link</li>\n	<li>\n		Template</li>\n</ul>\n<p>\n	Module werden im Dateisystem abgelegt. Durch den Einsatz von Zend k&ouml;nnen Module an beliebiger Stelle gespeichert werden. Vorbelegt sind die folgenden Standard-Verzeichnisse:</p>\n<p>\n	<strong>Bis Version 2.0</strong></p>\n<ul>\n	<li>\n		<strong>Lokal </strong><em>aitsu / library / Local / Module</em></li>\n	<li>\n		<strong>Community</strong> aitsu / library / Comm / Module</li>\n	<li>\n		<strong>Default </strong><em>aitsu / library / Aitsu / Ee / Module</em></li>\n</ul>\n<p>\n	<strong>Ab Version 2.1</strong></p>\n<ul>\n	<li>\n		<strong>Skin </strong><em>aitsu / application / skins / ihr_skin_name / module</em></li>\n	<li>\n		<strong>Lokal </strong><em>aitsu / library / Local / Module</em></li>\n	<li>\n		<strong>Community</strong> aitsu / library / Comm / Module</li>\n	<li>\n		<strong>Applikation<span style=\"font-style: italic;\"> </span></strong><em>aitsu / application / modules</em></li>\n	<li>\n		<strong>Default </strong><em>aitsu / library / Aitsu / Ee / Module</em></li>\n</ul>\n<p>\n	aitsu &uuml;berpr&uuml;ft die Modul-Verzeichnisse in vorgegebenen Reihenfolge. Ein Image-Modul im Skin-Verzeichnis hat stets Vorrang gegen&uuml;ber Image-Modulen aus anderen Verzeichnissen.</p>\n<h3>\n	Module und Modul-Templates</h3>\n<p>\n	Ein Modul besteht in der Regel aus zwei Teilen. Einer Klasse <strong><em>/ModulName/Class.php</em></strong> und dessen (Modul-)Template <strong><em>/ModulName/index.phtml</em></strong>.</p>\n<p>\n	Die Besonderheit hierbei ist, dass das Template nicht an der selben Stelle liegen muss, wie die Klasse. Auch hier gilt: Ein Modul-Template im Skins-Ordner hat stets Vorrang gegen&uuml;ber den Modul-Templates aus anderen Verzeichnissen.</p>\n<h3>\n	Modul-Templates f&uuml;r Skins</h3>\n<p>\n	Ben&ouml;tigen ihr Skin eine angepasste Navigation, z.B. anstelle einer Navigation als unsortieren Liste <em><strong>&lt;ul&gt;</strong></em> eine Navigation als sortierte Liste <strong><em>&lt;ol&gt;</em></strong>, legen Sie einfach eine Kopie der entsprechenden Template-Datei <strong><em>/ModulName/index.phtml</em></strong> im Modul-Ordner des Skins an. aitsu ber&uuml;cksichtigt Ihre pers&ouml;nliche Template-Datei im Skin-Ordner anstelle der Template-Datei im Default-Ordner.</p>\n<h3>\n	Modul-Aufruf</h3>\n<p>\n	Module k&ouml;nnen auf zweierlei Art und Weise aufgerufen werden. Entweder &uuml;ber den einfachen Shortcode oder &uuml;ber den Skript-Block. Module k&ouml;nnen in Skins, Modul-Templates und im Flie&szlig;text aufgerufen werden.</p>\n<h4>\n	Shortcode</h4>\n<p>\n	Shortcodes werden mit einem Unterstrich und einer &ouml;ffnenden, eckigen Klammer eingeleitet und mit einer schlie&szlig;enden, eckigen Klammer abgeschlossen.</p>\n<div>\n	_[CodeHtml:1]</div>\n<h4>\n	Skript-Block</h4>\n<p>\n	Skript-Bl&ouml;cke sind in ihrer Schreibweise komplexer, bieten daf&uuml;r aber die M&ouml;glichkeit, Parameter zu &uuml;bergeben.</p>\n<div>\n	_[CodeHtml:2]</div>\n<p>\n	Innerhalb des Moduls k&ouml;nnen Sie wie folgt auf diese Parameter zugreifen:</p>\n<div>\n	_[CodePhp:3]</div>\n<p>\n	In beiden Varianten wird vor dem Doppelpunkt der Name des Moduls angegeben und hinter dem Doppelpunkt ein eindeutiger Bezeichner vergeben. Die Eindeutigkeit ist dabei auf den Artikel bezogen. Verwenden Sie den eindeutigen Bezeichner innerhalb des selben Artikels ein weiteres Mal, k&ouml;nnen Sie auch dort auf die Werte der Modulkonfiguration zugreifen. Lesen Sie mehr &uuml;ber _[TagA:aitsumodule]</p>\n<h4>\n	Das Test-Modul &bdquo;Config&rdquo;</h4>\n<p>\n	Nachfolgend ein Test-Modul mit m&ouml;glichen Konfigurationen und den daraus resultierenden Ausgaben.</p>\n<p>\n	_[Config:Test]</p>\n','2011-06-16 13:48:10',6,1);
INSERT INTO `ait_pub_article_content` VALUES (493,'CopySub1','','2011-01-12 12:50:54',6,1);
INSERT INTO `ait_pub_article_content` VALUES (493,'CopySub2','','2011-01-12 12:51:02',6,1);
INSERT INTO `ait_pub_article_content` VALUES (493,'kummer','<p>\n	test</p>\n','2011-01-07 14:58:26',6,1);
INSERT INTO `ait_pub_article_content` VALUES (493,'kummer2','<p>\n	und noch einer</p>\n','2011-01-07 14:58:33',6,1);
INSERT INTO `ait_pub_article_content` VALUES (495,'CopyCol1','<h2>\n	Herzlichen Gl&uuml;ckwunsch</h2>\n<p>\n	Und willkommen beim aitsu Content-Management-System (CMS). aitsu ist Open Source und wird fortlaufend weiterentwickelt. Haben Sie W&uuml;nsche und Anregungen, setzen Sie uns davon bitte in Kenntnis, damit wir die notwendigen Anpassungen vornehmen k&ouml;nnen.</p>\n<h3>\n	aitsu ist mehr</h3>\n<p>\n	Er&ouml;ffnen Sie sich Ihren Zugang zum aitsu Experten-Netzwerk.</p>\n<ul>\n	<li>\n		Screendesigner</li>\n	<li>\n		HTML/CSS-Programmierer</li>\n	<li>\n		PHP/SQL-Programmierer</li>\n	<li>\n		Suchmaschinen-Optimierer</li>\n	<li>\n		Internetmarketing-Profis</li>\n</ul>\n<p>\n	Jetzt Internet-Experten finden auf _[TagA:aitsuPartner].</p>\n<div class=\"info\">\n	<h3>\n		Hinweis zum Layout</h3>\n	<p>\n		Beim vorliegenden Layout handelt es sich um ein Layoutbeispiel <em>(2col_right_13</em>) aus dem YAML CSS-Framework. Wir m&ouml;chten an dieser Stelle darauf hinweisen, dass f&uuml;r die Verwendung dieses Layouts f&uuml;r eigene Zwecke eine der folgenden Bedingungen erf&uuml;llt sein muss:</p>\n	<ul>\n		<li>\n			Sie besitzen oder erwerben eine YAML-Lizenz, die Ihnen die Erstellung einer unbegrenzten Anzahl von Layouts erlaubt (Agenturlizenz) oder</li>\n		<li>\n			Sie besitzen oder erwerben eine YAML-Einzellizen f&uuml;r das geplante Projekt oder</li>\n		<li>\n			Sie bringen auf der Webseite gut sichtbar den Hinweis an, dass das Layout auf YAML basiert und verweisen mit einem Link auf die Website yaml.de.</li>\n	</ul>\n	<p>\n		Wir bitten Sie aus Gr&uuml;nden der Fairness entweder auf die Verwendung zu verzichten oder daf&uuml;r Sorge zu tragen, dass eine der ew&auml;hnten Bedingungen erf&uuml;llt ist. Mehr erfahren Sie unter _[TagA:yaml].</p>\n</div>\n<h3>\n	Sandbox</h3>\n<p>\n	In die Sandbox gelangen Sie mit Hilfe der Links in der Hauptnavigation. Wenn Sie keine Sandbox ben&ouml;tigen, k&ouml;nnen Sie die ganze Sandbox-Kategorie gefahrlos l&ouml;schen.</p>\n','2011-06-16 13:08:12',7,1);
INSERT INTO `ait_pub_article_content` VALUES (495,'CopySub1','<p>\n	Spalte 1</p>\n','2010-11-08 15:26:28',7,1);
INSERT INTO `ait_pub_article_content` VALUES (495,'CopySub2','<p>\n	Spalte 2</p>\n','2010-11-08 15:26:34',7,1);
INSERT INTO `ait_pub_article_content` VALUES (495,'CopySub3','<p>\n	Spalte 3</p>\n','2010-11-08 15:26:46',7,1);
INSERT INTO `ait_pub_article_content` VALUES (497,'CopyCol1','<div>\n	_[Google.Maps.Javascript:1]</div>\n<div>\n	&nbsp;</div>\n<div>\n	_[Google.Maps.Javascript:2]</div>\n','2011-05-27 09:57:41',8,1);
INSERT INTO `ait_pub_article_content` VALUES (497,'CopySub1','','2010-11-19 20:05:32',8,1);
INSERT INTO `ait_pub_article_content` VALUES (506,'CopyCol1','<p>\n	Mit aitsu k&ouml;nnen Sie kennwortgesch&uuml;tzte Benutzerbereiche einrichten. Solche Bereiche sind nur f&uuml;r Benutzer sichtbar, die sich &uuml;ber das Login-Formular authorisiert haben.</p>\n<p>\n	Um eine Kategorie zu sch&uuml;tzen, stellen Sie den Wert <strong>public </strong>auf <strong>false</strong>. Legen Sie nun die Kategorie als Resource an, indem Sie im Kategoriebaum mit der rechten Maustaste auf den Kategorienamen klicken und Als Resource anlegen klicken.&nbsp;</p>\n<p>\n	Wechseln Sie nun unter <strong>Management </strong>zu<strong> Benutzer, Rollen, Rechte</strong> und erstellen Sie eine <strong>Rolle</strong> &bdquo;Kunden&rdquo;, die auf diese Resource mit dem Recht <strong>frontend: view</strong> berechtigt ist.</p>\n<p>\n	Jetzt erstellen Sie einen <strong>Benutzer </strong>und weisem diesem die <strong>Rolle</strong> &bdquo;Kunden&rdquo; zu. Mehr Informationen zu kennwortgesch&uuml;tzen Webseiten erhalten Sie auf _[TagA:Kundenlogin].</p>\n','2011-06-16 17:37:58',10,1);
INSERT INTO `ait_pub_article_content` VALUES (510,'CopyCol1','<p>\n	_[CUG.Login:1]</p>\n','2010-11-29 21:18:29',11,1);
INSERT INTO `ait_pub_article_content` VALUES (511,'CopyCol1','<p>\n	F&uuml;r den Aufbau eines Web-Projektes mit aitsu ben&ouml;tigten wir einige grundlegende Elemente:</p>\n<ul>\n	<li>\n		Skins</li>\n	<li>\n		Module</li>\n	<li>\n		Templates</li>\n	<li>\n		Medien</li>\n	<li>\n		<div>\n			Inhalte</div>\n	</li>\n</ul>\n<h3>\n	Skins</h3>\n<p>\n	Skins beschreiben das Aussehen ihres Web-Projektes. In einem Skin-Verzeichnis werden die Vorlagen des Webdesigners eingearbeitet.</p>\n<h3>\n	Module</h3>\n<p>\n	Module liefern den Content und stellen die Schnittstelle zwischen Skin und Datenbank / Dateisystem dar. Module werde innerhalb von Skins eingebettet. Shortcode-Module k&ouml;nnen auch im Flie&szlig;text eingebettet werden.</p>\n<h3>\n	Templates</h3>\n<p>\n	Templates gestalten den Content, der durch Module zur Verf&uuml;gung gestellt wird. Die Darstellungslogik wird hier in Form von PHP-Kontrollstrukturen und -Operatoren erstellt.</p>\n<h3>\n	Medien</h3>\n<p>\n	In der Medienverwaltung werden s&auml;mtliche Medien artikelzentriert verwaltet. Eine Mediendatei (jpg, gif, png, exl, doc, swf, mov, mp3, avi, mpeg, pdf), die in den Webseiten-Artikel eingebettet werden soll, wird zuvor hochgeladen.</p>\n<h3>\n	Inhalte</h3>\n<p>\n	Inhalte k&ouml;nnen mit einem Text-Editor oder mit einem HTML-Editor (ckEditor) eingepflegt werden. Mit Shortcode-Modulen werden im Flie&szlig;text z.B. Bildergalerien oder Formulare eingebettet.</p>\n<p>\n	_[TagA:aitsucms]</p>\n','2011-05-26 14:50:39',12,1);
INSERT INTO `ait_pub_article_content` VALUES (511,'CopyCol3i','','2011-05-26 14:37:44',12,1);
INSERT INTO `ait_pub_article_content` VALUES (512,'Copy3er1','<p>\n	_[TagImg:4]</p>\n','2011-03-07 11:21:23',13,1);
INSERT INTO `ait_pub_article_content` VALUES (512,'CopyCol1','<p>\n	Mit der Medienverwaltung verwalten Sie alle Mediendateien, die Sie f&uuml;r den vorliegenden Artikel ben&ouml;tigen. Die Medienverwaltung bietet das Hochladen von Mediendateien mit Drag&#39;n Drop (Firefox) und Massen-Upload. Dabei wird das Hochladen der Mediendateien automatisch im Hintergrund erledigt.</p>\n<p>\n	Mit der artikelzentrierten Medienverwaltung hat das Suchen in einer zentralen Medienverwaltung somit ein Ende. Medien, die Sie im Artikel &auml;ndern wollen, finden Sie auch genau dort; im Reiter (Tab) &bdquo;Medien&rdquo; des Artikels.</p>\n<h3>\n	Mediennamen</h3>\n<p>\n	aitsu verwaltet Medien &uuml;ber eine eindeutige Medien-ID. Dadurch sind Sie auch frei bei der Vergabe des Dateinames. Hier &uuml;bernimmt aitsu die Namensaufl&ouml;sung. Im Gegensatz zu Windows-Systemen unterscheiden Linux-basierte System zwischen Gro&szlig;- und Kleinbuchstaben. Benutzen Sie deshalb bei der Vergabe von Dateinamen m&ouml;glichst nur Kleinbuchstaben [<strong>a-z</strong>], den Binde- und den Unterstrich [<strong>-_</strong>] sowie Zahlen [<strong>0-9</strong>] und verzichten Sie auf Gro&szlig;buchstaben, Leerzeichen und Sonderzeichen.</p>\n<h3>\n	Grafiken einbinden</h3>\n<p>\n	Grafiken werden &uuml;ber den Shortcode _|[TagImg:<strong>n</strong>] eingef&uuml;gt. Dabei beschreibt <strong>n</strong> den eindeutigen Bezeichner des Moduls.</p>\n<div>\n	_[TagImg:TagImg1]</div>\n<h3>\n	Dateien einbinden</h3>\n<p>\n	aitsu ist nicht auf bestimmte Dateitypen beschr&auml;nkt. Prinzipiell k&ouml;nnen Sie also jeden Dateityp hochladen und in die Webseite einbinden. &Uuml;ber den Shortcode _|[File:<strong>n</strong>] f&uuml;gen Sie Ihre Dateien ein.</p>\n<div>\n	_[File:File]</div>\n','2011-06-16 14:55:48',13,1);
INSERT INTO `ait_pub_article_content` VALUES (512,'CopyCol2','','2011-04-28 14:55:27',13,1);
INSERT INTO `ait_pub_article_content` VALUES (513,'CopyCol1','<p>\n	Unter Content verwalten Sie alle Inhalte, Kategorien, Artikel und Medien. Bei der Erstellung der Internetadressen der Webseiten-Artikel entfernt aitsu die erste Ebene des Kategoriebaums.</p>\n<p>\n	Dadurch k&ouml;nnen Sie diese erste Ebene f&uuml;r die logische Gruppierung in Haupt-Inhalte (main), Service-Inhalte wie Impressum oder Kontakt und System-Seiten wie Fehlerseite, Login-Seite oder Danke-Seite nutzen. Durch das Mapping von Domains auf Kategorie-Pfade, k&ouml;nnen Sie die erste Ebene auch f&uuml;r unterschiedliche Domains nutzen.</p>\n<h3>\n	Neue Kategorien</h3>\n<p>\n	Mit einem Klick der rechten Maustaste innerhalb der Kategoriebaum-Ansicht erhalten Sie das Kategorie-Kontext-Men&uuml;. Um eine neue Unterkategorie zu erstellen klicken Sie mit der linken Maustaste auf&nbsp; <strong>Neue Unterkategorie erstellen</strong>. Klicken Sie nun mit der linken Maustaste auf den Kategorienamen, gelangen Sie in die Kategorie-Eigenschaften. Hier &auml;ndern Sie die Eigenschaften Ihrer neuen Kategorie. Neue Kategorien erscheinen auf der Webseite in Form neuer Navigationslinks.</p>\n<h3>\n	Neue Artikel</h3>\n<p>\n	Innerhalb einer Kategorie k&ouml;nnen Sie eine beliebige Anzahl Artikel erstellen. Jeder Artikel kann dabei eine Seite Ihres Web-Auftritts repr&auml;sentieren. Der erste Artikel einer Kategorie sollte &bdquo;index&rdquo; hei&szlig;en. Alle anderen Artikel in einer Kategorie sollten eindeutige Titel-Bezeichner haben.</p>\n<h3>\n	Inhalte ver&ouml;ffentlichen</h3>\n<p>\n	Damit ein Webseiten-Artikel in Ihrem Web-Auftritt erreichbar ist, m&uuml;ssen folgende Dingen erf&uuml;llt sein:</p>\n<ul>\n	<li>\n		Die Kategorie, in der der Artikel sich befindet, muss sichtbar (visible=true) und &ouml;ffentlich (public=true) sein.</li>\n	<li>\n		Die Kategorie muss einen Artikel beinhalten, der als Index-Artikel (Als Index setzen) ausgezeichnet ist.</li>\n	<li>\n		Der Artikel muss online (Online stellen) gestellt sein.</li>\n</ul>\n<p>\n	Beachten Sie hierbei, dass jeder &Auml;nderung der Eigenschaften und der Inhalte auf dem Webseiten-Artikel erst sichtbar wird, wenn Sie publizieren klicken. Das gilt auch f&uuml;r das Offline-Stellen.</p>\n','2011-06-16 20:04:58',14,1);
INSERT INTO `ait_pub_article_content` VALUES (513,'CopyCol2','','2011-04-28 15:10:08',14,1);
INSERT INTO `ait_pub_article_content` VALUES (514,'CopyCol1','<p>\n	aitsu verf&uuml;gt von Haus aus &uuml;ber Funktionen, die bei anderen CMS erst nachtr&auml;glich installiert werden m&uuml;ssen oder gar nicht erst zur Verf&uuml;gung stehen.</p>\n<ul>\n	<li>\n		Sprechende URLs</li>\n	<li>\n		Shortcode</li>\n	<li>\n		Kundenlogin</li>\n	<li>\n		Medien</li>\n	<li>\n		Vererbung</li>\n	<li>\n		Referenzierung</li>\n</ul>\n<h3>\n	Sprechende URLs</h3>\n<p>\n	aitsu baut automatisch suchmaschinen- und nutzerfreundliche Internetadressen.</p>\n<h3>\n	Shortcode</h3>\n<p>\n	aitsu erm&ouml;glicht es Modul-Ausgaben, z.B. Bildergalerien oder Kontaktformulare, direkt im Flie&szlig;text einzusetzen. Das Erstellen eines extra Layouts oder Templates ist nicht mehr n&ouml;tig.</p>\n<h3>\n	Kundenlogin</h3>\n<p>\n	aitsu erm&ouml;glicht kennwortgesch&uuml;tzte Webseiten-Bereiche.</p>\n<h3>\n	Medien</h3>\n<p>\n	aitsu verf&uuml;gt &uuml;ber eine artikelzentrierte Medienverwaltung, kann Medien aber auch aus einem zentralen System beziehen.</p>\n<h3>\n	Vererbung</h3>\n<p>\n	Konfigurationen und Inhalte k&ouml;nnen vererbt werden. Artikel unterster Navigationsebene erben vom ihnen jeweils &uuml;bergeordneten Artikel.</p>\n<h3>\n	Referenzierung</h3>\n<p>\n	Mit der Referenzierung setzen Sie mehrere Artikel in Bezug zueinander. Wird ein Artikel gel&ouml;scht oder in eine Andere Kategorie verschoben, aktualisiert aitsu die Relationen automatisch f&uuml;r Sie.</p>\n','2011-06-16 15:09:41',15,1);
INSERT INTO `ait_pub_article_content` VALUES (516,'Banner','<p>\n	Das ist meine _[HTML:Test] Werbebotschaft:</p>\n','2011-03-16 10:42:08',16,1);
INSERT INTO `ait_pub_article_content` VALUES (516,'CopyCol1','<p>\n	aitsu verf&uuml;gt &uuml;ber die M&ouml;glichkeit Bilder zu transformieren, also in ihren Abmessungen zu ver&auml;ndern. Dadurch ist es nicht mehr notwendig, Bilder in jeder erdenklichen Abmessung vorzuhalten.</p>\n<p>\n	Konkret bedeutet das, dass Sie eine Bilddatei in genau einer Abmessung hochladen und f&uuml;r Teaser, Vollbild und Bildvorschau (Thumbnail) einsetzen k&ouml;nnen.</p>\n<p>\n	Die Darstellung der Bilder in der richtigen Abmessung &uuml;bernimmt aitsu f&uuml;r Sie. Auf Wunsch sogar zur Laufzeit.</p>\n<p>\n	M&ouml;gliche Bild-Transformationen:</p>\n<ul>\n	<li>\n		Skalieren</li>\n	<li>\n		Zuschneiden</li>\n	<li>\n		Fokussieren</li>\n</ul>\n<h3>\n	Skalieren</h3>\n<p>\n	Dabei erzeugt aitsu aus dem Original-Bild ein Bild, das aitsu in ein Rechteck mit Ihren Ziel-Abmessungen einschreibt.</p>\n<h3>\n	Zuschneiden</h3>\n<p>\n	Hier erzeugt aitsu aus dem Original-Bild ein Bild, das es auf Ihre Ziel-Abmessung zuschneidet. Hiermit sind auch Bild-Vergr&ouml;&szlig;erungen m&ouml;glich.</p>\n<h3>\n	Fokussieren</h3>\n<p>\n	Beim Fokussieren erzeugt aitsu aus dem Original-Bild ein Bild, das es auf Ihre Ziel-Abmessungen zuschneidete und dabei den von Ihnen festgelegten Bildausschnitt zentriert.</p>\n<p>\n	Beispiele zur Bild-Transformation finden Sie unter _[TagA:Bildtransformation].</p>\n','2011-06-16 17:50:54',16,1);
INSERT INTO `ait_pub_article_content` VALUES (516,'CopyCol2','','2011-04-28 16:02:17',16,1);
INSERT INTO `ait_pub_article_content` VALUES (516,'Test','<p>\n	dasgfasgdasfg</p>\n','2011-03-16 10:42:15',16,1);
INSERT INTO `ait_pub_article_content` VALUES (517,'CopyCol1','<p>\n	Mit aitsu k&ouml;nnen Konfigurationen und Inhalte vererbt werden. Dabei erben Artikel unterster Navigationsebene von den ihnen jeweils &uuml;bergeordneten Artikeln.</p>\n<p>\n	Damit sparen Redakteure viel Zeit, da Informationen an nur einer Stelle gepflegt werden m&uuml;ssen, aber den gesamten Web-Auftritt beeinflussen k&ouml;nnen.</p>\n<h3>\n	Beispiel Versicherungskonzern</h3>\n<pre>\nhome\n  international (Banner INTL definiert)\n    amerika     (Banner INTL geerbt)\n    africa      (Banner INTL geerbt)\n    asia        (Banner INTL geerbt)\n    europe      (Banner INTL geerbt)\n      germany   (Banner DE definiert)\n        berlin  (Banner DE geerbt) \n</pre>\n<p>\n	Wenn der Redakteur jetzt den Banner DE definiert, gilt das f&uuml;r alle untergeordneten Kategorien.</p>\n<h3>\n	Eine m&ouml;gliche Reihenfolge von Vererbungen</h3>\n<ul>\n	<li>\n		config.ini (Mandant/Sprache)</li>\n	<li>\n		configSet (Management &gt; Konfigurationen)</li>\n	<li>\n		catConfig (Konfiguration als Kategorie-Eigenschaft)</li>\n	<li>\n		artConfig (Konfiguration als Artikel-Eigenschaft)</li>\n	<li>\n		modulConfig (Konfiguration aus dem Modul)</li>\n</ul>\n<p>\n	Somit kann der Entwickler festlegen, welche Konfigurationen durch den Redakteur festlegbar sind und welche in jedem Fall aus einer globalen Konfigurationsdatei kommen und nicht &uuml;berschrieben werden d&uuml;rfen. Mehr &uuml;ber Vererbung lesen Sie unter _[TagA:Vererbung].</p>\n','2011-06-16 18:15:30',17,1);
INSERT INTO `ait_pub_article_content` VALUES (518,'CopyCol1','<p>\n	Mit der Referenzierung (CrossLinking) k&ouml;nnen Redakteure themenverwandte Webseiten-Artikel in Relation zueinander stellen. Zu einer Relation geh&ouml;ren mindestens zwei Artikel.</p>\n<p>\n	Unter dem Artikel-Reiter (Tab) w&auml;hlen Sie das Ziel der Relation. Danach sind Artikel A und Artikel B in Relation zueinander.</p>\n<h3>\n	Beispiel:</h3>\n<p>\n	Max Mustermann ist zust&auml;ndig f&uuml;r Krankenversicherungen und Unfallversicherungen, Britta Beispiel nur f&uuml;r Haftpflicht-Versicherungen. Die Referenzierung von aitsu zeigt nun unter Krankenversicherung als Ansprechpartner Max Mustermann und unter dem Ansprechpartner Max Mustermann die Zust&auml;ndigkeit f&uuml;r Krankenversicherungen und Unfallversicherungen.</p>\n<p>\n	&Auml;ndert der Redakteur unter Unfallversicherung nun den Ansprechpartner von Max Mustermann in Britta Beispiel, werden die Zust&auml;ndigkeiten auf den Seiten von Max und Britta automatisch aktualisiert.</p>\n<pre>\nhome\n  produkte\n    krankenversicherung\n    unfallversicherung\n    haftpflicht-versicherung\n  ansprechpartner\n    max mustermann\n    britta beispiel\n</pre>\n<h3>\n	Vorteile mit aitsu</h3>\n<p>\n	aitsu verwaltet diese Relationen f&uuml;r Sie. Verschieben Sie einen Artikel in eine andere Kategorie, passt aitsu die Relationen automatisch f&uuml;r Sie an. L&ouml;schen Sie einen Artikel aus einer Relation von z.B. sieben Artikeln, entfernt aitsu automatisch die Relation in alle anderen Artikel. Mehr unter _[TagA:Referenzierung].</p>\n','2011-06-16 18:38:32',18,1);
INSERT INTO `ait_pub_article_content` VALUES (521,'CopyCol1','<p>\n	Im Forum unter <a href=\"http://aitsu.org/board/\">http://aitsu.org/board/</a></p>\n<p>\n	Bei Facebook unter <a href=\"http://www.facebook.com/cms.aitsu\">http://www.facebook.com/cms.aitsu</a></p>\n<p>\n	In der Xing-Gruppe unter <a href=\"https://www.xing.com/net/priffd060x/aitsu-cms\">https://www.xing.com/net/priffd060x/aitsu-cms</a></p>\n<p>\n	&Uuml;ber zertifizierte aitsu Partner unter <a href=\"http://www.aitsu.org/partner/\">http://www.aitsu.org/partner/</a></p>\n<p>\n	Direkt bei den aitsu Machern unter <a href=\"http://www.aitsu.org/kontakt/\">http://www.aitsu.org/kontakt/</a></p>\n','2011-05-26 12:41:27',21,1);
INSERT INTO `ait_pub_article_content` VALUES (522,'CopyCol1','<p>\n	Unter Management erledigen Sie alle administrativen Arbeiten.</p>\n<ul>\n	<li>\n		Benutzerprofil</li>\n	<li>\n		Benutzer, Rollen und Rechte</li>\n	<li>\n		Mandanten</li>\n	<li>\n		Mappings</li>\n	<li>\n		Konfigurationen</li>\n	<li>\n		Syndizierung</li>\n	<li>\n		&Uuml;bersetzungen</li>\n	<li>\n		Skripte</li>\n</ul>\n<h3>\n	Benutzerprofil</h3>\n<p>\n	Hier verwalten Sie Ihr pers&ouml;nliches Benutzerprofil</p>\n<h3>\n	Benutzer, Rollen und Rechte</h3>\n<p>\n	Hier verwalten Sie alle Zugriffsrechte auf Ihr aitsu System</p>\n<h3>\n	Mandanten</h3>\n<p>\n	Hier verwalten Sie alle Mandanten (Web-Projekte/Domains)</p>\n<h3>\n	Mappings</h3>\n<p>\n	Hier verwalten Sie Zuordnungen von Mandanten, Domains, Sprachen und Kategorien zueinander.</p>\n<h3>\n	Konfigurationen</h3>\n<p>\n	Hier verwalten Sie Konfigurationsdateien, die Sie sp&auml;ter Kategorien und Artikeln zuweisen k&ouml;nnen. Ein Beispiel hierf&uuml;r ist die Konfiguration &bdquo;Weiterleitung&rdquo;. Sie legt fest, dass ein Artikel mit dieser Konfiguration oder innerhalb einer Kategorie mit dieser Konfiguration, keinen Bearbeiten-Reiter (Edit Tab) erh&auml;lt.</p>\n<h3>\n	Syndizierung</h3>\n<p>\n	Hier verwalten Sie den Zugriff auf Ihre weiteren aitsu Installationen. Damit k&ouml;nnen Sie z.B. zentrale Inhalte aus einer anderen aitsu Installation in Ihre Webseiten einbauen.</p>\n<h3>\n	&Uuml;bersetzungen</h3>\n<p>\n	aitsu unterst&uuml;tzt <strong>gettext</strong>. Mit <strong>gettext </strong>findet aitsu zu &uuml;bersetzende Texte z.B. aus Ihren Modul-Templates. Damit k&ouml;nnen Sie z.B. eine fest in das Template eingebaute &Uuml;berschrift&nbsp;&bdquo;Neuigkeiten&rdquo; &uuml;bersetzen. Dazu brauchen Sie lediglich die aitsu &Uuml;bersetzungsklasse <strong>Aitsu_Translate</strong> nutzen.</p>\n<div>\n	_[CodeHTML:Translate]</div>\n<h3>\n	Skripte</h3>\n<div>\n	Unter Skripte finden Sie Skripte, die Ihnen die Arbeit erleichtern. Ein Beispiel hierf&uuml;r ist das Skript <strong>Alle Artikel publizieren</strong>, mit dem Sie alle &Auml;nderungen auf einen Schlag ver&ouml;ffentlichen k&ouml;nnen. Haben Sie viele Kategorienamen umbenannt, k&ouml;nnen Sie mit <strong>Kategorie-URLs entfernen</strong>, alle Kategorie-URLs entfernen. Beim n&auml;chsten Aufruf Ihrer Webseite, werden die Kategorie-URLs neu erstellt.</div>\n','2011-06-16 20:30:22',22,1);
INSERT INTO `ait_pub_article_content` VALUES (522,'Translate','<div class=\"newslist\">\n  <h3><?php echo Aitsu_Translate :: _(\'News\'); ?><h3/>\n  <ul>\n  <?php foreach($this->news as $news) : ?>\n     <li>...\n','2011-06-16 20:17:26',22,1);
INSERT INTO `ait_pub_article_content` VALUES (523,'CopyCol1','<p>\n	Hier erhalten Sie Zugriff auf alle systemrelevanten Eigenschaften Ihrer aitsu Installation. F&uuml;r aitsu entwickelte Plugins werden hier aufgef&uuml;hrt.</p>\n<ul>\n	<li>\n		Data</li>\n	<li>\n		System</li>\n	<li>\n		Utilities</li>\n</ul>\n<h3>\n	Data</h3>\n<p>\n	Unter Data erreichen Sie die mit aitsu gesetzten Tags.</p>\n<h3>\n	System</h3>\n<p>\n	Unter System erreichen Sie die aitsu Log-Ansicht, in der Sie sich alle systemrelevanten Eintr&auml;ge ansehen k&ouml;nnen.</p>\n<h3>\n	Utilities</h3>\n<p>\n	Unter Utilities gelangen Sie zum UUID-Generator. Eine Funktion, die es Entwicklern erlaubt, einen f&uuml;r Ihr Modul eindeutigen Schl&uuml;ssel zu generieren.</p>\n','2011-06-16 20:24:16',23,1);
INSERT INTO `ait_pub_article_content` VALUES (524,'1','Das ist ein Flietext. In diesem Flietext geben wir den \nShortcode _|[MeinModul:1] einfach ein. aitsu ersetzt\nden Shortcode durch die Ausgabe des Modules.','2011-04-28 19:24:12',24,1);
INSERT INTO `ait_pub_article_content` VALUES (524,'2','An dieser Stelle geben wir die selbe Ausgabe nochmals\naus, indem wir den Shortcode _|[MeinModul:1] mit dem\nselben Index nutzen.\n\nMchten wir eine andere Konfiguration, um eine andere\nAusgabe zu erhalten, nutzen wir den Shortcode mit dem\nnchsten eindeutigen Index _|[MeinModul:2].\n\nSollen zwei Module auf die Konfiguration des jeweils \nanderen Modules reagieren, nutzen wir fr beide den \nselben Index _|[Foo:1] und _|[Bar:1].','2011-04-28 19:37:09',24,1);
INSERT INTO `ait_pub_article_content` VALUES (524,'3','<p>Das ist eine Flietext. An dieser Stelle wollen wir nun eine\nSitemap einbauen. Dazu nutzen wir das Navigations-Modul.</p>\n\n<script_ type=\"application/x-aitsu\" src=\"Navigation:Sitemap\">\n  idcat = 1\n  template = sitemap\n</_script>\n\n<p>Hier bergeben wir nun die Kategorie-ID fr die Sitemap und \nlegen auch das Template fest.</p>\n','2011-04-28 19:52:19',24,1);
INSERT INTO `ait_pub_article_content` VALUES (524,'CopyCol1','<h3>\n	Module im Flie&szlig;text nutzen</h3>\n<p>\n	Mit Shortcodes nutzen Sie Module im Flie&szlig;text. Dabei brauchen Sie nicht mehr zu machen, als innerhalb des Flie&szlig;textes den Namen des Modules zu schreiben.</p>\n<p>\n	_[CodeHtml:1]</p>\n<p>\n	Je nach Art des Moduls erfolgt direkt eine Ausgabe, z.B. ein Kontaktformular, oder es erscheint auf Mausklick ein Konfigurationsmen&uuml; (<em>Modal-Dialog</em>). Dort k&ouml;nnen Sie weitere Einstellungen vornehmen.</p>\n<h3>\n	Module kombinieren</h3>\n<p>\n	Shortcodes lassen sich im selben Artikel auch mehrfach einsetzen. Nutzen Sie den selben <strong>Index</strong>, um immer die selbe Ausgabe zu erhalten, oder verwenden Sie einen neuen <strong>Index</strong> um zum Beispiel unterschiedliche Konfigurationen zu nutzen.</p>\n<p>\n	_[CodeHtml:2]</p>\n<h3>\n	Verf&uuml;gbare Shortcodes</h3>\n<p>\n	Grunds&auml;tzlich ist jedes Modul shortcodef&auml;hig. Module, die sich im Layout immer an der gleichen Stelle befinden, sollten jedoch im Skin-Template zur Anwendung kommen.</p>\n<p>\n	Mit diesem Skin werden zur Zeit folgende Shortcode-Module ausgeliefert:</p>\n<ul>\n	<li>\n		Address</li>\n	<li>\n		CodeHtml</li>\n	<li>\n		CodeIni</li>\n	<li>\n		CodePhp</li>\n	<li>\n		Flash</li>\n	<li>\n		Gallery</li>\n	<li>\n		HTML</li>\n	<li>\n		HTMLi</li>\n	<li>\n		Subcolumn</li>\n	<li>\n		TagA</li>\n	<li>\n		TagAImg</li>\n	<li>\n		TagImg</li>\n</ul>\n<h3>\n	Script-Schreibweise</h3>\n<p>\n	Mit der l&auml;ngeren Script-Schreibweise k&ouml;nnen zus&auml;tzliche Parameter &uuml;bergeben werden.</p>\n<p>\n	_[CodeHtml:3]</p>','2011-04-28 19:49:24',24,1);
INSERT INTO `ait_pub_article_content` VALUES (524,'CopyCol2','<p>\n	test</p>\n','2011-04-28 19:01:25',24,1);
INSERT INTO `ait_pub_article_content` VALUES (524,'CopyCol3','','2011-06-16 18:37:20',24,1);
INSERT INTO `ait_pub_article_content` VALUES (525,'aitsurewrite','; Rewriting\nrewrite.controller = Aitsu_Rewrite_Standard\nrewrite.uselang = true\nrewrite.omitfirst = true\nrewrite.modrewrite = true','2011-04-28 20:39:56',25,1);
INSERT INTO `ait_pub_article_content` VALUES (525,'CopyCol1','<p>\n	Sprechende URLs sind benutzer- und suchmaschinenfreundlich. F&uuml;r viele Content-Management-Systeme gibt es Plugins oder Erweiterungen, die ModRewrite f&uuml;r sprechende URLs nachtr&auml;glich einbauen. aitsu bietet sprechende URLs standardm&auml;&szlig;ig an.</p>\n<h3>\n	aitsu vergisst keine Internetadresse</h3>\n<p>\n	Da die Umschreibung der Internetadressen zu suchmaschinenfreundlichen, sprechenden Internetadresse eine der Kern-Funktionen von aitsu ist, kann aitsu hier ein Plus an Komfort bieten. Denn aitsu vergisst keine Internetadressen.</p>\n<p>\n	Mit der aitsu Rewrite-History wird jede Webseiten-Adresse, die jemals aufgerufen wurde, in der Datenbank gespeichert. &Auml;ndert sich nun die Internetadresse des Webseiten-Artikels, weil Sie diesen in eine andere Kategorie verschoben haben, leitet aitsu den Besucher auf die neue sprechende Internetadresse. Dabei erhalten Suchmaschinen zus&auml;tzlich den Error-Code 301, der dar&uuml;ber informiert, das die alte Internetadresse nicht mehr g&uuml;ltig ist.</p>\n<h3>\n	Zentrale Einstellung</h3>\n<p>\n	In <strong>application/configs/config.ini</strong> k&ouml;nnen Sie alle notwendigen Einstellungen an zentraler Stelle vornehmen. Hier k&ouml;nnen Sie auch Ihren eigenen RewriteController eintragen.</p>\n<div>\n	_[CodeIni:aitsurewrite]</div>\n','2011-04-28 20:41:45',25,1);
INSERT INTO `ait_pub_article_content` VALUES (526,'CopyCol1','<p>\n	Diese Seite zeigt Beispiele typischer Inhaltselemente und eignet sich sehr gut, um Layout und Stylesheet zu &uuml;berpr&uuml;fen.</p>\n<h2>\n	Typographic Settings</h2>\n<h3>\n	Heading Levels</h3>\n<h1>\n	H1 Heading</h1>\n<h2>\n	H2 Heading</h2>\n<h3>\n	H3 Heading</h3>\n<h4>\n	H4 Heading</h4>\n<h5>\n	H5 Heading</h5>\n<h6>\n	H6 Heading</h6>\n<hr />\n<h3>\n	Paragraphs</h3>\n<p>\n	This is a normal paragraph text. This is a normal paragraph text. This is a normal paragraph text. This is a normal paragraph text. This is a normal paragraph text. This is a normal paragraph text. This is a normal paragraph text. This is a normal paragraph text.</p>\n<p class=\"highlight\">\n	This is a paragraph text with class=&quot;highlight&quot;. This is a paragraph text with class=&quot;highlight&quot;. This is a paragraph text with class=&quot;highlight&quot;. This is a paragraph text with class=&quot;highlight&quot;. This is a paragraph text with class=&quot;highlight&quot;.</p>\n<p class=\"dimmed\">\n	This is a paragraph text with class=&quot;dimmed&quot;. This is a paragraph text with class=&quot;dimmed&quot;. This is a paragraph text with class=&quot;dimmed&quot;. This is a paragraph text with class=&quot;dimmed&quot;. This is a paragraph text with class=&quot;dimmed&quot;.</p>\n<p class=\"info\">\n	This is a paragraph text with class=&quot;info&quot;. This is a paragraph text with class=&quot;info&quot;. This is a paragraph text with class=&quot;info&quot;. This is a paragraph text with class=&quot;info&quot;. This is a paragraph text with class=&quot;info&quot;.</p>\n<p class=\"note\">\n	This is a paragraph text with class=&quot;note&quot;. This is a paragraph text with class=&quot;note&quot;. This is a paragraph text with class=&quot;note&quot;. This is a paragraph text with class=&quot;note&quot;. This is a paragraph text with class=&quot;note&quot;.</p>\n<p class=\"important\">\n	This is a paragraph text with class=&quot;important&quot;. This is a paragraph text with class=&quot;important&quot;. This is a paragraph text with class=&quot;important&quot;. This is a paragraph text with class=&quot;important&quot;. This is a paragraph text with class=&quot;important&quot;.</p>\n<p class=\"warning\">\n	This is a paragraph text with class=&quot;warning&quot;. This is a paragraph text with class=&quot;warning&quot;. This is a paragraph text with class=&quot;warning&quot;. This is a paragraph text with class=&quot;warning&quot;. This is a paragraph text with class=&quot;warning&quot;.</p>\n<hr />\n<h3>\n	Blockquotes</h3>\n<blockquote>\n	<p>\n		This is a paragraph text within a &lt;blockquote&gt; element. This is a paragraph text within a &lt;blockquote&gt; element. This is a paragraph text within a &lt;blockquote&gt; element. This is a paragraph text within a &lt;blockquote&gt; element.</p>\n</blockquote>\n<h3>\n	Preformatted Text</h3>\n<pre>\nThis is preformatted text, wrapped in a &lt;pre&gt; element. \nThis is preformatted text, wrapped in a &lt;pre&gt; element.</pre>\n<hr />\n<h3>\n	Inline Semantic Text Decoration</h3>\n<ul>\n	<li>\n		an <a href=\"#\">anchor</a> tag (&lt;a&gt;) example</li>\n	<li>\n		an <i>italics</i> and <em>emphasize</em> tag (&lt;i&gt;, &lt;em&gt;) example</li>\n	<li>\n		a <big>big</big> and <small>small</small> tag (&lt;big&gt;, &lt;small&gt;) example</li>\n	<li>\n		a <b>bold</b> and <strong>strong</strong> tag (&lt;b&gt;, &lt;strong&gt;) example</li>\n	<li>\n		an <acronym>acronym</acronym> and <abbr>abbreviation</abbr> tag (&lt;acronym&gt;, &lt;abbr&gt;) example</li>\n	<li>\n		a <cite>cite</cite> and <q>quote</q> tag (&lt;cite&gt;, &lt;q&gt; ) example</li>\n	<li>\n		a code und <dfn>definition</dfn> tag (&lt;code&gt;, &lt;dfn&gt;) example</li>\n	<li>\n		a <tt>teletype</tt> und <kbd>keyboard</kbd> tag (&lt;tt&gt;, &lt;kbd&gt;) example</li>\n	<li>\n		a <var>variable</var> and <samp>sample</samp> tag (&lt;var&gt;, &lt;samp&gt;) example</li>\n	<li>\n		an <ins>inserted</ins> and <del>deleted</del> tag (&lt;ins&gt;, &lt;del&gt;) example</li>\n	<li>\n		a <sub>subscript</sub> and <sup>superscript</sup> tag (&lt;sub&gt;, &lt;sup&gt;) example</li>\n</ul>\n<hr />\n<h3>\n	Unordered List</h3>\n<ul>\n	<li>\n		ut enim ad minim veniam</li>\n	<li>\n		occaecat cupidatat non proident\n		<ul>\n			<li>\n				facilisis semper</li>\n			<li>\n				quis ac wisi augue</li>\n			<li>\n				risus nec pretium</li>\n			<li>\n				fames scelerisque</li>\n		</ul>\n	</li>\n	<li>\n		nostrud exercitation ullamco</li>\n	<li>\n		labore et dolore magna aliqua</li>\n	<li>\n		aute irure dolor in reprehenderit in voluptate velit esse cillum dolore</li>\n</ul>\n<h3>\n	Ordered List</h3>\n<ol>\n	<li>\n		ut enim ad minim veniam\n		<ol>\n			<li>\n				facilisis semper</li>\n			<li>\n				quis ac wisi augue</li>\n			<li>\n				risus nec pretium</li>\n			<li>\n				fames scelerisque</li>\n		</ol>\n	</li>\n	<li>\n		occaecat cupidatat non proident</li>\n	<li>\n		nostrud exercitation ullamco</li>\n	<li>\n		labore et dolore magna aliqua</li>\n	<li>\n		aute irure dolor in reprehenderit in voluptate velit esse cillum dolore</li>\n</ol>\n<h3>\n	Definition List</h3>\n<dl>\n	<dt>\n		A definition list &mdash; this is &lt;dt&gt;</dt>\n	<dd>\n		A definition list &mdash; this is &lt;dd&gt; element. A definition list &mdash; this is &lt;dd&gt; element. A definition list &mdash; this is &lt;dd&gt; element. A definition list &mdash; this is &lt;dd&gt; element.</dd>\n	<dt>\n		A definition list &mdash; this is &lt;dt&gt;</dt>\n	<dd>\n		A definition list &mdash; this is &lt;dd&gt; element. A definition list &mdash; this is &lt;dd&gt; element. A definition list &mdash; this is &lt;dd&gt; element. A definition list &mdash; this is &lt;dd&gt; element.</dd>\n	<dt>\n		A definition list &mdash; this is &lt;dt&gt;</dt>\n	<dd>\n		A definition list &mdash; this is &lt;dd&gt; element. A definition list &mdash; this is &lt;dd&gt; element. A definition list &mdash; this is &lt;dd&gt; element. A definition list &mdash; this is &lt;dd&gt; element.</dd>\n</dl>\n<hr />\n<h3>\n	Text &amp; Images</h3>\n<div class=\"floatbox\">\n	<p>\n		_[TagImg:1] Lorem ipsum dolor sit amet, consetetur sadipscing elitr, sed diam nonumy eirmod tempor invidunt ut labore et dolore magna aliquyam erat, sed diam voluptua. At vero eos et accusam et justo duo dolores et ea rebum. Stet clita kasd gubergren, no sea takimata sanctus est Lorem ipsum dolor sit amet. Lorem ipsum dolor sit amet, consetetur sadipscing elitr, sed diam nonumy eirmod tempor invidunt ut labore et dolore magna aliquyam erat, sed diam voluptua. At vero eos et accusam et justo duo dolores et ea rebum.</p>\n	<p>\n		Duis autem vel eum iriure dolor in hendrerit in vulputate velit esse molestie consequat, vel illum dolore eu feugiat nulla facilisis at vero eros et accumsan et iusto odio dignissim qui blandit praesent luptatum zzril delenit augue duis dolore te feugait nulla facilisi. Lorem ipsum dolor sit amet, consectetuer adipiscing elit, sed diam nonummy nibh euismod tincidunt ut laoreet dolore magna aliquam erat volutpat.</p>\n</div>\n<hr />\n<div class=\"floatbox\">\n	<p>\n		_[TagImg:2] Lorem ipsum dolor sit amet, consetetur sadipscing elitr, sed diam nonumy eirmod tempor invidunt ut labore et dolore magna aliquyam erat, sed diam voluptua. At vero eos et accusam et justo duo dolores et ea rebum. Stet clita kasd gubergren, no sea takimata sanctus est Lorem ipsum dolor sit amet. Lorem ipsum dolor sit amet, consetetur sadipscing elitr, sed diam nonumy eirmod tempor invidunt ut labore et dolore magna aliquyam erat, sed diam voluptua. At vero eos et accusam et justo duo dolores et ea rebum.</p>\n	<p>\n		Duis autem vel eum iriure dolor in hendrerit in vulputate velit esse molestie consequat, vel illum dolore eu feugiat nulla facilisis at vero eros et accumsan et iusto odio dignissim qui blandit praesent luptatum zzril delenit augue duis dolore te feugait nulla facilisi. Lorem ipsum dolor sit amet, consectetuer adipiscing elit, sed diam nonummy nibh euismod tincidunt ut laoreet dolore magna aliquam erat volutpat.</p>\n</div>\n<hr />\n<p>\n	Lorem ipsum dolor sit amet, consetetur sadipscing elitr, sed diam nonumy eirmod tempor invidunt ut labore et dolore magna aliquyam erat, sed diam voluptua. At vero eos et accusam et justo duo dolores et ea rebum. Stet clita kasd gubergren, no sea takimata sanctus est Lorem ipsum dolor sit amet.</p>\n<p>\n	_[TagImg:3]</p>\n<p>\n	Lorem ipsum dolor sit amet, consetetur sadipscing elitr, sed diam nonumy eirmod tempor invidunt ut labore et dolore magna aliquyam erat, sed diam voluptua. At vero eos et accusam et justo duo dolores et ea rebum.</p>\n<hr />\n<h3>\n	Text &amp; Images with Captions</h3>\n<div class=\"floatbox\">\n	<div>\n		_[TagImg:4]</div>\n	<p>\n		Lorem ipsum dolor sit amet, consetetur sadipscing elitr, sed diam nonumy eirmod tempor invidunt ut labore et dolore magna aliquyam erat, sed diam voluptua. At vero eos et accusam et justo duo dolores et ea rebum. Stet clita kasd gubergren, no sea takimata sanctus est Lorem ipsum dolor sit amet.</p>\n	<p>\n		Duis autem vel eum iriure dolor in hendrerit in vulputate velit esse molestie consequat, vel illum dolore eu feugiat nulla facilisis at vero eros et accumsan et iusto odio dignissim qui blandit praesent luptatum zzril delenit augue duis dolore te feugait nulla facilisi. Lorem ipsum dolor sit amet, consectetuer adipiscing elit, sed diam nonummy nibh euismod tincidunt ut laoreet dolore magna aliquam erat volutpat.</p>\n	<p>\n		Ut wisi enim ad minim veniam, quis nostrud exerci tation ullamcorper suscipit lobortis nisl ut aliquip ex ea commodo consequat. Duis autem vel eum iriure dolor in hendrerit in vulputate velit esse molestie consequat, vel illum dolore eu feugiat nulla facilisis at vero eros et accumsan et iusto odio dignissim qui blandit praesent luptatum zzril delenit augue duis dolore te feugait nulla facilisi.</p>\n</div>\n<hr />\n<div class=\"floatbox\">\n	<div>\n		_[TagImg:5]</div>\n	<p>\n		Lorem ipsum dolor sit amet, consetetur sadipscing elitr, sed diam nonumy eirmod tempor invidunt ut labore et dolore magna aliquyam erat, sed diam voluptua. At vero eos et accusam et justo duo dolores et ea rebum. Stet clita kasd gubergren, no sea takimata sanctus est Lorem ipsum dolor sit amet.</p>\n	<p>\n		Stet clita kasd gubergren, no sea takimata sanctus est Lorem ipsum dolor sit amet. Lorem ipsum dolor sit amet, consetetur sadipscing elitr, sed diam nonumy eirmod tempor invidunt ut labore et dolore magna aliquyam erat, sed diam voluptua. Duis autem vel eum iriure dolor in hendrerit in vulputate velit esse molestie consequat, vel illum dolore eu feugiat nulla facilisis at vero eros et accumsan et iusto odio dignissim qui blandit praesent luptatum zzril delenit augue duis dolore te feugait nulla facilisi. Lorem ipsum dolor sit amet, consectetuer adipiscing elit, sed diam nonummy nibh euismod tincidunt ut laoreet dolore magna aliquam erat volutpat. At vero eos et accusam et justo duo dolores et ea rebum. Stet clita kasd gubergren, no sea takimata sanctus est Lorem ipsum dolor sit amet.</p>\n	<p>\n		Ut wisi enim ad minim veniam, quis nostrud exerci tation ullamcorper suscipit lobortis nisl ut aliquip ex ea commodo consequat. Duis autem vel eum iriure dolor in hendrerit in vulputate velit esse molestie consequat, vel illum dolore eu feugiat nulla facilisis at vero eros et accumsan et iusto odio dignissim qui blandit praesent luptatum zzril delenit augue duis dolore te feugait nulla facilisi.</p>\n</div>\n<hr />\n<h3>\n	Tables</h3>\n<table border=\"0\" cellpadding=\"0\" cellspacing=\"0\">\n	<caption>\n		table 1: this is a simple table with caption</caption>\n	<thead>\n		<tr>\n			<th colspan=\"3\" scope=\"col\">\n				table heading</th>\n		</tr>\n	</thead>\n	<tbody>\n		<tr>\n			<th scope=\"col\">\n				column 1</th>\n			<th scope=\"col\">\n				column 2</th>\n			<th scope=\"col\">\n				column 3</th>\n		</tr>\n		<tr>\n			<th scope=\"row\">\n				subhead 1</th>\n			<td>\n				dummy content</td>\n			<td>\n				dummy content</td>\n		</tr>\n		<tr>\n			<th scope=\"row\">\n				subhead 2</th>\n			<td>\n				dummy content</td>\n			<td>\n				dummy content</td>\n		</tr>\n		<tr>\n			<th class=\"sub\" scope=\"row\">\n				subhead 3</th>\n			<td>\n				dummy content</td>\n			<td>\n				dummy content</td>\n		</tr>\n	</tbody>\n</table>\n<p>\n	&nbsp;</p>\n<table border=\"0\" cellpadding=\"0\" cellspacing=\"0\" class=\"full\">\n	<caption>\n		table 2: this is a table with class=&quot;full&quot;</caption>\n	<thead>\n		<tr>\n			<th colspan=\"3\" scope=\"col\">\n				table heading</th>\n		</tr>\n	</thead>\n	<tbody>\n		<tr>\n			<th scope=\"col\">\n				column 1</th>\n			<th scope=\"col\">\n				column 2</th>\n			<th scope=\"col\">\n				column 3</th>\n		</tr>\n		<tr>\n			<th class=\"sub\" scope=\"row\">\n				subhead 1</th>\n			<td>\n				dummy content</td>\n			<td>\n				dummy content</td>\n		</tr>\n		<tr>\n			<th class=\"sub\" scope=\"row\">\n				subhead 2</th>\n			<td>\n				dummy content</td>\n			<td>\n				dummy content</td>\n		</tr>\n		<tr>\n			<th class=\"sub\" scope=\"row\">\n				subhead 3</th>\n			<td>\n				dummy content</td>\n			<td>\n				dummy content</td>\n		</tr>\n	</tbody>\n</table>\n<br />\n','2011-05-26 18:27:29',26,1);
INSERT INTO `ait_pub_article_content` VALUES (527,'CopyCol1','<p>\n	Bei ordnungsgem&auml;&szlig;iger Eingabe wird eine E-Mail gesendet und eine Weiterleitung zur Danke-Seite erfolgt.</p>\n<div>\n	_[Contact:Contact|template=yaml|firstname=true|lastname=false]</div>\n','2011-06-06 22:28:31',27,1);
INSERT INTO `ait_pub_article_content` VALUES (529,'CopyCol1','<div>\n	_[GalleryGrouped:GalleryGrouped]</div>\n','2011-05-31 00:21:37',29,1);
INSERT INTO `ait_pub_article_content` VALUES (531,'CopyCol1','<p>\n	Die Men&uuml;s in aitsu <strong>CMS</strong> sind im Wesentlichen in drei Bereiche aufgeteilt:</p>\n<ul>\n	<li>\n		<strong>C</strong>ontent</li>\n	<li>\n		<strong>M</strong>anagement</li>\n	<li>\n		<strong>S</strong>ystem</li>\n</ul>\n<h3>\n	Content</h3>\n<p>\n	Unter Content verwalten Sie Ihre Inhalte wie Kategorien, Artikel und Medien.</p>\n<h3>\n	Management</h3>\n<p>\n	Hier finden Sie alles, was zum Verwalten von aitsu ben&ouml;tigen.</p>\n<h3>\n	System</h3>\n<p>\n	Hier finden Sie systemrelevante Funktionen und Plugins.</p>\n','2011-06-16 18:35:33',30,1);
CREATE TABLE `ait_rating` (  `idartlang` int(10) unsigned NOT NULL,  `rating` float NOT NULL,  `votes` int(11) NOT NULL DEFAULT '1',  PRIMARY KEY (`idartlang`),  KEY `rating` (`rating`),  CONSTRAINT `ait_rating_ibfk_1` FOREIGN KEY (`idartlang`) REFERENCES `ait_art_lang` (`idartlang`) ON DELETE CASCADE) ENGINE=InnoDB DEFAULT CHARSET=utf8;
CREATE TABLE `ait_ratings` (  `idartlang` int(10) unsigned NOT NULL,  `rated` timestamp NOT NULL DEFAULT CURRENT_TIMESTAMP ON UPDATE CURRENT_TIMESTAMP,  `ip` varchar(20) NOT NULL,  `rate` float NOT NULL,  PRIMARY KEY (`idartlang`,`ip`),  CONSTRAINT `ait_ratings_ibfk_1` FOREIGN KEY (`idartlang`) REFERENCES `ait_art_lang` (`idartlang`) ON DELETE CASCADE) ENGINE=InnoDB DEFAULT CHARSET=utf8;
CREATE TABLE `ait_revision` (  `revisionid` int(10) unsigned NOT NULL AUTO_INCREMENT,  `userid` int(10) unsigned DEFAULT NULL,  `revtime` timestamp NOT NULL DEFAULT CURRENT_TIMESTAMP,  PRIMARY KEY (`revisionid`),  KEY `userid` (`userid`),  CONSTRAINT `ait_revision_ibfk_1` FOREIGN KEY (`userid`) REFERENCES `ait_acl_user` (`userid`) ON DELETE SET NULL) ENGINE=InnoDB DEFAULT CHARSET=utf8;
CREATE TABLE `ait_revision_art_lang` (  `revisionid` int(10) unsigned NOT NULL,  `revisionhash` binary(16) NOT NULL,  `idartlang` int(10) unsigned NOT NULL,  `title` varchar(255) NOT NULL,  `urlname` varchar(255) NOT NULL,  `pagetitle` varchar(255) NOT NULL,  `teasertitle` varchar(255) NOT NULL,  `summary` text,  `online` tinyint(1) NOT NULL DEFAULT '0',  `pubfrom` timestamp NULL DEFAULT NULL,  `pubuntil` timestamp NULL DEFAULT NULL,  `published` tinyint(3) unsigned DEFAULT NULL,  `redirect` tinyint(4) NOT NULL DEFAULT '0',  `redirect_url` varchar(255) DEFAULT NULL,  `configsetid` int(10) unsigned DEFAULT NULL,  `config` text,  KEY `configsetid` (`configsetid`),  KEY `idartlang` (`idartlang`),  KEY `revisionid` (`revisionid`),  KEY `revisionhash` (`revisionhash`),  CONSTRAINT `ait_revision_art_lang_ibfk_1` FOREIGN KEY (`revisionid`) REFERENCES `ait_revision` (`revisionid`) ON DELETE CASCADE,  CONSTRAINT `ait_revision_art_lang_ibfk_2` FOREIGN KEY (`idartlang`) REFERENCES `ait_art_lang` (`idartlang`) ON DELETE CASCADE,  CONSTRAINT `ait_revision_art_lang_ibfk_5` FOREIGN KEY (`configsetid`) REFERENCES `ait_configset` (`configsetid`) ON DELETE SET NULL) ENGINE=InnoDB DEFAULT CHARSET=utf8;
CREATE TABLE `ait_revision_content` (  `revisionid` int(10) unsigned NOT NULL,  `revisionhash` binary(16) NOT NULL,  `idartlang` int(10) unsigned NOT NULL,  `index` varchar(20) NOT NULL,  `value` longtext NOT NULL,  PRIMARY KEY (`idartlang`,`index`,`revisionid`),  KEY `revisionid` (`revisionid`),  KEY `revisionhash` (`revisionhash`),  CONSTRAINT `ait_revision_content_ibfk_1` FOREIGN KEY (`revisionid`) REFERENCES `ait_revision` (`revisionid`) ON DELETE CASCADE,  CONSTRAINT `ait_revision_content_ibfk_2` FOREIGN KEY (`idartlang`) REFERENCES `ait_art_lang` (`idartlang`) ON DELETE CASCADE) ENGINE=InnoDB DEFAULT CHARSET=utf8;
CREATE TABLE `ait_revision_property` (  `revisionid` int(10) unsigned NOT NULL,  `revisionhash` binary(16) NOT NULL,  `propertyid` int(10) unsigned NOT NULL,  `idartlang` int(10) unsigned NOT NULL,  `textvalue` text,  `floatvalue` double DEFAULT NULL,  `datevalue` datetime DEFAULT NULL,  PRIMARY KEY (`propertyid`,`idartlang`,`revisionid`),  KEY `revisionid` (`revisionid`),  KEY `idartlang` (`idartlang`),  KEY `revisionhash` (`revisionhash`),  CONSTRAINT `ait_revision_property_ibfk_1` FOREIGN KEY (`revisionid`) REFERENCES `ait_revision` (`revisionid`) ON DELETE CASCADE,  CONSTRAINT `ait_revision_property_ibfk_2` FOREIGN KEY (`propertyid`) REFERENCES `ait_aitsu_property` (`propertyid`) ON DELETE CASCADE,  CONSTRAINT `ait_revision_property_ibfk_3` FOREIGN KEY (`idartlang`) REFERENCES `ait_art_lang` (`idartlang`) ON DELETE CASCADE) ENGINE=InnoDB DEFAULT CHARSET=utf8;
CREATE TABLE `ait_syndication_resource` (  `sourceid` int(10) unsigned NOT NULL,  `sourceidartlang` int(10) unsigned NOT NULL,  `name` varchar(255) DEFAULT NULL,  `content` longtext NOT NULL,  `loaded` timestamp NOT NULL DEFAULT CURRENT_TIMESTAMP ON UPDATE CURRENT_TIMESTAMP,  PRIMARY KEY (`sourceid`,`sourceidartlang`),  CONSTRAINT `ait_syndication_resource_ibfk_1` FOREIGN KEY (`sourceid`) REFERENCES `ait_syndication_source` (`sourceid`) ON DELETE CASCADE) ENGINE=InnoDB DEFAULT CHARSET=utf8;
CREATE TABLE `ait_syndication_resource_art` (  `idartlang` int(10) unsigned NOT NULL,  `sourceid` int(10) unsigned NOT NULL,  `sourceidartlang` int(10) unsigned NOT NULL,  PRIMARY KEY (`idartlang`,`sourceid`,`sourceidartlang`),  KEY `sourceid` (`sourceid`),  CONSTRAINT `ait_syndication_resource_art_ibfk_1` FOREIGN KEY (`idartlang`) REFERENCES `ait_art_lang` (`idartlang`) ON DELETE CASCADE,  CONSTRAINT `ait_syndication_resource_art_ibfk_2` FOREIGN KEY (`sourceid`) REFERENCES `ait_syndication_source` (`sourceid`) ON DELETE CASCADE) ENGINE=InnoDB DEFAULT CHARSET=utf8;
CREATE TABLE `ait_syndication_source` (  `sourceid` int(10) unsigned NOT NULL AUTO_INCREMENT,  `idclient` int(10) unsigned NOT NULL,  `url` varchar(255) NOT NULL,  `userid` varchar(255) NOT NULL,  `secret` varchar(255) NOT NULL,  PRIMARY KEY (`sourceid`),  KEY `idclient` (`idclient`),  CONSTRAINT `ait_syndication_source_ibfk_1` FOREIGN KEY (`idclient`) REFERENCES `ait_clients` (`idclient`) ON DELETE CASCADE) ENGINE=InnoDB DEFAULT CHARSET=utf8;
CREATE TABLE `ait_tag` (  `tagid` int(10) unsigned NOT NULL AUTO_INCREMENT,  `tag` varchar(255) NOT NULL,  PRIMARY KEY (`tagid`),  UNIQUE KEY `tag` (`tag`)) ENGINE=InnoDB DEFAULT CHARSET=utf8;
CREATE TABLE `ait_tag_art` (  `idart` int(10) unsigned NOT NULL,  `tagid` int(10) unsigned NOT NULL,  `val` varchar(255) DEFAULT NULL,  PRIMARY KEY (`idart`,`tagid`),  KEY `tagid` (`tagid`),  CONSTRAINT `ait_tag_art_ibfk_1` FOREIGN KEY (`idart`) REFERENCES `ait_art` (`idart`) ON DELETE CASCADE,  CONSTRAINT `ait_tag_art_ibfk_2` FOREIGN KEY (`tagid`) REFERENCES `ait_tag` (`tagid`) ON DELETE CASCADE) ENGINE=InnoDB DEFAULT CHARSET=utf8;
CREATE TABLE `ait_todo` (  `todoid` int(10) unsigned NOT NULL AUTO_INCREMENT,  `idartlang` int(10) unsigned NOT NULL,  `userid` int(10) unsigned NOT NULL,  `status` tinyint(4) NOT NULL DEFAULT '0',  `title` varchar(255) NOT NULL,  `description` text NOT NULL,  `duedate` datetime DEFAULT NULL,  `modified` timestamp NOT NULL DEFAULT CURRENT_TIMESTAMP ON UPDATE CURRENT_TIMESTAMP,  PRIMARY KEY (`todoid`),  KEY `idartlang` (`idartlang`)) ENGINE=InnoDB DEFAULT CHARSET=utf8;
CREATE TABLE `ait_tracking_customer` (  `customerid` int(10) unsigned NOT NULL AUTO_INCREMENT,  `identifier` varchar(255) NOT NULL,  `active` tinyint(4) NOT NULL DEFAULT '1',  PRIMARY KEY (`customerid`)) ENGINE=InnoDB DEFAULT CHARSET=utf8;
CREATE TABLE `ait_tracking_project` (  `projectid` int(10) unsigned NOT NULL AUTO_INCREMENT,  `customerid` int(10) unsigned NOT NULL,  `identifier` varchar(255) NOT NULL,  `startdate` date NOT NULL,  `enddate` date DEFAULT NULL,  PRIMARY KEY (`projectid`),  KEY `customerid` (`customerid`),  CONSTRAINT `ait_tracking_project_ibfk_1` FOREIGN KEY (`customerid`) REFERENCES `ait_tracking_customer` (`customerid`) ON DELETE CASCADE) ENGINE=InnoDB DEFAULT CHARSET=ucs2;
CREATE TABLE `ait_tracking_track` (  `trackid` int(10) unsigned NOT NULL AUTO_INCREMENT,  `projectid` int(10) unsigned NOT NULL,  `typeid` int(10) unsigned DEFAULT NULL,  `userid` int(10) unsigned NOT NULL,  `title` varchar(255) NOT NULL,  `description` text NOT NULL,  `closed` timestamp NULL DEFAULT NULL,  PRIMARY KEY (`trackid`),  KEY `projectid` (`projectid`),  KEY `typeid` (`typeid`),  KEY `userid` (`userid`),  CONSTRAINT `ait_tracking_track_ibfk_1` FOREIGN KEY (`projectid`) REFERENCES `ait_tracking_project` (`projectid`) ON DELETE CASCADE,  CONSTRAINT `ait_tracking_track_ibfk_2` FOREIGN KEY (`userid`) REFERENCES `ait_acl_user` (`userid`) ON DELETE CASCADE,  CONSTRAINT `ait_tracking_track_ibfk_3` FOREIGN KEY (`typeid`) REFERENCES `ait_tracking_type` (`typeid`) ON DELETE SET NULL) ENGINE=InnoDB DEFAULT CHARSET=utf8;
CREATE TABLE `ait_tracking_type` (  `typeid` int(10) unsigned NOT NULL AUTO_INCREMENT,  `identifier` varchar(255) NOT NULL,  PRIMARY KEY (`typeid`)) ENGINE=InnoDB DEFAULT CHARSET=utf8;
CREATE TABLE `ait_translate` (  `translationid` int(10) unsigned NOT NULL AUTO_INCREMENT,  `idlang` int(10) unsigned NOT NULL,  `tkey` text NOT NULL,  `tvalue` text,  `obsolete` datetime DEFAULT NULL,  PRIMARY KEY (`translationid`),  KEY `idlang` (`idlang`),  CONSTRAINT `ait_translate_ibfk_1` FOREIGN KEY (`idlang`) REFERENCES `ait_lang` (`idlang`) ON DELETE CASCADE) ENGINE=InnoDB DEFAULT CHARSET=utf8;
drop view if exists `ait_pubv_article_content`;
CREATE VIEW `ait_pubv_article_content` AS select `ait_pub_article_content`.`idartlang` AS `idartlang`,`ait_pub_article_content`.`index` AS `index`,`ait_pub_article_content`.`value` AS `value`,`ait_pub_article_content`.`modified` AS `modified`,`ait_pub_article_content`.`pubid` AS `pubid`,`ait_pub_article_content`.`status` AS `status` from `ait_pub_article_content` where (`ait_pub_article_content`.`status` = 1);
drop view if exists `ait_pubv_art_lang`;
CREATE VIEW `ait_pubv_art_lang` AS select `ait_pub_art_lang`.`idartlang` AS `idartlang`,`ait_pub_art_lang`.`idart` AS `idart`,`ait_pub_art_lang`.`idlang` AS `idlang`,`ait_pub_art_lang`.`title` AS `title`,`ait_pub_art_lang`.`urlname` AS `urlname`,`ait_pub_art_lang`.`pagetitle` AS `pagetitle`,`ait_pub_art_lang`.`teasertitle` AS `teasertitle`,`ait_pub_art_lang`.`summary` AS `summary`,`ait_pub_art_lang`.`created` AS `created`,`ait_pub_art_lang`.`lastmodified` AS `lastmodified`,`ait_pub_art_lang`.`online` AS `online`,`ait_pub_art_lang`.`pubfrom` AS `pubfrom`,`ait_pub_art_lang`.`pubuntil` AS `pubuntil`,`ait_pub_art_lang`.`published` AS `published`,`ait_pub_art_lang`.`redirect` AS `redirect`,`ait_pub_art_lang`.`redirect_url` AS `redirect_url`,`ait_pub_art_lang`.`artsort` AS `artsort`,`ait_pub_art_lang`.`locked` AS `locked`,`ait_pub_art_lang`.`configsetid` AS `configsetid`,`ait_pub_art_lang`.`config` AS `config`,`ait_pub_art_lang`.`pubid` AS `pubid`,`ait_pub_art_lang`.`status` AS `status`,`ait_pub_art_lang`.`mainimage` AS `mainimage` from `ait_pub_art_lang` where (`ait_pub_art_lang`.`status` = 1);
drop view if exists `ait_pubv_art_meta`;
CREATE VIEW `ait_pubv_art_meta` AS select `ait_pub_art_meta`.`idartlang` AS `idartlang`,`ait_pub_art_meta`.`description` AS `description`,`ait_pub_art_meta`.`author` AS `author`,`ait_pub_art_meta`.`keywords` AS `keywords`,`ait_pub_art_meta`.`date` AS `date`,`ait_pub_art_meta`.`expires` AS `expires`,`ait_pub_art_meta`.`robots` AS `robots`,`ait_pub_art_meta`.`dctitle` AS `dctitle`,`ait_pub_art_meta`.`dccreator` AS `dccreator`,`ait_pub_art_meta`.`dcsubject` AS `dcsubject`,`ait_pub_art_meta`.`dcpublisher` AS `dcpublisher`,`ait_pub_art_meta`.`dccontributor` AS `dccontributor`,`ait_pub_art_meta`.`dcdate` AS `dcdate`,`ait_pub_art_meta`.`dctype` AS `dctype`,`ait_pub_art_meta`.`dcformat` AS `dcformat`,`ait_pub_art_meta`.`dcidentifier` AS `dcidentifier`,`ait_pub_art_meta`.`dcsource` AS `dcsource`,`ait_pub_art_meta`.`dclanguage` AS `dclanguage`,`ait_pub_art_meta`.`dcrelation` AS `dcrelation`,`ait_pub_art_meta`.`cdcoverage` AS `cdcoverage`,`ait_pub_art_meta`.`dcrights` AS `dcrights`,`ait_pub_art_meta`.`pubid` AS `pubid`,`ait_pub_art_meta`.`status` AS `status` from `ait_pub_art_meta` where (`ait_pub_art_meta`.`status` = 1);
drop view if exists `ait_pubv_aitsu_article_property`;
CREATE VIEW `ait_pubv_aitsu_article_property` AS select `ait_pub_aitsu_article_property`.`propertyid` AS `propertyid`,`ait_pub_aitsu_article_property`.`idartlang` AS `idartlang`,`ait_pub_aitsu_article_property`.`textvalue` AS `textvalue`,`ait_pub_aitsu_article_property`.`floatvalue` AS `floatvalue`,`ait_pub_aitsu_article_property`.`datevalue` AS `datevalue`,`ait_pub_aitsu_article_property`.`pubid` AS `pubid`,`ait_pub_aitsu_article_property`.`status` AS `status` from `ait_pub_aitsu_article_property` where (`ait_pub_aitsu_article_property`.`status` = 1);