CREATE TABLE `ait_acl_clients` (  `idclient` int(10) unsigned NOT NULL,  `roleid` int(10) unsigned NOT NULL,  PRIMARY KEY (`idclient`,`roleid`),  KEY `roleid` (`roleid`),  CONSTRAINT `ait_acl_clients_ibfk_1` FOREIGN KEY (`idclient`) REFERENCES `ait_clients` (`idclient`) ON DELETE CASCADE,  CONSTRAINT `ait_acl_clients_ibfk_2` FOREIGN KEY (`roleid`) REFERENCES `ait_acl_role` (`roleid`) ON DELETE CASCADE) ENGINE=InnoDB DEFAULT CHARSET=utf8;
INSERT INTO `ait_acl_clients` VALUES (1,18);
INSERT INTO `ait_acl_clients` VALUES (1,21);
CREATE TABLE `ait_acl_languages` (  `roleid` int(10) unsigned NOT NULL,  `idlang` int(10) unsigned NOT NULL,  PRIMARY KEY (`roleid`,`idlang`),  KEY `idlang` (`idlang`),  CONSTRAINT `ait_acl_languages_ibfk_1` FOREIGN KEY (`roleid`) REFERENCES `ait_acl_role` (`roleid`) ON DELETE CASCADE,  CONSTRAINT `ait_acl_languages_ibfk_2` FOREIGN KEY (`idlang`) REFERENCES `ait_lang` (`idlang`) ON DELETE CASCADE) ENGINE=InnoDB DEFAULT CHARSET=utf8;
INSERT INTO `ait_acl_languages` VALUES (18,1);
INSERT INTO `ait_acl_languages` VALUES (21,1);
CREATE TABLE `ait_acl_privilege` (  `privilegeid` int(10) unsigned NOT NULL AUTO_INCREMENT,  `identifier` varchar(255) NOT NULL,  PRIMARY KEY (`privilegeid`),  UNIQUE KEY `identifier` (`identifier`)) ENGINE=InnoDB AUTO_INCREMENT=96 DEFAULT CHARSET=utf8;
INSERT INTO `ait_acl_privilege` VALUES (54,'article: delete');
INSERT INTO `ait_acl_privilege` VALUES (51,'article: insert');
INSERT INTO `ait_acl_privilege` VALUES (53,'article: move');
INSERT INTO `ait_acl_privilege` VALUES (58,'article: publish');
INSERT INTO `ait_acl_privilege` VALUES (57,'article: set offline');
INSERT INTO `ait_acl_privilege` VALUES (56,'article: set online');
INSERT INTO `ait_acl_privilege` VALUES (63,'article: unpublish');
INSERT INTO `ait_acl_privilege` VALUES (52,'article: update');
INSERT INTO `ait_acl_privilege` VALUES (49,'category: delete');
INSERT INTO `ait_acl_privilege` VALUES (48,'category: insert');
INSERT INTO `ait_acl_privilege` VALUES (50,'category: move');
INSERT INTO `ait_acl_privilege` VALUES (59,'category: publish');
INSERT INTO `ait_acl_privilege` VALUES (61,'category: set offline');
INSERT INTO `ait_acl_privilege` VALUES (60,'category: set online');
INSERT INTO `ait_acl_privilege` VALUES (62,'category: unpublish');
INSERT INTO `ait_acl_privilege` VALUES (47,'category: update');
INSERT INTO `ait_acl_privilege` VALUES (70,'client: crud');
INSERT INTO `ait_acl_privilege` VALUES (87,'config: crud');
INSERT INTO `ait_acl_privilege` VALUES (91,'data.table._aitsu_article_property: crud');
INSERT INTO `ait_acl_privilege` VALUES (92,'data.table._aitsu_property: crud');
INSERT INTO `ait_acl_privilege` VALUES (93,'data.table._art_lang: crud');
INSERT INTO `ait_acl_privilege` VALUES (94,'data.table._cat_lang: crud');
INSERT INTO `ait_acl_privilege` VALUES (88,'dates: crud');
INSERT INTO `ait_acl_privilege` VALUES (89,'frontend: view');
INSERT INTO `ait_acl_privilege` VALUES (68,'management: view');
INSERT INTO `ait_acl_privilege` VALUES (71,'mapping: crud');
INSERT INTO `ait_acl_privilege` VALUES (85,'plugin.data');
INSERT INTO `ait_acl_privilege` VALUES (90,'plugin.data.freehand');
INSERT INTO `ait_acl_privilege` VALUES (86,'plugin.data.tags');
INSERT INTO `ait_acl_privilege` VALUES (75,'plugin.layout');
INSERT INTO `ait_acl_privilege` VALUES (79,'plugin.layout.skin');
INSERT INTO `ait_acl_privilege` VALUES (76,'plugin.system');
INSERT INTO `ait_acl_privilege` VALUES (80,'plugin.system.logs');
INSERT INTO `ait_acl_privilege` VALUES (81,'plugin.system.modules');
INSERT INTO `ait_acl_privilege` VALUES (77,'plugin.utilities');
INSERT INTO `ait_acl_privilege` VALUES (84,'plugin.utilities.tracking');
INSERT INTO `ait_acl_privilege` VALUES (82,'plugin.utilities.uuid');
INSERT INTO `ait_acl_privilege` VALUES (78,'plugin.visitordata');
INSERT INTO `ait_acl_privilege` VALUES (83,'plugin.visitordata.comments');
INSERT INTO `ait_acl_privilege` VALUES (67,'plugins: view');
INSERT INTO `ait_acl_privilege` VALUES (66,'script:execute');
INSERT INTO `ait_acl_privilege` VALUES (95,'syndication: crud');
INSERT INTO `ait_acl_privilege` VALUES (72,'translation: edit');
INSERT INTO `ait_acl_privilege` VALUES (74,'translation: export');
INSERT INTO `ait_acl_privilege` VALUES (73,'translation: import');
INSERT INTO `ait_acl_privilege` VALUES (69,'usermanagement: crud');
INSERT INTO `ait_acl_privilege` VALUES (65,'userprofile: change login');
INSERT INTO `ait_acl_privilege` VALUES (64,'userprofile: change password');
CREATE TABLE `ait_acl_privileges` (  `roleid` int(10) unsigned NOT NULL,  `privilegeid` int(10) unsigned NOT NULL,  PRIMARY KEY (`roleid`,`privilegeid`),  KEY `privilegeid` (`privilegeid`),  CONSTRAINT `ait_acl_privileges_ibfk_1` FOREIGN KEY (`roleid`) REFERENCES `ait_acl_role` (`roleid`) ON DELETE CASCADE,  CONSTRAINT `ait_acl_privileges_ibfk_2` FOREIGN KEY (`privilegeid`) REFERENCES `ait_acl_privilege` (`privilegeid`) ON DELETE CASCADE) ENGINE=InnoDB DEFAULT CHARSET=utf8;
INSERT INTO `ait_acl_privileges` VALUES (18,47);
INSERT INTO `ait_acl_privileges` VALUES (18,48);
INSERT INTO `ait_acl_privileges` VALUES (18,49);
INSERT INTO `ait_acl_privileges` VALUES (20,49);
INSERT INTO `ait_acl_privileges` VALUES (18,50);
INSERT INTO `ait_acl_privileges` VALUES (20,50);
INSERT INTO `ait_acl_privileges` VALUES (18,51);
INSERT INTO `ait_acl_privileges` VALUES (19,51);
INSERT INTO `ait_acl_privileges` VALUES (18,52);
INSERT INTO `ait_acl_privileges` VALUES (18,53);
INSERT INTO `ait_acl_privileges` VALUES (19,53);
INSERT INTO `ait_acl_privileges` VALUES (18,54);
INSERT INTO `ait_acl_privileges` VALUES (19,54);
INSERT INTO `ait_acl_privileges` VALUES (18,56);
INSERT INTO `ait_acl_privileges` VALUES (19,56);
INSERT INTO `ait_acl_privileges` VALUES (18,57);
INSERT INTO `ait_acl_privileges` VALUES (19,57);
INSERT INTO `ait_acl_privileges` VALUES (20,57);
INSERT INTO `ait_acl_privileges` VALUES (18,58);
INSERT INTO `ait_acl_privileges` VALUES (19,58);
INSERT INTO `ait_acl_privileges` VALUES (18,59);
INSERT INTO `ait_acl_privileges` VALUES (18,60);
INSERT INTO `ait_acl_privileges` VALUES (18,61);
INSERT INTO `ait_acl_privileges` VALUES (20,61);
INSERT INTO `ait_acl_privileges` VALUES (18,62);
INSERT INTO `ait_acl_privileges` VALUES (20,62);
INSERT INTO `ait_acl_privileges` VALUES (18,63);
INSERT INTO `ait_acl_privileges` VALUES (20,63);
INSERT INTO `ait_acl_privileges` VALUES (18,64);
INSERT INTO `ait_acl_privileges` VALUES (18,65);
INSERT INTO `ait_acl_privileges` VALUES (18,66);
INSERT INTO `ait_acl_privileges` VALUES (18,67);
INSERT INTO `ait_acl_privileges` VALUES (18,68);
INSERT INTO `ait_acl_privileges` VALUES (18,69);
INSERT INTO `ait_acl_privileges` VALUES (18,70);
INSERT INTO `ait_acl_privileges` VALUES (18,71);
INSERT INTO `ait_acl_privileges` VALUES (18,72);
INSERT INTO `ait_acl_privileges` VALUES (18,73);
INSERT INTO `ait_acl_privileges` VALUES (18,74);
INSERT INTO `ait_acl_privileges` VALUES (18,75);
INSERT INTO `ait_acl_privileges` VALUES (18,76);
INSERT INTO `ait_acl_privileges` VALUES (18,77);
INSERT INTO `ait_acl_privileges` VALUES (18,78);
INSERT INTO `ait_acl_privileges` VALUES (18,79);
INSERT INTO `ait_acl_privileges` VALUES (18,80);
INSERT INTO `ait_acl_privileges` VALUES (18,81);
INSERT INTO `ait_acl_privileges` VALUES (18,82);
INSERT INTO `ait_acl_privileges` VALUES (18,83);
INSERT INTO `ait_acl_privileges` VALUES (18,84);
INSERT INTO `ait_acl_privileges` VALUES (18,85);
INSERT INTO `ait_acl_privileges` VALUES (18,86);
INSERT INTO `ait_acl_privileges` VALUES (18,87);
INSERT INTO `ait_acl_privileges` VALUES (18,88);
INSERT INTO `ait_acl_privileges` VALUES (18,89);
INSERT INTO `ait_acl_privileges` VALUES (18,90);
INSERT INTO `ait_acl_privileges` VALUES (18,91);
INSERT INTO `ait_acl_privileges` VALUES (18,92);
INSERT INTO `ait_acl_privileges` VALUES (18,93);
INSERT INTO `ait_acl_privileges` VALUES (18,94);
INSERT INTO `ait_acl_privileges` VALUES (18,95);
CREATE TABLE `ait_acl_resource` (  `resourceid` int(10) unsigned NOT NULL AUTO_INCREMENT,  `name` varchar(255) NOT NULL,  `resourcetype` enum('cat','art','other') NOT NULL,  `specifictype` varchar(255) NOT NULL,  `identifier` int(10) unsigned NOT NULL,  `removeable` tinyint(4) NOT NULL DEFAULT '1',  PRIMARY KEY (`resourceid`),  KEY `id` (`identifier`),  KEY `specifictype` (`specifictype`),  KEY `identifier` (`identifier`)) ENGINE=InnoDB AUTO_INCREMENT=4 DEFAULT CHARSET=utf8;
INSERT INTO `ait_acl_resource` VALUES (1,'Root','cat','',0,0);
INSERT INTO `ait_acl_resource` VALUES (2,'Closed area','cat','',40,1);
INSERT INTO `ait_acl_resource` VALUES (3,'Area 51 (ID 39)','cat','',39,1);
CREATE TABLE `ait_acl_resources` (  `roleid` int(10) unsigned NOT NULL,  `resourceid` int(10) unsigned NOT NULL,  PRIMARY KEY (`roleid`,`resourceid`),  KEY `resourceid` (`resourceid`),  CONSTRAINT `ait_acl_resources_ibfk_1` FOREIGN KEY (`roleid`) REFERENCES `ait_acl_role` (`roleid`) ON DELETE CASCADE,  CONSTRAINT `ait_acl_resources_ibfk_2` FOREIGN KEY (`resourceid`) REFERENCES `ait_acl_resource` (`resourceid`) ON DELETE CASCADE) ENGINE=InnoDB DEFAULT CHARSET=utf8;
INSERT INTO `ait_acl_resources` VALUES (18,1);
CREATE TABLE `ait_acl_role` (  `roleid` int(10) unsigned NOT NULL AUTO_INCREMENT,  `identifier` varchar(255) NOT NULL,  PRIMARY KEY (`roleid`),  UNIQUE KEY `identifier` (`identifier`)) ENGINE=InnoDB AUTO_INCREMENT=22 DEFAULT CHARSET=utf8;
INSERT INTO `ait_acl_role` VALUES (18,'admin');
INSERT INTO `ait_acl_role` VALUES (20,'author');
INSERT INTO `ait_acl_role` VALUES (19,'editor');
INSERT INTO `ait_acl_role` VALUES (21,'frontenduser normal');
CREATE TABLE `ait_acl_roles` (  `roleid` int(10) unsigned NOT NULL,  `userid` int(10) unsigned NOT NULL,  PRIMARY KEY (`roleid`,`userid`),  KEY `userid` (`userid`),  CONSTRAINT `ait_acl_roles_ibfk_1` FOREIGN KEY (`roleid`) REFERENCES `ait_acl_role` (`roleid`) ON DELETE CASCADE,  CONSTRAINT `ait_acl_roles_ibfk_2` FOREIGN KEY (`userid`) REFERENCES `ait_acl_user` (`userid`) ON DELETE CASCADE) ENGINE=InnoDB DEFAULT CHARSET=utf8;
INSERT INTO `ait_acl_roles` VALUES (18,29);
INSERT INTO `ait_acl_roles` VALUES (21,29);
CREATE TABLE `ait_acl_user` (  `userid` int(10) unsigned NOT NULL AUTO_INCREMENT,  `uuid` varchar(64) NOT NULL,  `lastname` varchar(255) NOT NULL,  `firstname` varchar(255) NOT NULL,  `login` varchar(100) NOT NULL,  `password` varchar(32) NOT NULL,  `email` varchar(255) NOT NULL,  `idlang` int(10) unsigned DEFAULT NULL COMMENT 'Preferred language id',  `locale` varchar(5) NOT NULL COMMENT 'Preferred backend locale',  `sessionperiod` int(11) DEFAULT NULL COMMENT 'Preferred session period in seconds',  `acfrom` timestamp NULL DEFAULT NULL,  `acuntil` timestamp NULL DEFAULT NULL,  `modified` timestamp NOT NULL DEFAULT CURRENT_TIMESTAMP ON UPDATE CURRENT_TIMESTAMP,  `created` timestamp NULL DEFAULT '0000-00-00 00:00:00',  PRIMARY KEY (`userid`),  UNIQUE KEY `login` (`login`),  KEY `password` (`password`),  KEY `idlang` (`idlang`),  CONSTRAINT `ait_acl_user_ibfk_1` FOREIGN KEY (`idlang`) REFERENCES `ait_lang` (`idlang`) ON DELETE SET NULL) ENGINE=InnoDB AUTO_INCREMENT=30 DEFAULT CHARSET=utf8;
INSERT INTO `ait_acl_user` VALUES (29,'','Doe','John','admin','0571749e2ac330a7455809c6b0e7af90','john.doe@domain.org',1,'de',14400,'2010-12-23 14:14:13','2011-12-23 14:14:13','2010-11-12 19:38:51','2010-11-05 09:36:47');
CREATE TABLE `ait_aitsu_article_property` (  `propertyid` int(10) unsigned NOT NULL,  `idartlang` int(10) unsigned NOT NULL,  `textvalue` text,  `floatvalue` double DEFAULT NULL,  `datevalue` datetime DEFAULT NULL,  PRIMARY KEY (`propertyid`,`idartlang`),  KEY `idartlang` (`idartlang`),  CONSTRAINT `ait_aitsu_article_property_ibfk_1` FOREIGN KEY (`propertyid`) REFERENCES `ait_aitsu_property` (`propertyid`) ON DELETE CASCADE,  CONSTRAINT `ait_aitsu_article_property_ibfk_2` FOREIGN KEY (`idartlang`) REFERENCES `ait_art_lang` (`idartlang`) ON DELETE CASCADE) ENGINE=InnoDB DEFAULT CHARSET=utf8;
INSERT INTO `ait_aitsu_article_property` VALUES (1,440,'O:8:\"stdClass\":0:{}',NULL,NULL);
INSERT INTO `ait_aitsu_article_property` VALUES (1,446,'O:8:\"stdClass\":0:{}',NULL,NULL);
INSERT INTO `ait_aitsu_article_property` VALUES (1,449,'O:8:\"stdClass\":0:{}',NULL,NULL);
INSERT INTO `ait_aitsu_article_property` VALUES (1,491,'O:8:\"stdClass\":0:{}',NULL,NULL);
INSERT INTO `ait_aitsu_article_property` VALUES (1,492,'O:8:\"stdClass\":0:{}',NULL,NULL);
INSERT INTO `ait_aitsu_article_property` VALUES (1,493,'O:8:\"stdClass\":0:{}',NULL,NULL);
INSERT INTO `ait_aitsu_article_property` VALUES (1,494,'O:8:\"stdClass\":0:{}',NULL,NULL);
INSERT INTO `ait_aitsu_article_property` VALUES (1,495,'O:8:\"stdClass\":0:{}',NULL,NULL);
INSERT INTO `ait_aitsu_article_property` VALUES (1,497,'O:8:\"stdClass\":0:{}',NULL,NULL);
INSERT INTO `ait_aitsu_article_property` VALUES (1,505,'O:8:\"stdClass\":0:{}',NULL,NULL);
INSERT INTO `ait_aitsu_article_property` VALUES (1,506,'O:8:\"stdClass\":0:{}',NULL,NULL);
INSERT INTO `ait_aitsu_article_property` VALUES (1,510,'O:8:\"stdClass\":0:{}',NULL,NULL);
INSERT INTO `ait_aitsu_article_property` VALUES (2,440,'O:8:\"stdClass\":1:{s:15:\"defaultTemplate\";s:27:\"templates/body/header.phtml\";}',NULL,NULL);
INSERT INTO `ait_aitsu_article_property` VALUES (2,446,'O:8:\"stdClass\":1:{s:15:\"defaultTemplate\";s:27:\"templates/body/header.phtml\";}',NULL,NULL);
INSERT INTO `ait_aitsu_article_property` VALUES (2,449,'O:8:\"stdClass\":1:{s:15:\"defaultTemplate\";s:27:\"templates/body/header.phtml\";}',NULL,NULL);
INSERT INTO `ait_aitsu_article_property` VALUES (2,491,'O:8:\"stdClass\":1:{s:15:\"defaultTemplate\";s:27:\"templates/body/header.phtml\";}',NULL,NULL);
INSERT INTO `ait_aitsu_article_property` VALUES (2,492,'O:8:\"stdClass\":1:{s:15:\"defaultTemplate\";s:27:\"templates/body/header.phtml\";}',NULL,NULL);
INSERT INTO `ait_aitsu_article_property` VALUES (2,493,'O:8:\"stdClass\":1:{s:15:\"defaultTemplate\";s:27:\"templates/body/header.phtml\";}',NULL,NULL);
INSERT INTO `ait_aitsu_article_property` VALUES (2,494,'O:8:\"stdClass\":1:{s:15:\"defaultTemplate\";s:27:\"templates/body/header.phtml\";}',NULL,NULL);
INSERT INTO `ait_aitsu_article_property` VALUES (2,495,'O:8:\"stdClass\":1:{s:15:\"defaultTemplate\";s:27:\"templates/body/header.phtml\";}',NULL,NULL);
INSERT INTO `ait_aitsu_article_property` VALUES (2,497,'O:8:\"stdClass\":1:{s:15:\"defaultTemplate\";s:27:\"templates/body/header.phtml\";}',NULL,NULL);
INSERT INTO `ait_aitsu_article_property` VALUES (2,505,'O:8:\"stdClass\":1:{s:15:\"defaultTemplate\";s:27:\"templates/body/header.phtml\";}',NULL,NULL);
INSERT INTO `ait_aitsu_article_property` VALUES (2,506,'O:8:\"stdClass\":1:{s:15:\"defaultTemplate\";s:27:\"templates/body/header.phtml\";}',NULL,NULL);
INSERT INTO `ait_aitsu_article_property` VALUES (2,510,'O:8:\"stdClass\":1:{s:15:\"defaultTemplate\";s:27:\"templates/body/header.phtml\";}',NULL,NULL);
INSERT INTO `ait_aitsu_article_property` VALUES (3,440,'O:8:\"stdClass\":1:{s:15:\"defaultTemplate\";s:31:\"templates/body/navigation.phtml\";}',NULL,NULL);
INSERT INTO `ait_aitsu_article_property` VALUES (3,446,'O:8:\"stdClass\":1:{s:15:\"defaultTemplate\";s:31:\"templates/body/navigation.phtml\";}',NULL,NULL);
INSERT INTO `ait_aitsu_article_property` VALUES (3,449,'O:8:\"stdClass\":1:{s:15:\"defaultTemplate\";s:31:\"templates/body/navigation.phtml\";}',NULL,NULL);
INSERT INTO `ait_aitsu_article_property` VALUES (3,491,'O:8:\"stdClass\":1:{s:15:\"defaultTemplate\";s:31:\"templates/body/navigation.phtml\";}',NULL,NULL);
INSERT INTO `ait_aitsu_article_property` VALUES (3,492,'O:8:\"stdClass\":1:{s:15:\"defaultTemplate\";s:31:\"templates/body/navigation.phtml\";}',NULL,NULL);
INSERT INTO `ait_aitsu_article_property` VALUES (3,493,'O:8:\"stdClass\":1:{s:15:\"defaultTemplate\";s:31:\"templates/body/navigation.phtml\";}',NULL,NULL);
INSERT INTO `ait_aitsu_article_property` VALUES (3,494,'O:8:\"stdClass\":1:{s:15:\"defaultTemplate\";s:31:\"templates/body/navigation.phtml\";}',NULL,NULL);
INSERT INTO `ait_aitsu_article_property` VALUES (3,495,'O:8:\"stdClass\":1:{s:15:\"defaultTemplate\";s:31:\"templates/body/navigation.phtml\";}',NULL,NULL);
INSERT INTO `ait_aitsu_article_property` VALUES (3,497,'O:8:\"stdClass\":1:{s:15:\"defaultTemplate\";s:31:\"templates/body/navigation.phtml\";}',NULL,NULL);
INSERT INTO `ait_aitsu_article_property` VALUES (3,505,'O:8:\"stdClass\":1:{s:15:\"defaultTemplate\";s:31:\"templates/body/navigation.phtml\";}',NULL,NULL);
INSERT INTO `ait_aitsu_article_property` VALUES (3,506,'O:8:\"stdClass\":1:{s:15:\"defaultTemplate\";s:31:\"templates/body/navigation.phtml\";}',NULL,NULL);
INSERT INTO `ait_aitsu_article_property` VALUES (3,510,'O:8:\"stdClass\":1:{s:15:\"defaultTemplate\";s:31:\"templates/body/navigation.phtml\";}',NULL,NULL);
INSERT INTO `ait_aitsu_article_property` VALUES (4,440,'O:8:\"stdClass\":1:{s:15:\"defaultTemplate\";s:25:\"templates/body/main.phtml\";}',NULL,NULL);
INSERT INTO `ait_aitsu_article_property` VALUES (4,446,'O:8:\"stdClass\":1:{s:15:\"defaultTemplate\";s:25:\"templates/body/main.phtml\";}',NULL,NULL);
INSERT INTO `ait_aitsu_article_property` VALUES (4,449,'O:8:\"stdClass\":1:{s:15:\"defaultTemplate\";s:25:\"templates/body/main.phtml\";}',NULL,NULL);
INSERT INTO `ait_aitsu_article_property` VALUES (4,491,'O:8:\"stdClass\":1:{s:15:\"defaultTemplate\";s:25:\"templates/body/main.phtml\";}',NULL,NULL);
INSERT INTO `ait_aitsu_article_property` VALUES (4,492,'O:8:\"stdClass\":1:{s:15:\"defaultTemplate\";s:25:\"templates/body/main.phtml\";}',NULL,NULL);
INSERT INTO `ait_aitsu_article_property` VALUES (4,493,'O:8:\"stdClass\":1:{s:15:\"defaultTemplate\";s:25:\"templates/body/main.phtml\";}',NULL,NULL);
INSERT INTO `ait_aitsu_article_property` VALUES (4,494,'O:8:\"stdClass\":1:{s:15:\"defaultTemplate\";s:25:\"templates/body/main.phtml\";}',NULL,NULL);
INSERT INTO `ait_aitsu_article_property` VALUES (4,495,'O:8:\"stdClass\":1:{s:15:\"defaultTemplate\";s:25:\"templates/body/main.phtml\";}',NULL,NULL);
INSERT INTO `ait_aitsu_article_property` VALUES (4,497,'O:8:\"stdClass\":1:{s:15:\"defaultTemplate\";s:25:\"templates/body/main.phtml\";}',NULL,NULL);
INSERT INTO `ait_aitsu_article_property` VALUES (4,505,'O:8:\"stdClass\":1:{s:15:\"defaultTemplate\";s:25:\"templates/body/main.phtml\";}',NULL,NULL);
INSERT INTO `ait_aitsu_article_property` VALUES (4,506,'O:8:\"stdClass\":1:{s:15:\"defaultTemplate\";s:25:\"templates/body/main.phtml\";}',NULL,NULL);
INSERT INTO `ait_aitsu_article_property` VALUES (4,510,'O:8:\"stdClass\":1:{s:15:\"defaultTemplate\";s:25:\"templates/body/main.phtml\";}',NULL,NULL);
INSERT INTO `ait_aitsu_article_property` VALUES (5,440,'O:8:\"stdClass\":1:{s:15:\"defaultTemplate\";s:27:\"templates/body/footer.phtml\";}',NULL,NULL);
INSERT INTO `ait_aitsu_article_property` VALUES (5,446,'O:8:\"stdClass\":1:{s:15:\"defaultTemplate\";s:27:\"templates/body/footer.phtml\";}',NULL,NULL);
INSERT INTO `ait_aitsu_article_property` VALUES (5,449,'O:8:\"stdClass\":1:{s:15:\"defaultTemplate\";s:27:\"templates/body/footer.phtml\";}',NULL,NULL);
INSERT INTO `ait_aitsu_article_property` VALUES (5,491,'O:8:\"stdClass\":1:{s:15:\"defaultTemplate\";s:27:\"templates/body/footer.phtml\";}',NULL,NULL);
INSERT INTO `ait_aitsu_article_property` VALUES (5,492,'O:8:\"stdClass\":1:{s:15:\"defaultTemplate\";s:27:\"templates/body/footer.phtml\";}',NULL,NULL);
INSERT INTO `ait_aitsu_article_property` VALUES (5,493,'O:8:\"stdClass\":1:{s:15:\"defaultTemplate\";s:27:\"templates/body/footer.phtml\";}',NULL,NULL);
INSERT INTO `ait_aitsu_article_property` VALUES (5,494,'O:8:\"stdClass\":1:{s:15:\"defaultTemplate\";s:27:\"templates/body/footer.phtml\";}',NULL,NULL);
INSERT INTO `ait_aitsu_article_property` VALUES (5,495,'O:8:\"stdClass\":1:{s:15:\"defaultTemplate\";s:27:\"templates/body/footer.phtml\";}',NULL,NULL);
INSERT INTO `ait_aitsu_article_property` VALUES (5,497,'O:8:\"stdClass\":1:{s:15:\"defaultTemplate\";s:27:\"templates/body/footer.phtml\";}',NULL,NULL);
INSERT INTO `ait_aitsu_article_property` VALUES (5,505,'O:8:\"stdClass\":1:{s:15:\"defaultTemplate\";s:27:\"templates/body/footer.phtml\";}',NULL,NULL);
INSERT INTO `ait_aitsu_article_property` VALUES (5,506,'O:8:\"stdClass\":1:{s:15:\"defaultTemplate\";s:27:\"templates/body/footer.phtml\";}',NULL,NULL);
INSERT INTO `ait_aitsu_article_property` VALUES (5,510,'O:8:\"stdClass\":1:{s:15:\"defaultTemplate\";s:27:\"templates/body/footer.phtml\";}',NULL,NULL);
INSERT INTO `ait_aitsu_article_property` VALUES (6,440,'O:8:\"stdClass\":2:{s:15:\"defaultTemplate\";s:3:\"100\";s:8:\"template\";O:8:\"stdClass\":4:{s:4:\"none\";O:8:\"stdClass\":2:{s:4:\"name\";s:4:\"none\";s:4:\"file\";s:36:\"templates/body/subcolumns/none.phtml\";}s:5:\"50_50\";O:8:\"stdClass\":2:{s:4:\"name\";s:20:\"Subcolumns 50% | 50%\";s:4:\"file\";s:37:\"templates/body/subcolumns/50_50.phtml\";}s:3:\"100\";O:8:\"stdClass\":2:{s:4:\"name\";s:14:\"Subcolumn 100%\";s:4:\"file\";s:35:\"templates/body/subcolumns/100.phtml\";}s:7:\"contact\";O:8:\"stdClass\":2:{s:4:\"name\";s:12:\"Contact form\";s:4:\"file\";s:33:\"templates/body/form/contact.phtml\";}}}',NULL,NULL);
INSERT INTO `ait_aitsu_article_property` VALUES (6,446,'O:8:\"stdClass\":2:{s:15:\"defaultTemplate\";s:3:\"100\";s:8:\"template\";O:8:\"stdClass\":4:{s:4:\"none\";O:8:\"stdClass\":2:{s:4:\"name\";s:4:\"none\";s:4:\"file\";s:36:\"templates/body/subcolumns/none.phtml\";}s:5:\"50_50\";O:8:\"stdClass\":2:{s:4:\"name\";s:20:\"Subcolumns 50% | 50%\";s:4:\"file\";s:37:\"templates/body/subcolumns/50_50.phtml\";}s:3:\"100\";O:8:\"stdClass\":2:{s:4:\"name\";s:14:\"Subcolumn 100%\";s:4:\"file\";s:35:\"templates/body/subcolumns/100.phtml\";}s:7:\"contact\";O:8:\"stdClass\":2:{s:4:\"name\";s:12:\"Contact form\";s:4:\"file\";s:33:\"templates/body/form/contact.phtml\";}}}',NULL,NULL);
INSERT INTO `ait_aitsu_article_property` VALUES (6,449,'O:8:\"stdClass\":2:{s:15:\"defaultTemplate\";s:3:\"100\";s:8:\"template\";O:8:\"stdClass\":4:{s:4:\"none\";O:8:\"stdClass\":2:{s:4:\"name\";s:4:\"none\";s:4:\"file\";s:36:\"templates/body/subcolumns/none.phtml\";}s:5:\"50_50\";O:8:\"stdClass\":2:{s:4:\"name\";s:20:\"Subcolumns 50% | 50%\";s:4:\"file\";s:37:\"templates/body/subcolumns/50_50.phtml\";}s:3:\"100\";O:8:\"stdClass\":2:{s:4:\"name\";s:14:\"Subcolumn 100%\";s:4:\"file\";s:35:\"templates/body/subcolumns/100.phtml\";}s:7:\"contact\";O:8:\"stdClass\":2:{s:4:\"name\";s:12:\"Contact form\";s:4:\"file\";s:33:\"templates/body/form/contact.phtml\";}}}',NULL,NULL);
INSERT INTO `ait_aitsu_article_property` VALUES (6,491,'O:8:\"stdClass\":2:{s:15:\"defaultTemplate\";s:3:\"100\";s:8:\"template\";O:8:\"stdClass\":4:{s:4:\"none\";O:8:\"stdClass\":2:{s:4:\"name\";s:4:\"none\";s:4:\"file\";s:36:\"templates/body/subcolumns/none.phtml\";}s:5:\"50_50\";O:8:\"stdClass\":2:{s:4:\"name\";s:20:\"Subcolumns 50% | 50%\";s:4:\"file\";s:37:\"templates/body/subcolumns/50_50.phtml\";}s:3:\"100\";O:8:\"stdClass\":2:{s:4:\"name\";s:14:\"Subcolumn 100%\";s:4:\"file\";s:35:\"templates/body/subcolumns/100.phtml\";}s:7:\"contact\";O:8:\"stdClass\":2:{s:4:\"name\";s:12:\"Contact form\";s:4:\"file\";s:33:\"templates/body/form/contact.phtml\";}}}',NULL,NULL);
INSERT INTO `ait_aitsu_article_property` VALUES (6,492,'O:8:\"stdClass\":2:{s:15:\"defaultTemplate\";s:3:\"100\";s:8:\"template\";O:8:\"stdClass\":4:{s:4:\"none\";O:8:\"stdClass\":2:{s:4:\"name\";s:4:\"none\";s:4:\"file\";s:36:\"templates/body/subcolumns/none.phtml\";}s:5:\"50_50\";O:8:\"stdClass\":2:{s:4:\"name\";s:20:\"Subcolumns 50% | 50%\";s:4:\"file\";s:37:\"templates/body/subcolumns/50_50.phtml\";}s:3:\"100\";O:8:\"stdClass\":2:{s:4:\"name\";s:14:\"Subcolumn 100%\";s:4:\"file\";s:35:\"templates/body/subcolumns/100.phtml\";}s:7:\"contact\";O:8:\"stdClass\":2:{s:4:\"name\";s:12:\"Contact form\";s:4:\"file\";s:33:\"templates/body/form/contact.phtml\";}}}',NULL,NULL);
INSERT INTO `ait_aitsu_article_property` VALUES (6,493,'O:8:\"stdClass\":2:{s:15:\"defaultTemplate\";s:3:\"100\";s:8:\"template\";O:8:\"stdClass\":4:{s:4:\"none\";O:8:\"stdClass\":2:{s:4:\"name\";s:4:\"none\";s:4:\"file\";s:36:\"templates/body/subcolumns/none.phtml\";}s:5:\"50_50\";O:8:\"stdClass\":2:{s:4:\"name\";s:20:\"Subcolumns 50% | 50%\";s:4:\"file\";s:37:\"templates/body/subcolumns/50_50.phtml\";}s:3:\"100\";O:8:\"stdClass\":2:{s:4:\"name\";s:14:\"Subcolumn 100%\";s:4:\"file\";s:35:\"templates/body/subcolumns/100.phtml\";}s:7:\"contact\";O:8:\"stdClass\":2:{s:4:\"name\";s:12:\"Contact form\";s:4:\"file\";s:33:\"templates/body/form/contact.phtml\";}}}',NULL,NULL);
INSERT INTO `ait_aitsu_article_property` VALUES (6,494,'O:8:\"stdClass\":2:{s:15:\"defaultTemplate\";s:3:\"100\";s:8:\"template\";O:8:\"stdClass\":4:{s:4:\"none\";O:8:\"stdClass\":2:{s:4:\"name\";s:4:\"none\";s:4:\"file\";s:36:\"templates/body/subcolumns/none.phtml\";}s:5:\"50_50\";O:8:\"stdClass\":2:{s:4:\"name\";s:20:\"Subcolumns 50% | 50%\";s:4:\"file\";s:37:\"templates/body/subcolumns/50_50.phtml\";}s:3:\"100\";O:8:\"stdClass\":2:{s:4:\"name\";s:14:\"Subcolumn 100%\";s:4:\"file\";s:35:\"templates/body/subcolumns/100.phtml\";}s:7:\"contact\";O:8:\"stdClass\":2:{s:4:\"name\";s:12:\"Contact form\";s:4:\"file\";s:33:\"templates/body/form/contact.phtml\";}}}',NULL,NULL);
INSERT INTO `ait_aitsu_article_property` VALUES (6,495,'O:8:\"stdClass\":2:{s:15:\"defaultTemplate\";s:3:\"100\";s:8:\"template\";O:8:\"stdClass\":4:{s:4:\"none\";O:8:\"stdClass\":2:{s:4:\"name\";s:4:\"none\";s:4:\"file\";s:36:\"templates/body/subcolumns/none.phtml\";}s:5:\"50_50\";O:8:\"stdClass\":2:{s:4:\"name\";s:20:\"Subcolumns 50% | 50%\";s:4:\"file\";s:37:\"templates/body/subcolumns/50_50.phtml\";}s:3:\"100\";O:8:\"stdClass\":2:{s:4:\"name\";s:14:\"Subcolumn 100%\";s:4:\"file\";s:35:\"templates/body/subcolumns/100.phtml\";}s:7:\"contact\";O:8:\"stdClass\":2:{s:4:\"name\";s:12:\"Contact form\";s:4:\"file\";s:33:\"templates/body/form/contact.phtml\";}}}',NULL,NULL);
INSERT INTO `ait_aitsu_article_property` VALUES (6,497,'O:8:\"stdClass\":2:{s:15:\"defaultTemplate\";s:3:\"100\";s:8:\"template\";O:8:\"stdClass\":4:{s:4:\"none\";O:8:\"stdClass\":2:{s:4:\"name\";s:4:\"none\";s:4:\"file\";s:36:\"templates/body/subcolumns/none.phtml\";}s:5:\"50_50\";O:8:\"stdClass\":2:{s:4:\"name\";s:20:\"Subcolumns 50% | 50%\";s:4:\"file\";s:37:\"templates/body/subcolumns/50_50.phtml\";}s:3:\"100\";O:8:\"stdClass\":2:{s:4:\"name\";s:14:\"Subcolumn 100%\";s:4:\"file\";s:35:\"templates/body/subcolumns/100.phtml\";}s:7:\"contact\";O:8:\"stdClass\":2:{s:4:\"name\";s:12:\"Contact form\";s:4:\"file\";s:33:\"templates/body/form/contact.phtml\";}}}',NULL,NULL);
INSERT INTO `ait_aitsu_article_property` VALUES (6,505,'O:8:\"stdClass\":2:{s:15:\"defaultTemplate\";s:3:\"100\";s:8:\"template\";O:8:\"stdClass\":4:{s:4:\"none\";O:8:\"stdClass\":2:{s:4:\"name\";s:4:\"none\";s:4:\"file\";s:36:\"templates/body/subcolumns/none.phtml\";}s:5:\"50_50\";O:8:\"stdClass\":2:{s:4:\"name\";s:20:\"Subcolumns 50% | 50%\";s:4:\"file\";s:37:\"templates/body/subcolumns/50_50.phtml\";}s:3:\"100\";O:8:\"stdClass\":2:{s:4:\"name\";s:14:\"Subcolumn 100%\";s:4:\"file\";s:35:\"templates/body/subcolumns/100.phtml\";}s:7:\"contact\";O:8:\"stdClass\":2:{s:4:\"name\";s:12:\"Contact form\";s:4:\"file\";s:33:\"templates/body/form/contact.phtml\";}}}',NULL,NULL);
INSERT INTO `ait_aitsu_article_property` VALUES (6,506,'O:8:\"stdClass\":2:{s:15:\"defaultTemplate\";s:3:\"100\";s:8:\"template\";O:8:\"stdClass\":4:{s:4:\"none\";O:8:\"stdClass\":2:{s:4:\"name\";s:4:\"none\";s:4:\"file\";s:36:\"templates/body/subcolumns/none.phtml\";}s:5:\"50_50\";O:8:\"stdClass\":2:{s:4:\"name\";s:20:\"Subcolumns 50% | 50%\";s:4:\"file\";s:37:\"templates/body/subcolumns/50_50.phtml\";}s:3:\"100\";O:8:\"stdClass\":2:{s:4:\"name\";s:14:\"Subcolumn 100%\";s:4:\"file\";s:35:\"templates/body/subcolumns/100.phtml\";}s:7:\"contact\";O:8:\"stdClass\":2:{s:4:\"name\";s:12:\"Contact form\";s:4:\"file\";s:33:\"templates/body/form/contact.phtml\";}}}',NULL,NULL);
INSERT INTO `ait_aitsu_article_property` VALUES (6,510,'O:8:\"stdClass\":2:{s:15:\"defaultTemplate\";s:3:\"100\";s:8:\"template\";O:8:\"stdClass\":4:{s:4:\"none\";O:8:\"stdClass\":2:{s:4:\"name\";s:4:\"none\";s:4:\"file\";s:36:\"templates/body/subcolumns/none.phtml\";}s:5:\"50_50\";O:8:\"stdClass\":2:{s:4:\"name\";s:20:\"Subcolumns 50% | 50%\";s:4:\"file\";s:37:\"templates/body/subcolumns/50_50.phtml\";}s:3:\"100\";O:8:\"stdClass\":2:{s:4:\"name\";s:14:\"Subcolumn 100%\";s:4:\"file\";s:35:\"templates/body/subcolumns/100.phtml\";}s:7:\"contact\";O:8:\"stdClass\":2:{s:4:\"name\";s:12:\"Contact form\";s:4:\"file\";s:33:\"templates/body/form/contact.phtml\";}}}',NULL,NULL);
INSERT INTO `ait_aitsu_article_property` VALUES (7,440,'100',NULL,NULL);
INSERT INTO `ait_aitsu_article_property` VALUES (7,449,'none',NULL,NULL);
INSERT INTO `ait_aitsu_article_property` VALUES (7,492,'none',NULL,NULL);
INSERT INTO `ait_aitsu_article_property` VALUES (7,493,'100',NULL,NULL);
INSERT INTO `ait_aitsu_article_property` VALUES (7,495,'contact',NULL,NULL);
INSERT INTO `ait_aitsu_article_property` VALUES (8,440,'O:8:\"stdClass\":2:{s:15:\"defaultTemplate\";s:4:\"none\";s:8:\"template\";O:8:\"stdClass\":8:{s:4:\"none\";O:8:\"stdClass\":2:{s:4:\"name\";s:4:\"none\";s:4:\"file\";s:36:\"templates/body/subcolumns/none.phtml\";}s:3:\"100\";O:8:\"stdClass\":2:{s:4:\"name\";s:14:\"Subcolumn 100%\";s:4:\"file\";s:35:\"templates/body/subcolumns/100.phtml\";}s:5:\"25_75\";O:8:\"stdClass\":2:{s:4:\"name\";s:20:\"Subcolumns 25% | 75%\";s:4:\"file\";s:37:\"templates/body/subcolumns/25_75.phtml\";}s:8:\"33_33_33\";O:8:\"stdClass\":2:{s:4:\"name\";s:26:\"Subcolumns 33% | 33% | 33%\";s:4:\"file\";s:40:\"templates/body/subcolumns/33_33_33.phtml\";}s:5:\"33_66\";O:8:\"stdClass\":2:{s:4:\"name\";s:20:\"Subcolumns 33% | 66%\";s:4:\"file\";s:37:\"templates/body/subcolumns/33_66.phtml\";}s:5:\"50_50\";O:8:\"stdClass\":2:{s:4:\"name\";s:20:\"Subcolumns 50% | 50%\";s:4:\"file\";s:37:\"templates/body/subcolumns/50_50.phtml\";}s:5:\"66_33\";O:8:\"stdClass\":2:{s:4:\"name\";s:20:\"Subcolumns 66% | 33%\";s:4:\"file\";s:37:\"templates/body/subcolumns/66_33.phtml\";}s:5:\"75_25\";O:8:\"stdClass\":2:{s:4:\"name\";s:20:\"Subcolumns 75% | 25%\";s:4:\"file\";s:37:\"templates/body/subcolumns/75_25.phtml\";}}}',NULL,NULL);
INSERT INTO `ait_aitsu_article_property` VALUES (8,446,'O:8:\"stdClass\":2:{s:15:\"defaultTemplate\";s:4:\"none\";s:8:\"template\";O:8:\"stdClass\":8:{s:4:\"none\";O:8:\"stdClass\":2:{s:4:\"name\";s:4:\"none\";s:4:\"file\";s:36:\"templates/body/subcolumns/none.phtml\";}s:3:\"100\";O:8:\"stdClass\":2:{s:4:\"name\";s:14:\"Subcolumn 100%\";s:4:\"file\";s:35:\"templates/body/subcolumns/100.phtml\";}s:5:\"25_75\";O:8:\"stdClass\":2:{s:4:\"name\";s:20:\"Subcolumns 25% | 75%\";s:4:\"file\";s:37:\"templates/body/subcolumns/25_75.phtml\";}s:8:\"33_33_33\";O:8:\"stdClass\":2:{s:4:\"name\";s:26:\"Subcolumns 33% | 33% | 33%\";s:4:\"file\";s:40:\"templates/body/subcolumns/33_33_33.phtml\";}s:5:\"33_66\";O:8:\"stdClass\":2:{s:4:\"name\";s:20:\"Subcolumns 33% | 66%\";s:4:\"file\";s:37:\"templates/body/subcolumns/33_66.phtml\";}s:5:\"50_50\";O:8:\"stdClass\":2:{s:4:\"name\";s:20:\"Subcolumns 50% | 50%\";s:4:\"file\";s:37:\"templates/body/subcolumns/50_50.phtml\";}s:5:\"66_33\";O:8:\"stdClass\":2:{s:4:\"name\";s:20:\"Subcolumns 66% | 33%\";s:4:\"file\";s:37:\"templates/body/subcolumns/66_33.phtml\";}s:5:\"75_25\";O:8:\"stdClass\":2:{s:4:\"name\";s:20:\"Subcolumns 75% | 25%\";s:4:\"file\";s:37:\"templates/body/subcolumns/75_25.phtml\";}}}',NULL,NULL);
INSERT INTO `ait_aitsu_article_property` VALUES (8,449,'O:8:\"stdClass\":2:{s:15:\"defaultTemplate\";s:4:\"none\";s:8:\"template\";O:8:\"stdClass\":8:{s:4:\"none\";O:8:\"stdClass\":2:{s:4:\"name\";s:4:\"none\";s:4:\"file\";s:36:\"templates/body/subcolumns/none.phtml\";}s:3:\"100\";O:8:\"stdClass\":2:{s:4:\"name\";s:14:\"Subcolumn 100%\";s:4:\"file\";s:35:\"templates/body/subcolumns/100.phtml\";}s:5:\"25_75\";O:8:\"stdClass\":2:{s:4:\"name\";s:20:\"Subcolumns 25% | 75%\";s:4:\"file\";s:37:\"templates/body/subcolumns/25_75.phtml\";}s:8:\"33_33_33\";O:8:\"stdClass\":2:{s:4:\"name\";s:26:\"Subcolumns 33% | 33% | 33%\";s:4:\"file\";s:40:\"templates/body/subcolumns/33_33_33.phtml\";}s:5:\"33_66\";O:8:\"stdClass\":2:{s:4:\"name\";s:20:\"Subcolumns 33% | 66%\";s:4:\"file\";s:37:\"templates/body/subcolumns/33_66.phtml\";}s:5:\"50_50\";O:8:\"stdClass\":2:{s:4:\"name\";s:20:\"Subcolumns 50% | 50%\";s:4:\"file\";s:37:\"templates/body/subcolumns/50_50.phtml\";}s:5:\"66_33\";O:8:\"stdClass\":2:{s:4:\"name\";s:20:\"Subcolumns 66% | 33%\";s:4:\"file\";s:37:\"templates/body/subcolumns/66_33.phtml\";}s:5:\"75_25\";O:8:\"stdClass\":2:{s:4:\"name\";s:20:\"Subcolumns 75% | 25%\";s:4:\"file\";s:37:\"templates/body/subcolumns/75_25.phtml\";}}}',NULL,NULL);
INSERT INTO `ait_aitsu_article_property` VALUES (8,491,'O:8:\"stdClass\":2:{s:15:\"defaultTemplate\";s:4:\"none\";s:8:\"template\";O:8:\"stdClass\":8:{s:4:\"none\";O:8:\"stdClass\":2:{s:4:\"name\";s:4:\"none\";s:4:\"file\";s:36:\"templates/body/subcolumns/none.phtml\";}s:3:\"100\";O:8:\"stdClass\":2:{s:4:\"name\";s:14:\"Subcolumn 100%\";s:4:\"file\";s:35:\"templates/body/subcolumns/100.phtml\";}s:5:\"25_75\";O:8:\"stdClass\":2:{s:4:\"name\";s:20:\"Subcolumns 25% | 75%\";s:4:\"file\";s:37:\"templates/body/subcolumns/25_75.phtml\";}s:8:\"33_33_33\";O:8:\"stdClass\":2:{s:4:\"name\";s:26:\"Subcolumns 33% | 33% | 33%\";s:4:\"file\";s:40:\"templates/body/subcolumns/33_33_33.phtml\";}s:5:\"33_66\";O:8:\"stdClass\":2:{s:4:\"name\";s:20:\"Subcolumns 33% | 66%\";s:4:\"file\";s:37:\"templates/body/subcolumns/33_66.phtml\";}s:5:\"50_50\";O:8:\"stdClass\":2:{s:4:\"name\";s:20:\"Subcolumns 50% | 50%\";s:4:\"file\";s:37:\"templates/body/subcolumns/50_50.phtml\";}s:5:\"66_33\";O:8:\"stdClass\":2:{s:4:\"name\";s:20:\"Subcolumns 66% | 33%\";s:4:\"file\";s:37:\"templates/body/subcolumns/66_33.phtml\";}s:5:\"75_25\";O:8:\"stdClass\":2:{s:4:\"name\";s:20:\"Subcolumns 75% | 25%\";s:4:\"file\";s:37:\"templates/body/subcolumns/75_25.phtml\";}}}',NULL,NULL);
INSERT INTO `ait_aitsu_article_property` VALUES (8,492,'O:8:\"stdClass\":2:{s:15:\"defaultTemplate\";s:4:\"none\";s:8:\"template\";O:8:\"stdClass\":8:{s:4:\"none\";O:8:\"stdClass\":2:{s:4:\"name\";s:4:\"none\";s:4:\"file\";s:36:\"templates/body/subcolumns/none.phtml\";}s:3:\"100\";O:8:\"stdClass\":2:{s:4:\"name\";s:14:\"Subcolumn 100%\";s:4:\"file\";s:35:\"templates/body/subcolumns/100.phtml\";}s:5:\"25_75\";O:8:\"stdClass\":2:{s:4:\"name\";s:20:\"Subcolumns 25% | 75%\";s:4:\"file\";s:37:\"templates/body/subcolumns/25_75.phtml\";}s:8:\"33_33_33\";O:8:\"stdClass\":2:{s:4:\"name\";s:26:\"Subcolumns 33% | 33% | 33%\";s:4:\"file\";s:40:\"templates/body/subcolumns/33_33_33.phtml\";}s:5:\"33_66\";O:8:\"stdClass\":2:{s:4:\"name\";s:20:\"Subcolumns 33% | 66%\";s:4:\"file\";s:37:\"templates/body/subcolumns/33_66.phtml\";}s:5:\"50_50\";O:8:\"stdClass\":2:{s:4:\"name\";s:20:\"Subcolumns 50% | 50%\";s:4:\"file\";s:37:\"templates/body/subcolumns/50_50.phtml\";}s:5:\"66_33\";O:8:\"stdClass\":2:{s:4:\"name\";s:20:\"Subcolumns 66% | 33%\";s:4:\"file\";s:37:\"templates/body/subcolumns/66_33.phtml\";}s:5:\"75_25\";O:8:\"stdClass\":2:{s:4:\"name\";s:20:\"Subcolumns 75% | 25%\";s:4:\"file\";s:37:\"templates/body/subcolumns/75_25.phtml\";}}}',NULL,NULL);
INSERT INTO `ait_aitsu_article_property` VALUES (8,493,'O:8:\"stdClass\":2:{s:15:\"defaultTemplate\";s:4:\"none\";s:8:\"template\";O:8:\"stdClass\":8:{s:4:\"none\";O:8:\"stdClass\":2:{s:4:\"name\";s:4:\"none\";s:4:\"file\";s:36:\"templates/body/subcolumns/none.phtml\";}s:3:\"100\";O:8:\"stdClass\":2:{s:4:\"name\";s:14:\"Subcolumn 100%\";s:4:\"file\";s:35:\"templates/body/subcolumns/100.phtml\";}s:5:\"25_75\";O:8:\"stdClass\":2:{s:4:\"name\";s:20:\"Subcolumns 25% | 75%\";s:4:\"file\";s:37:\"templates/body/subcolumns/25_75.phtml\";}s:8:\"33_33_33\";O:8:\"stdClass\":2:{s:4:\"name\";s:26:\"Subcolumns 33% | 33% | 33%\";s:4:\"file\";s:40:\"templates/body/subcolumns/33_33_33.phtml\";}s:5:\"33_66\";O:8:\"stdClass\":2:{s:4:\"name\";s:20:\"Subcolumns 33% | 66%\";s:4:\"file\";s:37:\"templates/body/subcolumns/33_66.phtml\";}s:5:\"50_50\";O:8:\"stdClass\":2:{s:4:\"name\";s:20:\"Subcolumns 50% | 50%\";s:4:\"file\";s:37:\"templates/body/subcolumns/50_50.phtml\";}s:5:\"66_33\";O:8:\"stdClass\":2:{s:4:\"name\";s:20:\"Subcolumns 66% | 33%\";s:4:\"file\";s:37:\"templates/body/subcolumns/66_33.phtml\";}s:5:\"75_25\";O:8:\"stdClass\":2:{s:4:\"name\";s:20:\"Subcolumns 75% | 25%\";s:4:\"file\";s:37:\"templates/body/subcolumns/75_25.phtml\";}}}',NULL,NULL);
INSERT INTO `ait_aitsu_article_property` VALUES (8,494,'O:8:\"stdClass\":2:{s:15:\"defaultTemplate\";s:4:\"none\";s:8:\"template\";O:8:\"stdClass\":8:{s:4:\"none\";O:8:\"stdClass\":2:{s:4:\"name\";s:4:\"none\";s:4:\"file\";s:36:\"templates/body/subcolumns/none.phtml\";}s:3:\"100\";O:8:\"stdClass\":2:{s:4:\"name\";s:14:\"Subcolumn 100%\";s:4:\"file\";s:35:\"templates/body/subcolumns/100.phtml\";}s:5:\"25_75\";O:8:\"stdClass\":2:{s:4:\"name\";s:20:\"Subcolumns 25% | 75%\";s:4:\"file\";s:37:\"templates/body/subcolumns/25_75.phtml\";}s:8:\"33_33_33\";O:8:\"stdClass\":2:{s:4:\"name\";s:26:\"Subcolumns 33% | 33% | 33%\";s:4:\"file\";s:40:\"templates/body/subcolumns/33_33_33.phtml\";}s:5:\"33_66\";O:8:\"stdClass\":2:{s:4:\"name\";s:20:\"Subcolumns 33% | 66%\";s:4:\"file\";s:37:\"templates/body/subcolumns/33_66.phtml\";}s:5:\"50_50\";O:8:\"stdClass\":2:{s:4:\"name\";s:20:\"Subcolumns 50% | 50%\";s:4:\"file\";s:37:\"templates/body/subcolumns/50_50.phtml\";}s:5:\"66_33\";O:8:\"stdClass\":2:{s:4:\"name\";s:20:\"Subcolumns 66% | 33%\";s:4:\"file\";s:37:\"templates/body/subcolumns/66_33.phtml\";}s:5:\"75_25\";O:8:\"stdClass\":2:{s:4:\"name\";s:20:\"Subcolumns 75% | 25%\";s:4:\"file\";s:37:\"templates/body/subcolumns/75_25.phtml\";}}}',NULL,NULL);
INSERT INTO `ait_aitsu_article_property` VALUES (8,495,'O:8:\"stdClass\":2:{s:15:\"defaultTemplate\";s:4:\"none\";s:8:\"template\";O:8:\"stdClass\":8:{s:4:\"none\";O:8:\"stdClass\":2:{s:4:\"name\";s:4:\"none\";s:4:\"file\";s:36:\"templates/body/subcolumns/none.phtml\";}s:3:\"100\";O:8:\"stdClass\":2:{s:4:\"name\";s:14:\"Subcolumn 100%\";s:4:\"file\";s:35:\"templates/body/subcolumns/100.phtml\";}s:5:\"25_75\";O:8:\"stdClass\":2:{s:4:\"name\";s:20:\"Subcolumns 25% | 75%\";s:4:\"file\";s:37:\"templates/body/subcolumns/25_75.phtml\";}s:8:\"33_33_33\";O:8:\"stdClass\":2:{s:4:\"name\";s:26:\"Subcolumns 33% | 33% | 33%\";s:4:\"file\";s:40:\"templates/body/subcolumns/33_33_33.phtml\";}s:5:\"33_66\";O:8:\"stdClass\":2:{s:4:\"name\";s:20:\"Subcolumns 33% | 66%\";s:4:\"file\";s:37:\"templates/body/subcolumns/33_66.phtml\";}s:5:\"50_50\";O:8:\"stdClass\":2:{s:4:\"name\";s:20:\"Subcolumns 50% | 50%\";s:4:\"file\";s:37:\"templates/body/subcolumns/50_50.phtml\";}s:5:\"66_33\";O:8:\"stdClass\":2:{s:4:\"name\";s:20:\"Subcolumns 66% | 33%\";s:4:\"file\";s:37:\"templates/body/subcolumns/66_33.phtml\";}s:5:\"75_25\";O:8:\"stdClass\":2:{s:4:\"name\";s:20:\"Subcolumns 75% | 25%\";s:4:\"file\";s:37:\"templates/body/subcolumns/75_25.phtml\";}}}',NULL,NULL);
INSERT INTO `ait_aitsu_article_property` VALUES (8,497,'O:8:\"stdClass\":2:{s:15:\"defaultTemplate\";s:4:\"none\";s:8:\"template\";O:8:\"stdClass\":8:{s:4:\"none\";O:8:\"stdClass\":2:{s:4:\"name\";s:4:\"none\";s:4:\"file\";s:36:\"templates/body/subcolumns/none.phtml\";}s:3:\"100\";O:8:\"stdClass\":2:{s:4:\"name\";s:14:\"Subcolumn 100%\";s:4:\"file\";s:35:\"templates/body/subcolumns/100.phtml\";}s:5:\"25_75\";O:8:\"stdClass\":2:{s:4:\"name\";s:20:\"Subcolumns 25% | 75%\";s:4:\"file\";s:37:\"templates/body/subcolumns/25_75.phtml\";}s:8:\"33_33_33\";O:8:\"stdClass\":2:{s:4:\"name\";s:26:\"Subcolumns 33% | 33% | 33%\";s:4:\"file\";s:40:\"templates/body/subcolumns/33_33_33.phtml\";}s:5:\"33_66\";O:8:\"stdClass\":2:{s:4:\"name\";s:20:\"Subcolumns 33% | 66%\";s:4:\"file\";s:37:\"templates/body/subcolumns/33_66.phtml\";}s:5:\"50_50\";O:8:\"stdClass\":2:{s:4:\"name\";s:20:\"Subcolumns 50% | 50%\";s:4:\"file\";s:37:\"templates/body/subcolumns/50_50.phtml\";}s:5:\"66_33\";O:8:\"stdClass\":2:{s:4:\"name\";s:20:\"Subcolumns 66% | 33%\";s:4:\"file\";s:37:\"templates/body/subcolumns/66_33.phtml\";}s:5:\"75_25\";O:8:\"stdClass\":2:{s:4:\"name\";s:20:\"Subcolumns 75% | 25%\";s:4:\"file\";s:37:\"templates/body/subcolumns/75_25.phtml\";}}}',NULL,NULL);
INSERT INTO `ait_aitsu_article_property` VALUES (8,505,'O:8:\"stdClass\":2:{s:15:\"defaultTemplate\";s:4:\"none\";s:8:\"template\";O:8:\"stdClass\":8:{s:4:\"none\";O:8:\"stdClass\":2:{s:4:\"name\";s:4:\"none\";s:4:\"file\";s:36:\"templates/body/subcolumns/none.phtml\";}s:3:\"100\";O:8:\"stdClass\":2:{s:4:\"name\";s:14:\"Subcolumn 100%\";s:4:\"file\";s:35:\"templates/body/subcolumns/100.phtml\";}s:5:\"25_75\";O:8:\"stdClass\":2:{s:4:\"name\";s:20:\"Subcolumns 25% | 75%\";s:4:\"file\";s:37:\"templates/body/subcolumns/25_75.phtml\";}s:8:\"33_33_33\";O:8:\"stdClass\":2:{s:4:\"name\";s:26:\"Subcolumns 33% | 33% | 33%\";s:4:\"file\";s:40:\"templates/body/subcolumns/33_33_33.phtml\";}s:5:\"33_66\";O:8:\"stdClass\":2:{s:4:\"name\";s:20:\"Subcolumns 33% | 66%\";s:4:\"file\";s:37:\"templates/body/subcolumns/33_66.phtml\";}s:5:\"50_50\";O:8:\"stdClass\":2:{s:4:\"name\";s:20:\"Subcolumns 50% | 50%\";s:4:\"file\";s:37:\"templates/body/subcolumns/50_50.phtml\";}s:5:\"66_33\";O:8:\"stdClass\":2:{s:4:\"name\";s:20:\"Subcolumns 66% | 33%\";s:4:\"file\";s:37:\"templates/body/subcolumns/66_33.phtml\";}s:5:\"75_25\";O:8:\"stdClass\":2:{s:4:\"name\";s:20:\"Subcolumns 75% | 25%\";s:4:\"file\";s:37:\"templates/body/subcolumns/75_25.phtml\";}}}',NULL,NULL);
INSERT INTO `ait_aitsu_article_property` VALUES (8,506,'O:8:\"stdClass\":2:{s:15:\"defaultTemplate\";s:4:\"none\";s:8:\"template\";O:8:\"stdClass\":8:{s:4:\"none\";O:8:\"stdClass\":2:{s:4:\"name\";s:4:\"none\";s:4:\"file\";s:36:\"templates/body/subcolumns/none.phtml\";}s:3:\"100\";O:8:\"stdClass\":2:{s:4:\"name\";s:14:\"Subcolumn 100%\";s:4:\"file\";s:35:\"templates/body/subcolumns/100.phtml\";}s:5:\"25_75\";O:8:\"stdClass\":2:{s:4:\"name\";s:20:\"Subcolumns 25% | 75%\";s:4:\"file\";s:37:\"templates/body/subcolumns/25_75.phtml\";}s:8:\"33_33_33\";O:8:\"stdClass\":2:{s:4:\"name\";s:26:\"Subcolumns 33% | 33% | 33%\";s:4:\"file\";s:40:\"templates/body/subcolumns/33_33_33.phtml\";}s:5:\"33_66\";O:8:\"stdClass\":2:{s:4:\"name\";s:20:\"Subcolumns 33% | 66%\";s:4:\"file\";s:37:\"templates/body/subcolumns/33_66.phtml\";}s:5:\"50_50\";O:8:\"stdClass\":2:{s:4:\"name\";s:20:\"Subcolumns 50% | 50%\";s:4:\"file\";s:37:\"templates/body/subcolumns/50_50.phtml\";}s:5:\"66_33\";O:8:\"stdClass\":2:{s:4:\"name\";s:20:\"Subcolumns 66% | 33%\";s:4:\"file\";s:37:\"templates/body/subcolumns/66_33.phtml\";}s:5:\"75_25\";O:8:\"stdClass\":2:{s:4:\"name\";s:20:\"Subcolumns 75% | 25%\";s:4:\"file\";s:37:\"templates/body/subcolumns/75_25.phtml\";}}}',NULL,NULL);
INSERT INTO `ait_aitsu_article_property` VALUES (8,510,'O:8:\"stdClass\":2:{s:15:\"defaultTemplate\";s:4:\"none\";s:8:\"template\";O:8:\"stdClass\":8:{s:4:\"none\";O:8:\"stdClass\":2:{s:4:\"name\";s:4:\"none\";s:4:\"file\";s:36:\"templates/body/subcolumns/none.phtml\";}s:3:\"100\";O:8:\"stdClass\":2:{s:4:\"name\";s:14:\"Subcolumn 100%\";s:4:\"file\";s:35:\"templates/body/subcolumns/100.phtml\";}s:5:\"25_75\";O:8:\"stdClass\":2:{s:4:\"name\";s:20:\"Subcolumns 25% | 75%\";s:4:\"file\";s:37:\"templates/body/subcolumns/25_75.phtml\";}s:8:\"33_33_33\";O:8:\"stdClass\":2:{s:4:\"name\";s:26:\"Subcolumns 33% | 33% | 33%\";s:4:\"file\";s:40:\"templates/body/subcolumns/33_33_33.phtml\";}s:5:\"33_66\";O:8:\"stdClass\":2:{s:4:\"name\";s:20:\"Subcolumns 33% | 66%\";s:4:\"file\";s:37:\"templates/body/subcolumns/33_66.phtml\";}s:5:\"50_50\";O:8:\"stdClass\":2:{s:4:\"name\";s:20:\"Subcolumns 50% | 50%\";s:4:\"file\";s:37:\"templates/body/subcolumns/50_50.phtml\";}s:5:\"66_33\";O:8:\"stdClass\":2:{s:4:\"name\";s:20:\"Subcolumns 66% | 33%\";s:4:\"file\";s:37:\"templates/body/subcolumns/66_33.phtml\";}s:5:\"75_25\";O:8:\"stdClass\":2:{s:4:\"name\";s:20:\"Subcolumns 75% | 25%\";s:4:\"file\";s:37:\"templates/body/subcolumns/75_25.phtml\";}}}',NULL,NULL);
INSERT INTO `ait_aitsu_article_property` VALUES (9,440,'O:8:\"stdClass\":1:{s:15:\"defaultTemplate\";s:20:\"templates/body.phtml\";}',NULL,NULL);
INSERT INTO `ait_aitsu_article_property` VALUES (10,440,'useArticleMedia',NULL,NULL);
INSERT INTO `ait_aitsu_article_property` VALUES (11,440,'a:18:{i:2;s:1:\"2\";i:3;s:0:\"\";i:4;s:0:\"\";i:5;s:0:\"\";i:7;s:0:\"\";i:9;s:0:\"\";i:10;s:0:\"\";i:11;s:0:\"\";i:12;s:0:\"\";i:13;s:0:\"\";i:14;s:0:\"\";i:15;s:0:\"\";i:16;s:0:\"\";i:18;s:0:\"\";i:23;s:0:\"\";i:24;s:0:\"\";i:25;s:0:\"\";i:27;s:0:\"\";}',NULL,NULL);
INSERT INTO `ait_aitsu_article_property` VALUES (13,440,'O:8:\"stdClass\":2:{s:15:\"defaultTemplate\";s:5:\"promo\";s:8:\"template\";O:8:\"stdClass\":3:{s:5:\"promo\";O:8:\"stdClass\":2:{s:4:\"name\";s:9:\"Promotion\";s:4:\"file\";s:25:\"templates/promotion.phtml\";}s:4:\"html\";O:8:\"stdClass\":2:{s:4:\"name\";s:4:\"HTML\";s:4:\"file\";s:30:\"templates/htmlMainBottom.phtml\";}s:4:\"none\";O:8:\"stdClass\":2:{s:4:\"name\";s:2:\"--\";s:4:\"file\";s:20:\"templates/none.phtml\";}}}',NULL,NULL);
INSERT INTO `ait_aitsu_article_property` VALUES (14,440,'promo',NULL,NULL);
INSERT INTO `ait_aitsu_article_property` VALUES (15,440,'small',NULL,NULL);
INSERT INTO `ait_aitsu_article_property` VALUES (15,492,'small',NULL,NULL);
INSERT INTO `ait_aitsu_article_property` VALUES (15,493,'small',NULL,NULL);
INSERT INTO `ait_aitsu_article_property` VALUES (15,494,'small',NULL,NULL);
INSERT INTO `ait_aitsu_article_property` VALUES (16,440,'a:18:{i:2;s:0:\"\";i:3;s:0:\"\";i:4;s:0:\"\";i:5;s:0:\"\";i:7;s:0:\"\";i:9;s:0:\"\";i:10;s:0:\"\";i:11;s:0:\"\";i:12;s:0:\"\";i:13;s:0:\"\";i:14;s:0:\"\";i:15;s:2:\"15\";i:16;s:0:\"\";i:18;s:0:\"\";i:23;s:0:\"\";i:24;s:0:\"\";i:25;s:0:\"\";i:27;s:0:\"\";}',NULL,NULL);
INSERT INTO `ait_aitsu_article_property` VALUES (16,493,'a:3:{i:4;s:0:\"\";i:5;s:0:\"\";i:6;s:1:\"6\";}',NULL,NULL);
INSERT INTO `ait_aitsu_article_property` VALUES (16,494,'a:1:{i:1;s:1:\"1\";}',NULL,NULL);
INSERT INTO `ait_aitsu_article_property` VALUES (17,440,'small',NULL,NULL);
INSERT INTO `ait_aitsu_article_property` VALUES (17,492,NULL,NULL,NULL);
INSERT INTO `ait_aitsu_article_property` VALUES (18,440,'a:18:{i:2;s:0:\"\";i:3;s:0:\"\";i:4;s:0:\"\";i:5;s:1:\"5\";i:7;s:0:\"\";i:9;s:0:\"\";i:10;s:0:\"\";i:11;s:0:\"\";i:12;s:0:\"\";i:13;s:0:\"\";i:14;s:0:\"\";i:15;s:0:\"\";i:16;s:0:\"\";i:18;s:0:\"\";i:23;s:0:\"\";i:24;s:0:\"\";i:25;s:0:\"\";i:27;s:0:\"\";}',NULL,NULL);
INSERT INTO `ait_aitsu_article_property` VALUES (19,449,'none',NULL,NULL);
INSERT INTO `ait_aitsu_article_property` VALUES (19,492,'none',NULL,NULL);
INSERT INTO `ait_aitsu_article_property` VALUES (19,493,'none',NULL,NULL);
INSERT INTO `ait_aitsu_article_property` VALUES (19,494,'50_50',NULL,NULL);
INSERT INTO `ait_aitsu_article_property` VALUES (19,495,'33_33_33',NULL,NULL);
INSERT INTO `ait_aitsu_article_property` VALUES (34,440,'sdfsdf',NULL,NULL);
INSERT INTO `ait_aitsu_article_property` VALUES (35,440,'sdfsdfs',NULL,NULL);
INSERT INTO `ait_aitsu_article_property` VALUES (36,440,'',NULL,NULL);
INSERT INTO `ait_aitsu_article_property` VALUES (37,440,'',NULL,NULL);
INSERT INTO `ait_aitsu_article_property` VALUES (38,440,'',NULL,NULL);
INSERT INTO `ait_aitsu_article_property` VALUES (39,440,'',NULL,NULL);
INSERT INTO `ait_aitsu_article_property` VALUES (40,440,'',NULL,NULL);
INSERT INTO `ait_aitsu_article_property` VALUES (41,440,'',NULL,NULL);
INSERT INTO `ait_aitsu_article_property` VALUES (42,440,'',NULL,NULL);
INSERT INTO `ait_aitsu_article_property` VALUES (43,440,'Andreas',NULL,NULL);
INSERT INTO `ait_aitsu_article_property` VALUES (44,440,'Kummer',NULL,NULL);
INSERT INTO `ait_aitsu_article_property` VALUES (45,440,'',NULL,NULL);
INSERT INTO `ait_aitsu_article_property` VALUES (46,440,'',NULL,NULL);
INSERT INTO `ait_aitsu_article_property` VALUES (47,440,'',NULL,NULL);
INSERT INTO `ait_aitsu_article_property` VALUES (48,440,'',NULL,NULL);
INSERT INTO `ait_aitsu_article_property` VALUES (49,440,'',NULL,NULL);
INSERT INTO `ait_aitsu_article_property` VALUES (50,440,'',NULL,NULL);
INSERT INTO `ait_aitsu_article_property` VALUES (51,440,'',NULL,NULL);
INSERT INTO `ait_aitsu_article_property` VALUES (52,492,'a:8:{i:0;s:24:\"sunset_coast_2230302.jpg\";i:1;s:9:\"Bild1.jpg\";i:2;s:34:\"summer_beach_australia_2240541.jpg\";i:3;s:10:\"marker.jpg\";i:4;s:32:\"frosty_winter_morning_177037.jpg\";i:5;s:13:\"riesenrad.jpg\";i:6;s:31:\"small_wind_turbine_P8092706.jpg\";i:7;s:25:\"stormy_beach_P1013473.jpg\";}',NULL,NULL);
INSERT INTO `ait_aitsu_article_property` VALUES (53,492,'value2',NULL,NULL);
INSERT INTO `ait_aitsu_article_property` VALUES (54,492,'a:3:{i:4;s:6:\"value4\";i:6;s:6:\"value6\";i:8;s:6:\"value8\";}',NULL,NULL);
INSERT INTO `ait_aitsu_article_property` VALUES (55,492,'a:3:{i:5;s:6:\"value5\";i:9;s:6:\"value9\";i:2;s:6:\"value2\";}',NULL,NULL);
INSERT INTO `ait_aitsu_article_property` VALUES (56,492,'a:7:{i:0;s:9:\"Bild1.jpg\";i:1;s:10:\"marker.jpg\";i:2;s:13:\"riesenrad.jpg\";i:3;s:32:\"frosty_winter_morning_177037.jpg\";i:4;s:42:\"beach_side_swimming_australia_PB181577.jpg\";i:5;s:29:\"drought_dead_tree_5264574.jpg\";i:6;s:32:\"frost_oak_leaf_winter_218310.jpg\";}',NULL,NULL);
INSERT INTO `ait_aitsu_article_property` VALUES (57,492,NULL,NULL,'0000-00-00 00:00:00');
INSERT INTO `ait_aitsu_article_property` VALUES (58,492,NULL,NULL,'0000-00-00 00:00:00');
INSERT INTO `ait_aitsu_article_property` VALUES (59,492,'das ist ein test 2',NULL,NULL);
INSERT INTO `ait_aitsu_article_property` VALUES (60,492,'und ein weiterer test',NULL,NULL);
INSERT INTO `ait_aitsu_article_property` VALUES (61,492,'value9',NULL,NULL);
INSERT INTO `ait_aitsu_article_property` VALUES (62,492,'idcat 31',NULL,NULL);
INSERT INTO `ait_aitsu_article_property` VALUES (70,497,'Brunnmattstrasse 13, 3174 Thörishaus, Schweiz',NULL,NULL);
INSERT INTO `ait_aitsu_article_property` VALUES (71,497,'w3concepts AG',NULL,NULL);
INSERT INTO `ait_aitsu_article_property` VALUES (72,497,'650',NULL,NULL);
INSERT INTO `ait_aitsu_article_property` VALUES (73,497,'400',NULL,NULL);
INSERT INTO `ait_aitsu_article_property` VALUES (74,497,'',NULL,NULL);
INSERT INTO `ait_aitsu_article_property` VALUES (75,497,'16',NULL,NULL);
INSERT INTO `ait_aitsu_article_property` VALUES (76,497,'SATELLITE',NULL,NULL);
INSERT INTO `ait_aitsu_article_property` VALUES (77,497,'Fürstenwall 35, 40219 Düsseldorf, Deutschland',NULL,NULL);
INSERT INTO `ait_aitsu_article_property` VALUES (78,497,'meine experten GbR',NULL,NULL);
INSERT INTO `ait_aitsu_article_property` VALUES (79,497,'650',NULL,NULL);
INSERT INTO `ait_aitsu_article_property` VALUES (80,497,'400',NULL,NULL);
INSERT INTO `ait_aitsu_article_property` VALUES (81,497,'',NULL,NULL);
INSERT INTO `ait_aitsu_article_property` VALUES (82,497,'15',NULL,NULL);
INSERT INTO `ait_aitsu_article_property` VALUES (83,497,'ROADMAP',NULL,NULL);
INSERT INTO `ait_aitsu_article_property` VALUES (85,492,NULL,NULL,NULL);
INSERT INTO `ait_aitsu_article_property` VALUES (86,492,'N;',NULL,NULL);
INSERT INTO `ait_aitsu_article_property` VALUES (87,492,NULL,NULL,'0000-00-00 00:00:00');
INSERT INTO `ait_aitsu_article_property` VALUES (88,492,NULL,NULL,'0000-00-00 00:00:00');
INSERT INTO `ait_aitsu_article_property` VALUES (89,492,'',NULL,NULL);
INSERT INTO `ait_aitsu_article_property` VALUES (90,492,'',NULL,NULL);
INSERT INTO `ait_aitsu_article_property` VALUES (91,492,'',NULL,NULL);
INSERT INTO `ait_aitsu_article_property` VALUES (92,492,'',NULL,NULL);
INSERT INTO `ait_aitsu_article_property` VALUES (93,492,NULL,NULL,NULL);
INSERT INTO `ait_aitsu_article_property` VALUES (94,492,'a:1:{i:0;s:9:\"Bild1.jpg\";}',NULL,NULL);
INSERT INTO `ait_aitsu_article_property` VALUES (95,492,NULL,NULL,NULL);
INSERT INTO `ait_aitsu_article_property` VALUES (96,492,'N;',NULL,NULL);
INSERT INTO `ait_aitsu_article_property` VALUES (97,492,NULL,NULL,'0000-00-00 00:00:00');
INSERT INTO `ait_aitsu_article_property` VALUES (98,492,NULL,NULL,'0000-00-00 00:00:00');
INSERT INTO `ait_aitsu_article_property` VALUES (99,492,'',NULL,NULL);
INSERT INTO `ait_aitsu_article_property` VALUES (100,492,'',NULL,NULL);
INSERT INTO `ait_aitsu_article_property` VALUES (101,492,'',NULL,NULL);
INSERT INTO `ait_aitsu_article_property` VALUES (102,492,'',NULL,NULL);
INSERT INTO `ait_aitsu_article_property` VALUES (103,492,'a:2:{i:0;s:10:\"marker.jpg\";i:1;s:9:\"Bild1.jpg\";}',NULL,NULL);
CREATE TABLE `ait_aitsu_property` (  `propertyid` int(10) unsigned NOT NULL AUTO_INCREMENT,  `identifier` varchar(255) NOT NULL,  `type` enum('text','float','date','serialized') NOT NULL,  PRIMARY KEY (`propertyid`),  UNIQUE KEY `identifier` (`identifier`)) ENGINE=InnoDB AUTO_INCREMENT=104 DEFAULT CHARSET=utf8;
INSERT INTO `ait_aitsu_property` VALUES (1,'ModuleConfig_Root:Template_params','serialized');
INSERT INTO `ait_aitsu_property` VALUES (2,'ModuleConfig_Header:Template_params','serialized');
INSERT INTO `ait_aitsu_property` VALUES (3,'ModuleConfig_Navigation:Template_params','serialized');
INSERT INTO `ait_aitsu_property` VALUES (4,'ModuleConfig_Main:Template_params','serialized');
INSERT INTO `ait_aitsu_property` VALUES (5,'ModuleConfig_Footer:Template_params','serialized');
INSERT INTO `ait_aitsu_property` VALUES (6,'ModuleConfig_Col3Content:Template_params','serialized');
INSERT INTO `ait_aitsu_property` VALUES (7,'ModuleConfig_Col3Content:SubTemplate','text');
INSERT INTO `ait_aitsu_property` VALUES (8,'ModuleConfig_Col1Content:Template_params','serialized');
INSERT INTO `ait_aitsu_property` VALUES (9,'ModuleConfig_Body:Template_params','serialized');
INSERT INTO `ait_aitsu_property` VALUES (10,'ModuleConfig_Header:HeaderIllustration-Medium','text');
INSERT INTO `ait_aitsu_property` VALUES (11,'ModuleConfig_Header:HeaderIllustration-Media','serialized');
INSERT INTO `ait_aitsu_property` VALUES (12,'articleProperty:mainImage','text');
INSERT INTO `ait_aitsu_property` VALUES (13,'ModuleConfig_MainBottom:Template_params','serialized');
INSERT INTO `ait_aitsu_property` VALUES (14,'ModuleConfig_MainBottom:SubTemplate','text');
INSERT INTO `ait_aitsu_property` VALUES (15,'ModuleConfig_1:ImageTemplate','text');
INSERT INTO `ait_aitsu_property` VALUES (16,'ModuleConfig_1:Image','serialized');
INSERT INTO `ait_aitsu_property` VALUES (17,'ModuleConfig_3:ImageTemplate','text');
INSERT INTO `ait_aitsu_property` VALUES (18,'ModuleConfig_3:Image','serialized');
INSERT INTO `ait_aitsu_property` VALUES (19,'ModuleConfig_Col1Content:SubTemplate','text');
INSERT INTO `ait_aitsu_property` VALUES (34,'ModuleConfig_1:Firstname','text');
INSERT INTO `ait_aitsu_property` VALUES (35,'ModuleConfig_1:Lastname','text');
INSERT INTO `ait_aitsu_property` VALUES (36,'ModuleConfig_1:Street','text');
INSERT INTO `ait_aitsu_property` VALUES (37,'ModuleConfig_1:P.O.Box','text');
INSERT INTO `ait_aitsu_property` VALUES (38,'ModuleConfig_1:Zip','text');
INSERT INTO `ait_aitsu_property` VALUES (39,'ModuleConfig_1:City','text');
INSERT INTO `ait_aitsu_property` VALUES (40,'ModuleConfig_1:Phone','text');
INSERT INTO `ait_aitsu_property` VALUES (41,'ModuleConfig_1:Fax','text');
INSERT INTO `ait_aitsu_property` VALUES (42,'ModuleConfig_1:Website','text');
INSERT INTO `ait_aitsu_property` VALUES (43,'ModuleConfig_2:Firstname','text');
INSERT INTO `ait_aitsu_property` VALUES (44,'ModuleConfig_2:Lastname','text');
INSERT INTO `ait_aitsu_property` VALUES (45,'ModuleConfig_2:Street','text');
INSERT INTO `ait_aitsu_property` VALUES (46,'ModuleConfig_2:P.O.Box','text');
INSERT INTO `ait_aitsu_property` VALUES (47,'ModuleConfig_2:Zip','text');
INSERT INTO `ait_aitsu_property` VALUES (48,'ModuleConfig_2:City','text');
INSERT INTO `ait_aitsu_property` VALUES (49,'ModuleConfig_2:Phone','text');
INSERT INTO `ait_aitsu_property` VALUES (50,'ModuleConfig_2:Fax','text');
INSERT INTO `ait_aitsu_property` VALUES (51,'ModuleConfig_2:Website','text');
INSERT INTO `ait_aitsu_property` VALUES (52,'ModuleConfig_1:Image.Media','serialized');
INSERT INTO `ait_aitsu_property` VALUES (53,'ModuleConfig_1:Radio','text');
INSERT INTO `ait_aitsu_property` VALUES (54,'ModuleConfig_1:Checkbox','serialized');
INSERT INTO `ait_aitsu_property` VALUES (55,'ModuleConfig_1:Checkbox_1','serialized');
INSERT INTO `ait_aitsu_property` VALUES (56,'ModuleConfig_1:Image_Media','serialized');
INSERT INTO `ait_aitsu_property` VALUES (57,'ModuleConfig_1:start_time','date');
INSERT INTO `ait_aitsu_property` VALUES (58,'ModuleConfig_1:end_time','date');
INSERT INTO `ait_aitsu_property` VALUES (59,'ModuleConfig_1:remark1','text');
INSERT INTO `ait_aitsu_property` VALUES (60,'ModuleConfig_1:remark2','text');
INSERT INTO `ait_aitsu_property` VALUES (61,'ModuleConfig_1:Select_1','text');
INSERT INTO `ait_aitsu_property` VALUES (62,'ModuleConfig_1:link','text');
INSERT INTO `ait_aitsu_property` VALUES (70,'ModuleConfig_1:GoogleMapJavascript_Address','text');
INSERT INTO `ait_aitsu_property` VALUES (71,'ModuleConfig_1:GoogleMapJavascript_Name','text');
INSERT INTO `ait_aitsu_property` VALUES (72,'ModuleConfig_1:GoogleMapJavascript_Width','text');
INSERT INTO `ait_aitsu_property` VALUES (73,'ModuleConfig_1:GoogleMapJavascript_Height','text');
INSERT INTO `ait_aitsu_property` VALUES (74,'ModuleConfig_1:GoogleMapJavascript_Class','text');
INSERT INTO `ait_aitsu_property` VALUES (75,'ModuleConfig_1:GoogleMapJavascript_Zoom','text');
INSERT INTO `ait_aitsu_property` VALUES (76,'ModuleConfig_1:GoogleMapJavascript_Type','text');
INSERT INTO `ait_aitsu_property` VALUES (77,'ModuleConfig_2:GoogleMapJavascript_Address','text');
INSERT INTO `ait_aitsu_property` VALUES (78,'ModuleConfig_2:GoogleMapJavascript_Name','text');
INSERT INTO `ait_aitsu_property` VALUES (79,'ModuleConfig_2:GoogleMapJavascript_Width','text');
INSERT INTO `ait_aitsu_property` VALUES (80,'ModuleConfig_2:GoogleMapJavascript_Height','text');
INSERT INTO `ait_aitsu_property` VALUES (81,'ModuleConfig_2:GoogleMapJavascript_Class','text');
INSERT INTO `ait_aitsu_property` VALUES (82,'ModuleConfig_2:GoogleMapJavascript_Zoom','text');
INSERT INTO `ait_aitsu_property` VALUES (83,'ModuleConfig_2:GoogleMapJavascript_Type','text');
INSERT INTO `ait_aitsu_property` VALUES (84,'ModuleConfig_1:DownloadList','serialized');
INSERT INTO `ait_aitsu_property` VALUES (85,'ModuleConfig_2:Radio','text');
INSERT INTO `ait_aitsu_property` VALUES (86,'ModuleConfig_2:Checkbox_1','serialized');
INSERT INTO `ait_aitsu_property` VALUES (87,'ModuleConfig_2:start_time','date');
INSERT INTO `ait_aitsu_property` VALUES (88,'ModuleConfig_2:end_time','date');
INSERT INTO `ait_aitsu_property` VALUES (89,'ModuleConfig_2:remark1','text');
INSERT INTO `ait_aitsu_property` VALUES (90,'ModuleConfig_2:remark2','text');
INSERT INTO `ait_aitsu_property` VALUES (91,'ModuleConfig_2:Select_1','text');
INSERT INTO `ait_aitsu_property` VALUES (92,'ModuleConfig_2:link','text');
INSERT INTO `ait_aitsu_property` VALUES (93,'ModuleConfig_2:ImageTemplate','text');
INSERT INTO `ait_aitsu_property` VALUES (94,'ModuleConfig_2:Image_Media','serialized');
INSERT INTO `ait_aitsu_property` VALUES (95,'ModuleConfig_3:Radio','text');
INSERT INTO `ait_aitsu_property` VALUES (96,'ModuleConfig_3:Checkbox_1','serialized');
INSERT INTO `ait_aitsu_property` VALUES (97,'ModuleConfig_3:start_time','date');
INSERT INTO `ait_aitsu_property` VALUES (98,'ModuleConfig_3:end_time','date');
INSERT INTO `ait_aitsu_property` VALUES (99,'ModuleConfig_3:remark1','text');
INSERT INTO `ait_aitsu_property` VALUES (100,'ModuleConfig_3:remark2','text');
INSERT INTO `ait_aitsu_property` VALUES (101,'ModuleConfig_3:Select_1','text');
INSERT INTO `ait_aitsu_property` VALUES (102,'ModuleConfig_3:link','text');
INSERT INTO `ait_aitsu_property` VALUES (103,'ModuleConfig_3:Image_Media','serialized');
CREATE TABLE `ait_aitsu_rewrite_history` (  `url` varchar(255) NOT NULL,  `idartlang` int(10) unsigned NOT NULL,  `created` datetime NOT NULL,  PRIMARY KEY (`url`,`idartlang`)) ENGINE=MyISAM DEFAULT CHARSET=utf8;
INSERT INTO `ait_aitsu_rewrite_history` VALUES ('/',440,'2010-11-25 12:09:59');
INSERT INTO `ait_aitsu_rewrite_history` VALUES ('/demo/templates/',492,'2010-11-26 14:38:34');
INSERT INTO `ait_aitsu_rewrite_history` VALUES ('/demo/module/',493,'2010-11-26 14:38:35');
INSERT INTO `ait_aitsu_rewrite_history` VALUES ('/demo/shortcodes/',494,'2010-11-26 14:38:35');
INSERT INTO `ait_aitsu_rewrite_history` VALUES ('/demo/area-51/',497,'2010-11-26 14:38:36');
INSERT INTO `ait_aitsu_rewrite_history` VALUES ('/demo/skins/',491,'2010-11-26 14:47:01');
INSERT INTO `ait_aitsu_rewrite_history` VALUES ('/demo/area-51/?clearcache=all',497,'2010-11-26 15:41:23');
INSERT INTO `ait_aitsu_rewrite_history` VALUES ('/?clearcache=all',440,'2010-11-26 17:19:32');
INSERT INTO `ait_aitsu_rewrite_history` VALUES ('/de/demo/templates/',492,'2010-11-26 17:21:38');
INSERT INTO `ait_aitsu_rewrite_history` VALUES ('/de/demo/module/',493,'2010-11-26 17:21:39');
INSERT INTO `ait_aitsu_rewrite_history` VALUES ('/de/demo/shortcodes/',494,'2010-11-26 17:21:40');
INSERT INTO `ait_aitsu_rewrite_history` VALUES ('/de/demo/area-51/',497,'2010-11-26 17:21:41');
INSERT INTO `ait_aitsu_rewrite_history` VALUES ('/de/demo/skins/',491,'2010-11-26 17:21:42');
INSERT INTO `ait_aitsu_rewrite_history` VALUES ('/demo/area-51/?profile=1',497,'2010-11-26 20:55:46');
INSERT INTO `ait_aitsu_rewrite_history` VALUES ('/closed-area',506,'2010-11-29 18:07:18');
INSERT INTO `ait_aitsu_rewrite_history` VALUES ('/demo/shortcodes/?clearcache',494,'2010-11-29 19:52:02');
INSERT INTO `ait_aitsu_rewrite_history` VALUES ('/demo/shortcodes/?clearcache=all',494,'2010-11-29 19:52:05');
INSERT INTO `ait_aitsu_rewrite_history` VALUES ('/closed-area',510,'2010-11-29 21:05:25');
INSERT INTO `ait_aitsu_rewrite_history` VALUES ('/closed-area/',510,'2010-11-29 21:20:26');
INSERT INTO `ait_aitsu_rewrite_history` VALUES ('/login/',510,'2010-11-29 21:22:34');
INSERT INTO `ait_aitsu_rewrite_history` VALUES ('/closed-area/',506,'2010-11-29 21:23:22');
INSERT INTO `ait_aitsu_rewrite_history` VALUES ('/closed-area/?clearcache',510,'2010-11-29 21:24:01');
INSERT INTO `ait_aitsu_rewrite_history` VALUES ('/closed-area/?clearcache=all',510,'2010-11-29 21:24:04');
INSERT INTO `ait_aitsu_rewrite_history` VALUES ('/closed-area/?logout',510,'2010-11-29 21:32:36');
INSERT INTO `ait_aitsu_rewrite_history` VALUES ('/closed-area?logout',510,'2010-11-29 21:36:06');
INSERT INTO `ait_aitsu_rewrite_history` VALUES ('/closed-area/?clearcache=all',506,'2010-11-30 14:27:31');
INSERT INTO `ait_aitsu_rewrite_history` VALUES ('/demo/area-51/?profile',497,'2010-12-07 14:43:16');
INSERT INTO `ait_aitsu_rewrite_history` VALUES ('/',511,'2010-12-07 15:14:33');
INSERT INTO `ait_aitsu_rewrite_history` VALUES ('/demo/skins/?clearcache=all',491,'2011-01-04 19:17:25');
INSERT INTO `ait_aitsu_rewrite_history` VALUES ('/demo/skins/',510,'2011-01-04 19:17:50');
INSERT INTO `ait_aitsu_rewrite_history` VALUES ('/demo/module/?logout',510,'2011-01-04 19:19:49');
INSERT INTO `ait_aitsu_rewrite_history` VALUES ('/demo/module/',510,'2011-01-04 19:19:54');
INSERT INTO `ait_aitsu_rewrite_history` VALUES ('/demo/templates/',510,'2011-01-04 19:19:55');
INSERT INTO `ait_aitsu_rewrite_history` VALUES ('/demo/shortcodes/',510,'2011-01-04 19:19:55');
INSERT INTO `ait_aitsu_rewrite_history` VALUES ('/demo/shortcodes',510,'2011-01-04 19:20:03');
INSERT INTO `ait_aitsu_rewrite_history` VALUES ('/demo/area-51/',612,'2011-01-22 14:08:15');
INSERT INTO `ait_aitsu_rewrite_history` VALUES ('/demo/shortcodes/',493,'2011-01-24 16:23:08');
INSERT INTO `ait_aitsu_rewrite_history` VALUES ('/demo/area-51/list-download.html',613,'2011-01-29 15:03:39');
INSERT INTO `ait_aitsu_rewrite_history` VALUES ('/demo/area-51/list-download.html?clearcache=all',613,'2011-01-29 15:26:58');
INSERT INTO `ait_aitsu_rewrite_history` VALUES ('/demo/test-source/',597,'2011-01-29 15:27:07');
INSERT INTO `ait_aitsu_rewrite_history` VALUES ('/demo/templates/?clearcache=all',492,'2011-01-29 15:36:33');
INSERT INTO `ait_aitsu_rewrite_history` VALUES ('/demo/shortcodes/?clearcache=all',493,'2011-01-29 15:37:23');
CREATE TABLE `ait_art` (  `idart` int(10) unsigned NOT NULL AUTO_INCREMENT,  `idclient` int(10) unsigned NOT NULL DEFAULT '0',  PRIMARY KEY (`idart`),  KEY `idclient` (`idclient`),  CONSTRAINT `ait_art_ibfk_1` FOREIGN KEY (`idclient`) REFERENCES `ait_clients` (`idclient`) ON DELETE CASCADE) ENGINE=InnoDB AUTO_INCREMENT=292 DEFAULT CHARSET=utf8;
INSERT INTO `ait_art` VALUES (224,1);
INSERT INTO `ait_art` VALUES (230,1);
INSERT INTO `ait_art` VALUES (233,1);
INSERT INTO `ait_art` VALUES (272,1);
INSERT INTO `ait_art` VALUES (273,1);
INSERT INTO `ait_art` VALUES (274,1);
INSERT INTO `ait_art` VALUES (275,1);
INSERT INTO `ait_art` VALUES (276,1);
INSERT INTO `ait_art` VALUES (278,1);
INSERT INTO `ait_art` VALUES (286,1);
INSERT INTO `ait_art` VALUES (287,1);
INSERT INTO `ait_art` VALUES (291,1);
CREATE TABLE `ait_art_lang` (  `idartlang` int(10) unsigned NOT NULL AUTO_INCREMENT,  `idart` int(10) unsigned NOT NULL DEFAULT '0',  `idlang` int(10) unsigned NOT NULL DEFAULT '0',  `title` varchar(255) NOT NULL,  `urlname` varchar(255) NOT NULL,  `pagetitle` varchar(255) NOT NULL,  `teasertitle` varchar(255) NOT NULL,  `summary` text,  `created` datetime NOT NULL DEFAULT '0000-00-00 00:00:00',  `lastmodified` datetime NOT NULL DEFAULT '0000-00-00 00:00:00',  `online` tinyint(1) NOT NULL DEFAULT '0',  `pubfrom` timestamp NULL DEFAULT NULL,  `pubuntil` timestamp NULL DEFAULT NULL,  `published` tinyint(3) unsigned DEFAULT NULL,  `redirect` tinyint(4) NOT NULL DEFAULT '0',  `redirect_url` varchar(255) DEFAULT NULL,  `artsort` int(10) NOT NULL DEFAULT '0',  `locked` int(1) NOT NULL DEFAULT '0',  `configsetid` int(10) unsigned DEFAULT NULL,  `config` text,  `mainimage` varchar(255) DEFAULT NULL,  PRIMARY KEY (`idartlang`),  UNIQUE KEY `idart` (`idart`,`idlang`),  KEY `idlang` (`idlang`),  KEY `title` (`title`),  KEY `pagetitle` (`pagetitle`),  KEY `configsetid` (`configsetid`),  CONSTRAINT `ait_art_lang_ibfk_1` FOREIGN KEY (`idart`) REFERENCES `ait_art` (`idart`) ON DELETE CASCADE,  CONSTRAINT `ait_art_lang_ibfk_2` FOREIGN KEY (`idlang`) REFERENCES `ait_lang` (`idlang`) ON DELETE CASCADE,  CONSTRAINT `ait_art_lang_ibfk_3` FOREIGN KEY (`configsetid`) REFERENCES `ait_configset` (`configsetid`) ON DELETE SET NULL) ENGINE=InnoDB AUTO_INCREMENT=511 DEFAULT CHARSET=utf8;
INSERT INTO `ait_art_lang` VALUES (440,224,1,'index','index','aitsu Open Source-CMS-Framework','','','2011-01-22 14:05:13','2011-02-07 08:48:20',1,NULL,NULL,NULL,1,NULL,0,0,NULL,'test = area51',NULL);
INSERT INTO `ait_art_lang` VALUES (446,230,1,'index','index','Seite nicht gefunden - 404','','','2010-12-27 17:37:12','2011-02-07 08:48:20',1,NULL,NULL,NULL,0,NULL,0,0,NULL,NULL,NULL);
INSERT INTO `ait_art_lang` VALUES (449,233,1,'index','index','System','','','2010-12-15 14:46:18','2011-02-07 08:48:20',1,NULL,NULL,NULL,0,'/',0,0,NULL,NULL,NULL);
INSERT INTO `ait_art_lang` VALUES (491,272,1,'index','index','Skins mit aitsu CMS','','','2011-01-11 22:16:00','2011-02-07 08:48:20',1,NULL,NULL,NULL,0,NULL,0,0,NULL,NULL,NULL);
INSERT INTO `ait_art_lang` VALUES (492,273,1,'index','index','Templates mit aitsu CMS','','','2011-01-31 16:32:23','2011-02-07 08:48:21',1,NULL,NULL,NULL,0,NULL,0,0,NULL,'','drought_dead_tree_5264574.jpg');
INSERT INTO `ait_art_lang` VALUES (493,274,1,'index','index','Module mit aitsu CMS','','','2011-01-14 11:46:11','2011-02-07 08:48:21',1,NULL,NULL,NULL,0,NULL,0,0,NULL,'',NULL);
INSERT INTO `ait_art_lang` VALUES (494,275,1,'index','index','Shortcodes mit aitsu CMS','','','2011-01-29 16:22:17','2011-02-07 08:48:21',1,'2011-01-29 15:19:53',NULL,NULL,0,'idcat 34',0,0,NULL,'','bush_walk_marker_080150.jpg');
INSERT INTO `ait_art_lang` VALUES (495,276,1,'index','index','Weiterleitung','','','2010-12-07 14:20:19','2011-02-07 08:48:22',1,NULL,NULL,NULL,1,'/',0,0,8,NULL,NULL);
INSERT INTO `ait_art_lang` VALUES (497,278,1,'Google.Maps.Javascript','google-maps-javascript','Google.Maps.Javascript','','Google Maps Javascript API Referenzimplementierung.','2011-01-22 14:10:47','2011-02-07 08:48:22',1,'2010-11-19 17:15:11',NULL,NULL,0,NULL,0,0,NULL,NULL,NULL);
INSERT INTO `ait_art_lang` VALUES (505,286,1,'index','index','','','','2010-11-23 20:31:45','2011-02-07 08:48:22',1,NULL,NULL,NULL,1,'/',0,0,8,NULL,NULL);
INSERT INTO `ait_art_lang` VALUES (506,287,1,'index','index','Closed area','','','2011-01-25 16:45:56','2011-02-07 08:48:22',1,NULL,NULL,NULL,0,NULL,0,0,NULL,'',NULL);
INSERT INTO `ait_art_lang` VALUES (510,291,1,'index','index','Login page','','','2010-11-29 21:04:18','2011-02-07 08:48:23',1,NULL,NULL,NULL,0,NULL,0,0,NULL,NULL,NULL);
CREATE TABLE `ait_art_meta` (  `idartlang` int(10) unsigned NOT NULL,  `description` text NOT NULL,  `author` varchar(255) NOT NULL,  `keywords` text NOT NULL,  `date` date DEFAULT NULL,  `expires` date DEFAULT NULL,  `robots` varchar(255) NOT NULL,  `dctitle` varchar(255) NOT NULL,  `dccreator` varchar(255) NOT NULL,  `dcsubject` varchar(255) NOT NULL,  `dcpublisher` varchar(255) NOT NULL,  `dccontributor` varchar(255) NOT NULL,  `dcdate` varchar(255) NOT NULL,  `dctype` varchar(255) NOT NULL,  `dcformat` varchar(255) NOT NULL,  `dcidentifier` varchar(255) NOT NULL,  `dcsource` varchar(255) NOT NULL,  `dclanguage` varchar(255) NOT NULL,  `dcrelation` varchar(255) NOT NULL,  `cdcoverage` varchar(255) NOT NULL,  `dcrights` varchar(255) NOT NULL,  PRIMARY KEY (`idartlang`),  CONSTRAINT `ait_art_meta_ibfk_1` FOREIGN KEY (`idartlang`) REFERENCES `ait_art_lang` (`idartlang`) ON DELETE CASCADE) ENGINE=InnoDB DEFAULT CHARSET=utf8;
INSERT INTO `ait_art_meta` VALUES (440,'','meine experten GbR, Frank Ammari','aitsu cms open source','2010-11-01',NULL,'index, follow','','','','','','','','','','','','','','');
INSERT INTO `ait_art_meta` VALUES (446,'','','',NULL,NULL,'noindex, nofollow','','','','','','','','','','','','','','');
INSERT INTO `ait_art_meta` VALUES (449,'','','',NULL,NULL,'index, follow','','','','','','','','','','','','','','');
INSERT INTO `ait_art_meta` VALUES (491,'','meine experten GbR, Frank Ammari','','2010-11-01',NULL,'noindex, nofollow','','','','','','','','','','','','','','');
INSERT INTO `ait_art_meta` VALUES (492,'','meine experten GbR, Frank Ammari','','2010-11-01',NULL,'index, follow','','','','','','','','','','','','','','');
INSERT INTO `ait_art_meta` VALUES (493,'','meine experten GbR, Frank Ammari','','2010-11-01','2011-01-26','noindex','','','','','','','','','','','','','','');
INSERT INTO `ait_art_meta` VALUES (494,'','meine experten GbR, Frank Ammari','','2010-11-01',NULL,'index, follow','','','','','','','','','','','','','','');
INSERT INTO `ait_art_meta` VALUES (497,'Das ist eine Beschreibung.','','',NULL,NULL,'','','','','','','','','','','','','','','');
CREATE TABLE `ait_article_content` (  `idartlang` int(10) unsigned NOT NULL,  `index` varchar(20) NOT NULL,  `value` longtext NOT NULL,  `modified` datetime NOT NULL,  PRIMARY KEY (`idartlang`,`index`),  KEY `idartlang` (`idartlang`),  CONSTRAINT `ait_article_content_ibfk_1` FOREIGN KEY (`idartlang`) REFERENCES `ait_art_lang` (`idartlang`) ON DELETE CASCADE) ENGINE=InnoDB DEFAULT CHARSET=utf8;
INSERT INTO `ait_article_content` VALUES (440,'Headline','','2011-01-29 18:50:51');
INSERT INTO `ait_article_content` VALUES (440,'Main1','<h2>\n	Herzlichen Gl&uuml;ckwunsch</h2>\n<p>\n	Und willkommen beim aitsu Content-Management-System (CMS). aitsu ist Open Source und wird fortlaufend weiterentwickelt. Haben Sie W&uuml;nsche und Anregungen, setzen Sie uns davon bitte in Kenntnis, damit wir die notwendigen Anpassungen vornehmen k&ouml;nnen.</p>\n<h3>\n	aitsu ist mehr</h3>\n<p>\n	Er&ouml;ffnen Sie sich Ihren Zugang zum aitsu Experten-Netzwerk.</p>\n<ul>\n	<li>\n		Screendesigner</li>\n	<li>\n		HTML/CSS-Programmierer</li>\n	<li>\n		PHP/SQL-Programmierer</li>\n	<li>\n		Suchmaschinen-Optimierer</li>\n	<li>\n		Internetmarketing-Profis</li>\n</ul>\n<div class=\"info\">\n	<h3>\n		Hinweis zum Layout</h3>\n	<p>\n		Beim vorliegenden Layout handelt es sich um ein Layoutbeispiel <em>(2col_right_13</em>) aus dem YAML CSS-Framework. Wir m&ouml;chten an dieser Stelle darauf hinweisen, dass f&uuml;r die Verwendung dieses Layouts f&uuml;r eigene Zwecke eine der folgenden Bedingungen erf&uuml;llt sein muss:</p>\n	<ul>\n		<li>\n			Sie besitzen oder erwerben eine YAML-Lizenz, die Ihnen die Erstellung einer unbegrenzten Anzahl von Layouts erlaubt (Agenturlizenz) oder</li>\n		<li>\n			Sie besitzen oder erwerben eine YAML-Einzellizen f&uuml;r das geplante Projekt oder</li>\n		<li>\n			Sie bringen auf der Webseite gut sichtbar den Hinweis an, dass das Layout auf YAML basiert und verweisen mit einem Link auf die Website yaml.de.</li>\n	</ul>\n	<p>\n		Wir bitten Sie aus Gr&uuml;nden der Fairness entweder auf die Verwendung zu verzichten oder daf&uuml;r Sorge zu tragen, dass eine der ew&auml;hnten Bedingungen erf&uuml;llt ist.</p>\n</div>\n<h3>\n	Sandbox</h3>\n<p>\n	In die Sandbox gelangen Sie mit Hilfe der Links in der Hauptnavigation. Wenn Sie keine Sandbox ben&ouml;tigen, k&ouml;nnen Sie die ganze Sandbox-Kategorie gefahrlos l&ouml;schen.</p>\n','2011-01-22 14:06:49');
INSERT INTO `ait_article_content` VALUES (491,'Main1','<h2>\r\n	&bdquo;&Auml;ndern Sie das Aussehen Ihrer Webseite&rdquo;</h2>\r\n<p>\r\n	Unter dem Ordner <strong><em>aitsu/application/skins</em></strong> legen Sie neue Skins und Templates f&uuml;r Ihrer Webseite an. Dabei ist der Aufbau eines neuen Skins denkbar einfach.</p>\r\n<ul>\r\n	<li>\r\n		Kopieren Sie den Inhalt des mitgelieferten Standard-Skins <strong><em>/default</em></strong></li>\r\n	<li>\r\n		Benennen Sie den kopierten Ordner um <strong><em>/mein_skin</em></strong></li>\r\n	<li>\r\n		Passen Sie das Skin nach Ihren W&uuml;nschen an</li>\r\n	<li>\r\n		Tragen Sie in <strong><em>aitsu/application/configs/clients/default.ini</em></strong> das neue Skin ein</li>\r\n</ul>\r\n','2011-01-26 20:42:44');
INSERT INTO `ait_article_content` VALUES (492,'Andreas','<p>\n	das ist ein nackter text.</p>\n','2011-01-29 14:48:04');
INSERT INTO `ait_article_content` VALUES (492,'Kummer','<p>\n	ddfdfgdfgddfsdfs</p>\n<p>\n	sdfsdfs</p>\n','2011-01-29 14:48:04');
INSERT INTO `ait_article_content` VALUES (492,'Main1','<h2>\n	&bdquo;&Auml;ndern Sie den Aufbau Ihrer Webseite&rdquo;</h2>\n<p>\n	Mit Templates und Sub-Templates &auml;ndern Sie den Aufbau Ihrer Webseite per Mausklick. Dabei brauchen Sie dazu nicht mehr, als innerhalb Ihrer Skin-Vorlage eine Template-Weiche einzubauen.</p>\n<p>\n	&nbsp;&nbsp; &nbsp;&nbsp;&nbsp;&nbsp; &lt;script type=&quot;application/x-aitsu&quot; src=&quot;Template:Col3Content&quot;&gt;<br />\n	&nbsp;&nbsp; &nbsp;&nbsp;&nbsp;&nbsp; &nbsp;&nbsp;&nbsp; defaultTemplate = 100<br />\n	<br />\n	&nbsp;&nbsp; &nbsp;&nbsp;&nbsp;&nbsp; &nbsp;&nbsp;&nbsp; template.50_50.name = Subcolumns 50%|50%<br />\n	&nbsp;&nbsp; &nbsp;&nbsp;&nbsp;&nbsp; &nbsp;&nbsp;&nbsp; template.50_50.file = templates/body/subcolumns/50_50.phtml<br />\n	<br />\n	&nbsp;&nbsp; &nbsp;&nbsp;&nbsp;&nbsp; &nbsp;&nbsp;&nbsp; template.100.name = Subcolumn 100%<br />\n	&nbsp;&nbsp; &nbsp;&nbsp;&nbsp;&nbsp; &nbsp;&nbsp;&nbsp; template.100.file = templates/body/subcolumns/100.phtml<br />\n	&nbsp;&nbsp; &nbsp;&nbsp;&nbsp;&nbsp; &lt;/script&gt;</p>\n<p>\n	Im Standard-Skin <strong><em>aitsu/skins/default/templates</em></strong> sind einige Template- und Sub-Template-Beispiele enthalten.</p>\n','2011-01-29 14:49:52');
INSERT INTO `ait_article_content` VALUES (492,'Sub1','','2011-01-29 14:50:05');
INSERT INTO `ait_article_content` VALUES (492,'Sub2','','2011-01-26 21:02:01');
INSERT INTO `ait_article_content` VALUES (492,'Sub3','','2011-01-26 21:02:08');
INSERT INTO `ait_article_content` VALUES (493,'kummer','<p>\n	test</p>\n','2011-01-07 14:58:26');
INSERT INTO `ait_article_content` VALUES (493,'kummer2','<p>\n	und noch einer</p>\n','2011-01-07 14:58:33');
INSERT INTO `ait_article_content` VALUES (493,'Main1','<h2>\n	Funktionalit&auml;t f&uuml;r Ihre Webseite</h2>\n<p>\n	aitsu liefert zahlreiche Module.</p>\n<ul>\n	<li>\n		Navigations-Module</li>\n	<li>\n		Bild-Module</li>\n	<li>\n		Listen-Module</li>\n	<li>\n		Link-Module</li>\n	<li>\n		Template-Module</li>\n</ul>\n<p>\n	_[Image:1]</p>\n<p>\n	Dabei unterscheidet aitsu zwischen globalen Modulen, Community-Modulen, lokalen Modulen und Skin-Modulen. Die Module befinden sich in den Ordner</p>\n<ul>\n	<li>\n		<strong>Default </strong><em>aitsu/library/Aitsu/Ee/Module</em></li>\n	<li>\n		<strong>Community </strong><em>aitsu/library/Comm/Module</em></li>\n	<li>\n		<strong>Lokal </strong><em>aitsu/library/Local/Module</em></li>\n	<li>\n		<strong>Skin </strong><em>aitsu/application/skins/default/module</em></li>\n</ul>\n<p>\n	Globale Module werden mit aitsu ausgeliefert. Sie sind f&uuml;r die Grundfunktionalit&auml;t verantwortlich. Unter Community-Module k&ouml;nnen Sie alle Module ablegen, die durch die Community zur Verf&uuml;gung gestellt werden. Lokale Module bietet Ihnen einen Bereich, indem Sie projektbezogene Module speichern k&ouml;nnen. Skin-Module ist f&uuml;r Module reserviert, die ausschlie&szlig;lich das jeweilige Skin betreffen.</p>\n<h3>\n	Module und Modul-Templates</h3>\n<p>\n	Ein Modul besteht in der Regel aus einer PHP-Datei <strong><em>/ModulName/Class.php</em></strong> und dessen Template-Datei <strong><em>/ModulName/index.phtml</em></strong>. aitsu ber&uuml;cksichtigt ein Modul (php und phtml) in der Reihenfolge:</p>\n<ol>\n	<li>\n		Skin</li>\n	<li>\n		Local</li>\n	<li>\n		Default</li>\n</ol>\n<p>\n	F&uuml;gen Sie beispielsweise ein Navigationsmodul ein und haben weder innerhalb von Skins noch innerhalb von Local ein solches Modul, wird aitsu das Standard-Navigationsmodule finden.</p>\n<h3>\n	Modul-Templates anpassen</h3>\n<p>\n	Ben&ouml;tigen Ihr Skin eine angepasste Navigation, z.B. anstelle einer Navigation als unsortieren Liste <em><strong>&lt;ul&gt;</strong></em> eine Navigation als sortierte Liste <strong><em>&lt;ol&gt;</em></strong>, legen Sie einfach eine Kopie der entsprechenden Template-Datei <strong><em>/ModulName/index.phtml</em></strong> im Modul-Ordner des Skins an. aitsu ber&uuml;cksichtigt Ihre pers&ouml;nliche Template-Datei im Skin-Ordner anstelle der Template-Datei im Default-Ordner.</p>\n<h3>\n	Module verwenden</h3>\n<p>\n	Mit diesem Skript-Block bauen Sie Module in Skins und Templates ein.</p>\n<pre>\n&lt;script type=&quot;application/x-aitsu&quot; src=&quot;Navigation&quot;&gt;\n    idcat = 31\n    template = top\n&lt;/script&gt;\n\n</pre>\n<p>\n	Dabei haben Sie die M&ouml;glichkeit Parameter zu &uuml;bergeben.</p>\n<pre>\n$params = Aitsu_Util :: parseSimpleIni($context[&#39;params&#39;])\n	$idcat = $params-&gt;idcat\n	$template = $params-&gt;template</pre>\n<br />\n','2011-02-03 16:47:52');
INSERT INTO `ait_article_content` VALUES (493,'Sub1','','2011-01-12 12:50:54');
INSERT INTO `ait_article_content` VALUES (493,'Sub2','','2011-01-12 12:51:02');
INSERT INTO `ait_article_content` VALUES (494,'Main1','<h3>\n	Modul-Ausgaben im Flie&szlig;text 2</h3>\n<p>\n	Machen Sie sich Modul-Ausgaben im Flie&szlig;text zunutze. Mit Shortcodes. Dabei brauchen Sie nicht mehr zu machen, als innerhalb des Flie&szlig;textes den Namen des Moduls in der Art <strong>_|[MeinModul:1]</strong> zu schreiben.</p>\n<p>\n	Je nach Art des Moduls erfolgt direkt eine Ausgabe, z.B. ein Kontaktformular, oder es erscheint, nach einem Mausklick, ein Konfigurationsmen&uuml; (<em>Modal-Dialog</em>) indem Sie weitere Einstellungen vornehmen k&ouml;nnen.</p>\n<p>\n	_[Image:1]</p>\n<p>\n	Shortcodes lassen sich mehrfach einsetzen. Nutzen Sie den selben <strong>Index </strong>(<strong>:1</strong>), um immer die selbe Ausgabe zu erhalten, oder verwenden Sie jedesmal einen neuen <strong>Index</strong> <strong>_|[MeinModul:1]</strong>,<strong> _|[MeinModul:2]</strong> um z.B. unterschiedliche Konfigurationen zu nutzen.</p>\n','2011-01-26 20:28:34');
INSERT INTO `ait_article_content` VALUES (494,'Sub1','','2011-01-26 20:29:04');
INSERT INTO `ait_article_content` VALUES (494,'Sub2','','2011-01-26 20:28:27');
INSERT INTO `ait_article_content` VALUES (495,'Main1','<p>\n	Die Sandbox zeigt Ihnen einige Grund-Funktionen von aitsu CMS. Nutzen Sie Sub-Templates f&uuml;r die zus&auml;tzliche Gestaltung Ihre Webseiten oder der Ausgabe von wiederkehrenden Inhalten. Mehr Informationen erhalten Sie untern den Links in der Navigation oben oder rechts.</p>\n','2010-11-08 15:28:23');
INSERT INTO `ait_article_content` VALUES (495,'Sub1','<p>\n	Spalte 1</p>\n','2010-11-08 15:26:28');
INSERT INTO `ait_article_content` VALUES (495,'Sub2','<p>\n	Spalte 2</p>\n','2010-11-08 15:26:34');
INSERT INTO `ait_article_content` VALUES (495,'Sub3','<p>\n	Spalte 3</p>\n','2010-11-08 15:26:46');
INSERT INTO `ait_article_content` VALUES (497,'Main1','<div>\n	_[Google.Maps.Javascript:1]</div>\n<div>\n	&nbsp;</div>\n<div>\n	_[Google.Maps.Javascript:2]</div>\n','2010-11-18 17:41:37');
INSERT INTO `ait_article_content` VALUES (497,'Sub1','','2010-11-19 20:05:32');
INSERT INTO `ait_article_content` VALUES (506,'Main1','<p>\n	Das ist ein geschlossener Bereich. Er ist sichtbar nur f&uuml;r eingeloggte Benuzter, welche eine Rolle aufweisen, die auf diese Resource mit dem Recht <strong>frontend: view</strong> berechtigt ist.</p>\n','2010-11-30 14:29:46');
INSERT INTO `ait_article_content` VALUES (510,'Main1','<p>\n	_[CUG.Login:1]</p>\n','2010-11-29 21:18:29');
CREATE TABLE `ait_cat` (  `idcat` int(10) unsigned NOT NULL AUTO_INCREMENT,  `idclient` int(10) NOT NULL DEFAULT '0',  `parentid` int(10) NOT NULL DEFAULT '0',  `preid` int(10) NOT NULL DEFAULT '0',  `postid` int(10) NOT NULL DEFAULT '0',  `lft` int(10) unsigned DEFAULT NULL,  `rgt` int(10) unsigned DEFAULT NULL,  `status` int(10) NOT NULL DEFAULT '0',  `author` varchar(32) NOT NULL,  `created` datetime NOT NULL DEFAULT '0000-00-00 00:00:00',  `lastmodified` datetime NOT NULL DEFAULT '0000-00-00 00:00:00',  PRIMARY KEY (`idcat`),  KEY `idclient` (`idclient`),  KEY `parentid` (`parentid`),  KEY `preid` (`preid`),  KEY `postid` (`postid`),  KEY `lft` (`lft`),  KEY `rgt` (`rgt`)) ENGINE=InnoDB AUTO_INCREMENT=46 DEFAULT CHARSET=utf8;
INSERT INTO `ait_cat` VALUES (1,1,0,0,0,1,2,0,'','2010-10-14 12:30:09','2010-10-14 12:30:09');
INSERT INTO `ait_cat` VALUES (2,1,0,0,30,3,8,0,'','2010-10-14 12:30:36','2010-10-14 12:30:36');
INSERT INTO `ait_cat` VALUES (9,1,2,0,44,4,5,0,'','2010-10-14 13:13:26','2010-10-14 13:13:26');
INSERT INTO `ait_cat` VALUES (30,1,0,2,0,9,24,0,'','2010-11-08 11:11:36','2010-11-08 11:11:36');
INSERT INTO `ait_cat` VALUES (31,1,30,0,33,10,23,0,'','2010-11-08 11:12:58','2010-11-08 11:12:58');
INSERT INTO `ait_cat` VALUES (32,1,31,0,34,11,12,0,'','2010-11-08 11:13:24','2010-11-08 11:13:24');
INSERT INTO `ait_cat` VALUES (33,1,31,31,40,17,18,0,'','2010-11-08 11:13:25','2010-11-08 11:13:25');
INSERT INTO `ait_cat` VALUES (34,1,31,32,35,13,14,0,'','2010-11-08 11:13:25','2010-11-08 11:13:25');
INSERT INTO `ait_cat` VALUES (35,1,31,34,0,15,16,0,'','2010-11-08 11:13:25','2010-11-08 11:13:25');
INSERT INTO `ait_cat` VALUES (39,1,31,40,0,21,22,0,'','2010-11-18 13:05:15','2010-11-18 13:05:15');
INSERT INTO `ait_cat` VALUES (40,1,31,33,39,19,20,0,'','2010-11-29 18:04:52','2010-11-29 18:04:52');
INSERT INTO `ait_cat` VALUES (44,1,2,9,0,6,7,0,'','2010-11-29 21:03:19','2010-11-29 21:03:19');
INSERT INTO `ait_cat` VALUES (45,2,0,0,0,1,2,0,'','2010-12-07 14:29:46','2010-12-07 14:29:46');
CREATE TABLE `ait_cat_art` (  `idcat` int(10) unsigned NOT NULL,  `idart` int(10) unsigned NOT NULL,  `created` timestamp NOT NULL DEFAULT CURRENT_TIMESTAMP ON UPDATE CURRENT_TIMESTAMP,  `lastmodified` timestamp NULL DEFAULT NULL,  PRIMARY KEY (`idcat`,`idart`),  KEY `idart` (`idart`),  CONSTRAINT `ait_cat_art_ibfk_1` FOREIGN KEY (`idcat`) REFERENCES `ait_cat` (`idcat`) ON DELETE CASCADE,  CONSTRAINT `ait_cat_art_ibfk_2` FOREIGN KEY (`idart`) REFERENCES `ait_art` (`idart`) ON DELETE CASCADE) ENGINE=InnoDB DEFAULT CHARSET=utf8;
INSERT INTO `ait_cat_art` VALUES (1,224,'2011-01-29 17:51:05','2011-01-29 17:51:05');
INSERT INTO `ait_cat_art` VALUES (2,233,'2010-12-15 13:46:59','2010-12-15 13:46:59');
INSERT INTO `ait_cat_art` VALUES (9,230,'2010-12-27 16:37:15','2010-12-27 16:37:15');
INSERT INTO `ait_cat_art` VALUES (30,286,'2010-12-31 08:46:19','2010-12-31 08:46:19');
INSERT INTO `ait_cat_art` VALUES (31,276,'2010-12-28 11:36:21','2010-12-28 11:36:21');
INSERT INTO `ait_cat_art` VALUES (32,272,'2011-01-11 21:17:01','2011-01-11 21:17:01');
INSERT INTO `ait_cat_art` VALUES (33,273,'2011-01-31 15:35:03','2011-01-31 15:35:03');
INSERT INTO `ait_cat_art` VALUES (34,274,'2011-01-14 10:46:25','2011-01-14 10:46:25');
INSERT INTO `ait_cat_art` VALUES (35,275,'2011-01-29 15:22:51','2011-01-29 15:22:51');
INSERT INTO `ait_cat_art` VALUES (39,278,'2011-01-22 13:10:48','2011-01-22 13:10:48');
INSERT INTO `ait_cat_art` VALUES (40,287,'2011-01-26 19:11:02','2011-01-26 19:11:02');
INSERT INTO `ait_cat_art` VALUES (44,291,'2010-11-29 20:04:24','2010-11-29 20:04:24');
CREATE TABLE `ait_cat_favorites` (  `idcat` int(10) unsigned NOT NULL,  `userid` int(10) unsigned NOT NULL,  PRIMARY KEY (`idcat`,`userid`),  KEY `userid` (`userid`),  CONSTRAINT `ait_cat_favorites_ibfk_1` FOREIGN KEY (`idcat`) REFERENCES `ait_cat` (`idcat`) ON DELETE CASCADE,  CONSTRAINT `ait_cat_favorites_ibfk_2` FOREIGN KEY (`userid`) REFERENCES `ait_acl_roles` (`userid`) ON DELETE CASCADE) ENGINE=InnoDB DEFAULT CHARSET=utf8;
INSERT INTO `ait_cat_favorites` VALUES (33,29);
INSERT INTO `ait_cat_favorites` VALUES (34,29);
CREATE TABLE `ait_cat_lang` (  `idcatlang` int(10) unsigned NOT NULL AUTO_INCREMENT,  `idcat` int(10) unsigned NOT NULL DEFAULT '0',  `idlang` int(10) unsigned NOT NULL DEFAULT '0',  `name` varchar(255) NOT NULL,  `visible` tinyint(1) NOT NULL DEFAULT '0',  `public` tinyint(1) NOT NULL DEFAULT '0',  `status` int(10) NOT NULL DEFAULT '0',  `author` varchar(32) NOT NULL,  `created` datetime NOT NULL DEFAULT '0000-00-00 00:00:00',  `lastmodified` datetime NOT NULL DEFAULT '0000-00-00 00:00:00',  `startidartlang` int(10) unsigned DEFAULT NULL,  `urlname` varchar(64) NOT NULL,  `url` varchar(255) DEFAULT NULL,  `configsetid` int(10) unsigned DEFAULT NULL,  `config` text,  PRIMARY KEY (`idcatlang`),  KEY `idcat` (`idcat`),  KEY `idlang` (`idlang`),  KEY `startidartlang` (`startidartlang`),  KEY `urlname` (`urlname`),  KEY `url` (`url`),  KEY `configsetid` (`configsetid`),  CONSTRAINT `ait_cat_lang_ibfk_1` FOREIGN KEY (`idcat`) REFERENCES `ait_cat` (`idcat`) ON DELETE CASCADE,  CONSTRAINT `ait_cat_lang_ibfk_2` FOREIGN KEY (`idlang`) REFERENCES `ait_lang` (`idlang`) ON DELETE CASCADE,  CONSTRAINT `ait_cat_lang_ibfk_3` FOREIGN KEY (`startidartlang`) REFERENCES `ait_art_lang` (`idartlang`) ON DELETE SET NULL,  CONSTRAINT `ait_cat_lang_ibfk_4` FOREIGN KEY (`configsetid`) REFERENCES `ait_configset` (`configsetid`) ON DELETE SET NULL) ENGINE=InnoDB AUTO_INCREMENT=445 DEFAULT CHARSET=utf8;
INSERT INTO `ait_cat_lang` VALUES (393,1,1,'Main',1,1,0,'','2010-10-14 12:30:09','2010-10-14 12:30:09',440,'main','main',NULL,NULL);
INSERT INTO `ait_cat_lang` VALUES (394,2,1,'System',1,1,0,'','2010-10-14 12:30:36','2010-10-14 12:30:36',449,'system','system',NULL,NULL);
INSERT INTO `ait_cat_lang` VALUES (401,9,1,'Fehlerseite',1,1,0,'','2010-10-14 13:13:26','2010-10-14 13:13:26',446,'fehlerseite','fehlerseite',NULL,'');
INSERT INTO `ait_cat_lang` VALUES (430,30,1,'Sandbox',1,1,0,'','2010-11-08 11:11:36','2010-11-08 11:11:36',505,'sandbox','sandbox',NULL,'');
INSERT INTO `ait_cat_lang` VALUES (431,31,1,'Demo',1,0,0,'','2010-11-08 11:12:58','2010-11-08 11:12:58',495,'demo','demo',NULL,'');
INSERT INTO `ait_cat_lang` VALUES (432,32,1,'Skins',1,1,0,'','2010-11-08 11:13:24','2010-11-08 11:13:24',491,'skins','demo/skins',NULL,'');
INSERT INTO `ait_cat_lang` VALUES (433,33,1,'Templates',1,1,0,'','2010-11-08 11:13:25','2010-11-08 11:13:25',492,'templates','demo/templates',NULL,'');
INSERT INTO `ait_cat_lang` VALUES (434,34,1,'Module',1,1,0,'','2010-11-08 11:13:25','2010-11-08 11:13:25',493,'module','demo/module',NULL,'');
INSERT INTO `ait_cat_lang` VALUES (435,35,1,'Shortcodes',1,1,0,'','2010-11-08 11:13:25','2010-11-08 11:13:25',494,'shortcodes','demo/shortcodes',NULL,'');
INSERT INTO `ait_cat_lang` VALUES (439,39,1,'Area 51',1,1,0,'','2010-11-18 13:05:15','2010-11-18 13:05:15',497,'area-51','demo/area-51',NULL,'');
INSERT INTO `ait_cat_lang` VALUES (440,40,1,'Closed area',1,0,0,'','2010-11-29 18:04:52','2010-11-29 18:04:52',506,'closed-area','closed-area',NULL,'');
INSERT INTO `ait_cat_lang` VALUES (444,44,1,'Login',1,1,0,'','2010-11-29 21:03:19','2010-11-29 21:03:19',510,'login','login',NULL,'');
CREATE TABLE `ait_clients` (  `idclient` int(10) unsigned NOT NULL AUTO_INCREMENT,  `name` varchar(255) NOT NULL,  `config` varchar(255) NOT NULL,  `created` datetime NOT NULL DEFAULT '0000-00-00 00:00:00',  `lastmodified` datetime NOT NULL DEFAULT '0000-00-00 00:00:00',  PRIMARY KEY (`idclient`)) ENGINE=InnoDB AUTO_INCREMENT=2 DEFAULT CHARSET=utf8;
INSERT INTO `ait_clients` VALUES (1,'Portal','default','2010-10-25 13:02:28','2010-12-23 21:07:44');
CREATE TABLE `ait_comment` (  `commentid` int(10) unsigned NOT NULL AUTO_INCREMENT,  `idartlang` int(10) unsigned NOT NULL,  `name` varchar(255) NOT NULL,  `email` varchar(255) NOT NULL,  `ip` varchar(100) NOT NULL,  `comment` text NOT NULL,  `created` timestamp NOT NULL DEFAULT CURRENT_TIMESTAMP,  `approved` timestamp NULL DEFAULT NULL,  `deleted` timestamp NULL DEFAULT NULL,  PRIMARY KEY (`commentid`),  KEY `idartlang` (`idartlang`),  CONSTRAINT `ait_comment_ibfk_1` FOREIGN KEY (`idartlang`) REFERENCES `ait_art_lang` (`idartlang`) ON DELETE CASCADE) ENGINE=InnoDB DEFAULT CHARSET=utf8;
CREATE TABLE `ait_conf_token` (  `conftokenid` int(10) unsigned NOT NULL AUTO_INCREMENT,  `token` varchar(255) NOT NULL,  PRIMARY KEY (`conftokenid`),  UNIQUE KEY `token` (`token`)) ENGINE=InnoDB AUTO_INCREMENT=16 DEFAULT CHARSET=utf8;
INSERT INTO `ait_conf_token` VALUES (7,'ammari');
INSERT INTO `ait_conf_token` VALUES (13,'firstname');
INSERT INTO `ait_conf_token` VALUES (6,'foo');
INSERT INTO `ait_conf_token` VALUES (10,'foo1');
INSERT INTO `ait_conf_token` VALUES (11,'foo2');
INSERT INTO `ait_conf_token` VALUES (12,'foo3');
INSERT INTO `ait_conf_token` VALUES (5,'Hans');
INSERT INTO `ait_conf_token` VALUES (9,'lastname');
INSERT INTO `ait_conf_token` VALUES (4,'name');
INSERT INTO `ait_conf_token` VALUES (14,'position');
INSERT INTO `ait_conf_token` VALUES (8,'target');
INSERT INTO `ait_conf_token` VALUES (15,'type');
CREATE TABLE `ait_configset` (  `configsetid` int(10) unsigned NOT NULL AUTO_INCREMENT,  `identifier` varchar(255) NOT NULL,  `config` text NOT NULL,  PRIMARY KEY (`configsetid`),  UNIQUE KEY `identifier` (`identifier`)) ENGINE=InnoDB AUTO_INCREMENT=9 DEFAULT CHARSET=utf8;
INSERT INTO `ait_configset` VALUES (1,'Default','module.template.Root.defaultTemplate.default = index.phtml\n\nplugin.article.edit.position.default = 100\nplugin.article.editalt.position.default =101\nplugin.article.properties.position.default = 200\nplugin.article.meta.position.default = 300\nplugin.article.dc.position.default = 301\nplugin.article.tags.position.default = 500\nplugin.article.media.position.default = 600\nplugin.article.crosslinking.position.default = 700\nplugin.article.articleimage.position.default = 800\nplugin.article.syndication.position.default = 900\nplugin.article.config.position.default = 999999\nplugin.article.redirector.position.default = 0');
INSERT INTO `ait_configset` VALUES (8,'Redirect','plugin.article.redirector.position.default = 200\nplugin.article.edit.position.default = 0\nplugin.article.editalt.position.default =0\nplugin.article.properties.position.default = 100\nplugin.article.meta.position.default = 0\nplugin.article.dc.position.default = 0\nplugin.article.tags.position.default = 0\nplugin.article.crosslinking.position.default = 0\nplugin.article.media.position.default = 300\nplugin.article.articleimage.position.default = 400\n');
CREATE TABLE `ait_content_index` (  `idartlang` int(10) unsigned NOT NULL,  `content` text NOT NULL,  `created` timestamp NOT NULL DEFAULT CURRENT_TIMESTAMP ON UPDATE CURRENT_TIMESTAMP,  PRIMARY KEY (`idartlang`),  FULLTEXT KEY `content` (`content`)) ENGINE=MyISAM DEFAULT CHARSET=utf8;
INSERT INTO `ait_content_index` VALUES (440,' Herzlichen Glückwunsch Und willkommen beim aitsu Content-Management-System (CMS). aitsu ist Open Source und wird fortlaufend weiterentwickelt. Haben Sie Wünsche und Anregungen, setzen Sie uns davon bitte in Kenntnis, damit wir die notwendigen Anpassungen vornehmen können. aitsu ist mehr Eröffnen Sie sich Ihren Zugang zum aitsu Experten-Netzwerk. Screendesigner HTML/CSS-Programmierer PHP/SQL-Programmierer Suchmaschinen-Optimierer Internetmarketing-Profis Hinweis zum Layout Beim vorliegenden Layout handelt es sich um ein Layoutbeispiel (2col_right_13) aus dem YAML CSS-Framework. Wir möchten an dieser Stelle darauf hinweisen, dass für die Verwendung dieses Layouts für eigene Zwecke eine der folgenden Bedingungen erfüllt sein muss: Sie besitzen oder erwerben eine YAML-Lizenz, die Ihnen die Erstellung einer unbegrenzten Anzahl von Layouts erlaubt (Agenturlizenz) oder Sie besitzen oder erwerben eine YAML-Einzellizen für das geplante Projekt oder Sie bringen auf der Webseite gut sichtbar den Hinweis an, dass das Layout auf YAML basiert und verweisen mit einem Link auf die Website yaml.de. Wir bitten Sie aus Gründen der Fairness entweder auf die Verwendung zu verzichten oder dafür Sorge zu tragen, dass eine der ewähnten Bedingungen erfüllt ist. Sandbox In die Sandbox gelangen Sie mit Hilfe der Links in der Hauptnavigation. Wenn Sie keine Sandbox benötigen, können Sie die ganze Sandbox-Kategorie gefahrlos löschen. ','2011-01-29 17:50:51');
INSERT INTO `ait_content_index` VALUES (491,' „Ändern Sie das Aussehen Ihrer Webseite” Unter dem Ordner aitsu/application/skins legen Sie neue Skins und Templates für Ihrer Webseite an. Dabei ist der Aufbau eines neuen Skins denkbar einfach. Kopieren Sie den Inhalt des mitgelieferten Standard-Skins /default Benennen Sie den kopierten Ordner um /mein_skin Passen Sie das Skin nach Ihren Wünschen an Tragen Sie in aitsu/application/configs/clients/default.ini das neue Skin ein ','2011-01-26 19:42:44');
INSERT INTO `ait_content_index` VALUES (497,' _[Google.Maps.Javascript:1]   _[Google.Maps.Javascript:2] ','2010-11-26 15:11:04');
INSERT INTO `ait_content_index` VALUES (506,' Das ist ein geschlossener Bereich. Er ist sichtbar nur für eingeloggte Benuzter, welche eine Rolle aufweisen, die auf diese Resource mit dem Recht frontend: view berechtigt ist. ','2010-11-30 13:29:46');
INSERT INTO `ait_content_index` VALUES (507,'','2010-11-29 17:06:23');
INSERT INTO `ait_content_index` VALUES (508,'','2010-11-29 17:06:27');
INSERT INTO `ait_content_index` VALUES (509,'','2010-11-29 17:06:32');
INSERT INTO `ait_content_index` VALUES (510,' _[CUG.Login:1] ','2010-11-29 20:18:29');
INSERT INTO `ait_content_index` VALUES (495,' Die Sandbox zeigt Ihnen einige Grund-Funktionen von aitsu CMS. Nutzen Sie Sub-Templates für die zusätzliche Gestaltung Ihre Webseiten oder der Ausgabe von wiederkehrenden Inhalten. Mehr Informationen erhalten Sie untern den Links in der Navigation oben oder rechts. Spalte 1 Spalte 2 Spalte 3 ','2010-12-07 13:20:19');
INSERT INTO `ait_content_index` VALUES (511,'','2010-12-15 12:35:34');
INSERT INTO `ait_content_index` VALUES (512,'','2010-12-15 12:35:57');
INSERT INTO `ait_content_index` VALUES (449,'','2010-12-11 09:02:31');
INSERT INTO `ait_content_index` VALUES (513,'','2010-12-15 12:38:16');
INSERT INTO `ait_content_index` VALUES (514,'','2010-12-15 12:40:55');
INSERT INTO `ait_content_index` VALUES (515,'','2010-12-15 12:41:05');
INSERT INTO `ait_content_index` VALUES (516,'','2010-12-15 12:44:04');
INSERT INTO `ait_content_index` VALUES (517,'','2010-12-15 12:48:00');
INSERT INTO `ait_content_index` VALUES (518,'','2010-12-15 12:48:02');
INSERT INTO `ait_content_index` VALUES (519,'','2010-12-15 12:48:04');
INSERT INTO `ait_content_index` VALUES (520,'','2010-12-15 12:49:03');
INSERT INTO `ait_content_index` VALUES (521,'','2010-12-15 12:49:07');
INSERT INTO `ait_content_index` VALUES (522,'','2010-12-15 12:49:09');
INSERT INTO `ait_content_index` VALUES (523,'','2010-12-15 12:49:18');
INSERT INTO `ait_content_index` VALUES (524,'','2010-12-15 12:49:31');
INSERT INTO `ait_content_index` VALUES (525,'','2010-12-15 12:50:01');
INSERT INTO `ait_content_index` VALUES (526,'','2010-12-15 12:50:03');
INSERT INTO `ait_content_index` VALUES (527,'','2010-12-15 12:50:03');
INSERT INTO `ait_content_index` VALUES (528,'','2010-12-15 12:50:04');
INSERT INTO `ait_content_index` VALUES (529,'','2010-12-15 12:50:05');
INSERT INTO `ait_content_index` VALUES (530,'','2010-12-15 12:51:00');
INSERT INTO `ait_content_index` VALUES (531,'','2010-12-15 12:51:03');
INSERT INTO `ait_content_index` VALUES (532,'','2010-12-15 12:51:06');
INSERT INTO `ait_content_index` VALUES (533,'','2010-12-15 12:51:41');
INSERT INTO `ait_content_index` VALUES (534,'','2010-12-15 12:51:46');
INSERT INTO `ait_content_index` VALUES (535,'','2010-12-15 12:51:53');
INSERT INTO `ait_content_index` VALUES (536,'','2010-12-15 12:51:54');
INSERT INTO `ait_content_index` VALUES (537,'','2010-12-15 13:27:40');
INSERT INTO `ait_content_index` VALUES (538,'','2010-12-15 14:13:59');
INSERT INTO `ait_content_index` VALUES (539,'','2010-12-15 14:23:52');
INSERT INTO `ait_content_index` VALUES (540,'','2010-12-15 14:24:52');
INSERT INTO `ait_content_index` VALUES (541,'','2010-12-15 14:25:11');
INSERT INTO `ait_content_index` VALUES (542,'','2010-12-15 14:25:13');
INSERT INTO `ait_content_index` VALUES (543,'','2010-12-15 14:25:14');
INSERT INTO `ait_content_index` VALUES (544,'','2010-12-15 14:25:16');
INSERT INTO `ait_content_index` VALUES (545,'','2010-12-15 14:25:17');
INSERT INTO `ait_content_index` VALUES (546,'','2010-12-15 14:32:15');
INSERT INTO `ait_content_index` VALUES (547,'','2010-12-15 14:34:09');
INSERT INTO `ait_content_index` VALUES (548,'','2010-12-15 14:35:58');
INSERT INTO `ait_content_index` VALUES (492,' das ist ein nackter text. ddfdfgdfgddfsdfs sdfsdfs „Ändern Sie den Aufbau Ihrer Webseite” Mit Templates und Sub-Templates ändern Sie den Aufbau Ihrer Webseite per Mausklick. Dabei brauchen Sie dazu nicht mehr, als innerhalb Ihrer Skin-Vorlage eine Template-Weiche einzubauen.         <script type=\"application/x-aitsu\" src=\"Template:Col3Content\">             defaultTemplate = 100             template.50_50.name = Subcolumns 50%|50%             template.50_50.file = templates/body/subcolumns/50_50.phtml             template.100.name = Subcolumn 100%             template.100.file = templates/body/subcolumns/100.phtml         </script> Im Standard-Skin aitsu/skins/default/templates sind einige Template- und Sub-Template-Beispiele enthalten. ','2011-01-29 13:50:05');
INSERT INTO `ait_content_index` VALUES (549,'','2010-12-15 14:56:31');
INSERT INTO `ait_content_index` VALUES (550,'','2010-12-15 14:56:32');
INSERT INTO `ait_content_index` VALUES (551,'','2010-12-15 14:56:32');
INSERT INTO `ait_content_index` VALUES (552,'','2010-12-15 14:56:33');
INSERT INTO `ait_content_index` VALUES (493,' test und noch einer Funktionalität für Ihre Webseite aitsu liefert zahlreiche Module. Navigations-Module Bild-Module Listen-Module Link-Module Template-Module _[Image:1] Dabei unterscheidet aitsu zwischen globalen Modulen, Community-Modulen, lokalen Modulen und Skin-Modulen. Die Module befinden sich in den Ordner Default aitsu/library/Aitsu/Ee/Module Community aitsu/library/Comm/Module Lokal aitsu/library/Local/Module Skin aitsu/application/skins/default/module Globale Module werden mit aitsu ausgeliefert. Sie sind für die Grundfunktionalität verantwortlich. Unter Community-Module können Sie alle Module ablegen, die durch die Community zur Verfügung gestellt werden. Lokale Module bietet Ihnen einen Bereich, indem Sie projektbezogene Module speichern können. Skin-Module ist für Module reserviert, die ausschließlich das jeweilige Skin betreffen. Module und Modul-Templates Ein Modul besteht in der Regel aus einer PHP-Datei /ModulName/Class.php und dessen Template-Datei /ModulName/index.phtml. aitsu berücksichtigt ein Modul (php und phtml) in der Reihenfolge: Skin Local Default Fügen Sie beispielsweise ein Navigationsmodul ein und haben weder innerhalb von Skins noch innerhalb von Local ein solches Modul, wird aitsu das Standard-Navigationsmodule finden. Modul-Templates anpassen Benötigen Ihr Skin eine angepasste Navigation, z.B. anstelle einer Navigation als unsortieren Liste <ul> eine Navigation als sortierte Liste <ol>, legen Sie einfach eine Kopie der entsprechenden Template-Datei /ModulName/index.phtml im Modul-Ordner des Skins an. aitsu berücksichtigt Ihre persönliche Template-Datei im Skin-Ordner anstelle der Template-Datei im Default-Ordner. Module verwenden Mit diesem Skript-Block bauen Sie Module in Skins und Templates ein. <script type=\"application/x-aitsu\" src=\"Navigation\"> idcat = 31 template = top </script> Dabei haben Sie die Möglichkeit Parameter zu übergeben. $params = Aitsu_Util :: parseSimpleIni($context[\'params\']) $idcat = $params->idcat $template = $params->template ','2011-02-03 15:47:52');
INSERT INTO `ait_content_index` VALUES (494,' Modul-Ausgaben im Fließtext 2 Machen Sie sich Modul-Ausgaben im Fließtext zunutze. Mit Shortcodes. Dabei brauchen Sie nicht mehr zu machen, als innerhalb des Fließtextes den Namen des Moduls in der Art _|[MeinModul:1] zu schreiben. Je nach Art des Moduls erfolgt direkt eine Ausgabe, z.B. ein Kontaktformular, oder es erscheint, nach einem Mausklick, ein Konfigurationsmenü (Modal-Dialog) indem Sie weitere Einstellungen vornehmen können. _[Image:1] Shortcodes lassen sich mehrfach einsetzen. Nutzen Sie den selben Index (:1), um immer die selbe Ausgabe zu erhalten, oder verwenden Sie jedesmal einen neuen Index _|[MeinModul:1], _|[MeinModul:2] um z.B. unterschiedliche Konfigurationen zu nutzen. ','2011-01-26 19:28:34');
INSERT INTO `ait_content_index` VALUES (553,'','2010-12-15 15:13:33');
INSERT INTO `ait_content_index` VALUES (554,'','2010-12-15 15:13:34');
INSERT INTO `ait_content_index` VALUES (555,'','2010-12-15 15:13:35');
INSERT INTO `ait_content_index` VALUES (556,'','2010-12-15 15:13:35');
INSERT INTO `ait_content_index` VALUES (557,'','2010-12-15 15:13:36');
INSERT INTO `ait_content_index` VALUES (558,'','2010-12-15 15:17:58');
INSERT INTO `ait_content_index` VALUES (559,'','2010-12-15 15:18:11');
INSERT INTO `ait_content_index` VALUES (560,'','2010-12-15 15:24:05');
INSERT INTO `ait_content_index` VALUES (561,'','2010-12-15 15:24:06');
INSERT INTO `ait_content_index` VALUES (562,'','2010-12-15 15:25:04');
INSERT INTO `ait_content_index` VALUES (563,'','2010-12-15 15:25:05');
INSERT INTO `ait_content_index` VALUES (564,'','2010-12-15 15:25:06');
INSERT INTO `ait_content_index` VALUES (565,'','2010-12-15 15:25:06');
INSERT INTO `ait_content_index` VALUES (566,'','2010-12-15 15:25:07');
INSERT INTO `ait_content_index` VALUES (567,'','2010-12-15 15:25:08');
INSERT INTO `ait_content_index` VALUES (568,'','2010-12-15 15:27:59');
INSERT INTO `ait_content_index` VALUES (569,'','2010-12-15 15:35:40');
INSERT INTO `ait_content_index` VALUES (570,'','2010-12-15 15:35:41');
INSERT INTO `ait_content_index` VALUES (571,'','2010-12-15 15:35:43');
INSERT INTO `ait_content_index` VALUES (572,'','2010-12-15 15:35:44');
INSERT INTO `ait_content_index` VALUES (573,'','2010-12-15 15:35:45');
INSERT INTO `ait_content_index` VALUES (574,'','2010-12-15 15:35:46');
INSERT INTO `ait_content_index` VALUES (575,'','2010-12-15 15:35:47');
INSERT INTO `ait_content_index` VALUES (576,'','2010-12-15 15:35:48');
INSERT INTO `ait_content_index` VALUES (577,'','2010-12-15 15:36:38');
INSERT INTO `ait_content_index` VALUES (578,'','2010-12-15 18:45:42');
INSERT INTO `ait_content_index` VALUES (579,'','2010-12-15 18:45:44');
INSERT INTO `ait_content_index` VALUES (580,'','2010-12-15 19:20:08');
INSERT INTO `ait_content_index` VALUES (581,' Die Sandbox zeigt Ihnen einige Grund-Funktionen von aitsu CMS. Nutzen Sie Sub-Templates für die zusätzliche Gestaltung Ihre Webseiten oder der Ausgabe von wiederkehrenden Inhalten. Mehr Informationen erhalten Sie untern den Links in der Navigation oben oder rechts. Spalte 1 Spalte 2 Spalte 3 ','2010-12-27 15:56:58');
INSERT INTO `ait_content_index` VALUES (582,' „Ändern Sie das Aussehen Ihrer Webseite” Unter dem Ordner aitsu/application/skins legen Sie neue Skins und Templates für Ihrer Webseite an. Dabei ist der Aufbau eines neuen Skins denkbar einfach. Kopieren Sie den Inhalt des mitgelieferten Standard-Skins /default Benennen Sie den kopierten Ordner um /mein_skin Passen Sie das Skin nach Ihren Wünschen an Tragen Sie in aitsu/application/configs/clients/default.ini das neue Skin ein ','2010-12-27 15:57:27');
INSERT INTO `ait_content_index` VALUES (583,'','2010-12-17 19:38:04');
INSERT INTO `ait_content_index` VALUES (584,'','2010-12-17 19:38:05');
INSERT INTO `ait_content_index` VALUES (585,' _[CUG.Login:1] ','2010-12-27 16:01:18');
INSERT INTO `ait_content_index` VALUES (586,'','2010-12-17 19:38:06');
INSERT INTO `ait_content_index` VALUES (587,' „Ändern Sie den Aufbau Ihrer Webseite” Mit Templates und Sub-Templates ändern Sie den Aufbau Ihrer Webseite per Mausklick. Dabei brauchen Sie dazu nicht mehr, als innerhalb Ihrer Skin-Vorlage eine Template-Weiche einzubauen.         <script type=\"application/x-aitsu\" src=\"Template:Col3Content\">             defaultTemplate = 100             template.50_50.name = Subcolumns 50%|50%             template.50_50.file = templates/body/subcolumns/50_50.phtml             template.100.name = Subcolumn 100%             template.100.file = templates/body/subcolumns/100.phtml         </script> Im Standard-Skin aitsu/skins/default/templates sind einige Template- und Sub-Template-Beispiele enthalten. ','2010-12-27 16:33:32');
INSERT INTO `ait_content_index` VALUES (588,'','2010-12-17 19:38:07');
INSERT INTO `ait_content_index` VALUES (589,' Die Sandbox zeigt Ihnen einige Grund-Funktionen von aitsu CMS. Nutzen Sie Sub-Templates für die zusätzliche Gestaltung Ihre Webseiten oder der Ausgabe von wiederkehrenden Inhalten. Mehr Informationen erhalten Sie untern den Links in der Navigation oben oder rechts. Spalte 1 Spalte 2 Spalte 3 ','2010-12-27 17:11:00');
INSERT INTO `ait_content_index` VALUES (590,' Herzlichen Glückwunsch Und willkommen beim aitsu Content-Management-System (CMS). aitsu ist Open Source und wird fortlaufend weiterentwickelt. Haben Sie Wünsche und Anregungen, setzen Sie uns davon bitte in Kenntnis, damit wir die notwendigen Anpassungen vornehmen können. _[Address:1] _[Address:2] aitsu ist mehr Eröffnen Sie sich Ihren Zugang zum aitsu Experten-Netzwerk. Screendesigner HTML/CSS-Programmierer PHP/SQL-Programmierer Suchmaschinen-Optimierer Internetmarketing-Profis Hinweis zum Layout Beim vorliegenden Layout handelt es sich um ein Layoutbeispiel (2col_right_13) aus dem YAML CSS-Framework. Wir möchten an dieser Stelle darauf hinweisen, dass für die Verwendung dieses Layouts für eigene Zwecke eine der folgenden Bedingungen erfüllt sein muss: Sie besitzen oder erwerben eine YAML-Lizenz, die Ihnen die Erstellung einer unbegrenzten Anzahl von Layouts erlaubt (Agenturlizenz) oder Sie besitzen oder erwerben eine YAML-Einzellizen für das geplante Projekt oder Sie bringen auf der Webseite gut sichtbar den Hinweis an, dass das Layout auf YAML basiert und verweisen mit einem Link auf die Website yaml.de. Wir bitten Sie aus Gründen der Fairness entweder auf die Verwendung zu verzichten oder dafür Sorge zu tragen, dass eine der ewähnten Bedingungen erfüllt ist. Sandbox In die Sandbox gelangen Sie mit Hilfe der Links in der Hauptnavigation. Wenn Sie keine Sandbox benötigen, können Sie die ganze Sandbox-Kategorie gefahrlos löschen. ','2010-12-27 17:11:50');
INSERT INTO `ait_content_index` VALUES (591,'','2010-12-17 19:38:09');
INSERT INTO `ait_content_index` VALUES (592,'','2010-12-17 19:38:09');
INSERT INTO `ait_content_index` VALUES (593,' Die Sandbox zeigt Ihnen einige Grund-Funktionen von aitsu CMS. Nutzen Sie Sub-Templates für die zusätzliche Gestaltung Ihre Webseiten oder der Ausgabe von wiederkehrenden Inhalten. Mehr Informationen erhalten Sie untern den Links in der Navigation oben oder rechts. Spalte 1 Spalte 2 Spalte 3 ','2010-12-28 11:36:00');
INSERT INTO `ait_content_index` VALUES (594,' Funktionalität für Ihre Webseite aitsu liefert zahlreiche Module. Navigations-Module Bild-Module Listen-Module Link-Module Template-Module _[Image:1] Dabei unterscheidet aitsu zwischen globalen Modulen, Community-Modulen, lokalen Modulen und Skin-Modulen. Die Module befinden sich in den Ordner Default aitsu/library/Aitsu/Ee/Module Community aitsu/library/Comm/Module Lokal aitsu/library/Local/Module Skin aitsu/application/skins/default/module Globale Module werden mit aitsu ausgeliefert. Sie sind für die Grundfunktionalität verantwortlich. Unter Community-Module können Sie alle Module ablegen, die durch die Community zur Verfügung gestellt werden. Lokale Module bietet Ihnen einen Bereich, indem Sie projektbezogene Module speichern können. Skin-Module ist für Module reserviert, die ausschließlich das jeweilige Skin betreffen. Module und Modul-Templates Ein Modul besteht in der Regel aus einer PHP-Datei /ModulName/Class.php und dessen Template-Datei /ModulName/index.phtml. aitsu berücksichtigt ein Modul (php und phtml) in der Reihenfolge: Skin Local Default Fügen Sie beispielsweise ein Navigationsmodul ein und haben weder innerhalb von Skins noch innerhalb von Local ein solches Modul, wird aitsu das Standard-Navigationsmodule finden. Modul-Templates anpassen Benötigen Ihr Skin eine angepasste Navigation, z.B. anstelle einer Navigation als unsortieren Liste <ul> eine Navigation als sortierte Liste <ol>, legen Sie einfach eine Kopie der entsprechenden Template-Datei /ModulName/index.phtml im Modul-Ordner des Skins an. aitsu berücksichtigt Ihre persönliche Template-Datei im Skin-Ordner anstelle der Template-Datei im Default-Ordner. Module verwenden Mit diesem Skript-Block bauen Sie Module in Skins und Templates ein. <script type=\"application/x-aitsu\" src=\"Navigation\"> idcat = 31 template = top </script> Dabei haben Sie die Möglichkeit Parameter zu übergeben. $params = Aitsu_Util :: parseSimpleIni($context[\'params\']) $idcat = $params->idcat $template = $params->template ','2010-12-28 11:37:14');
INSERT INTO `ait_content_index` VALUES (595,'','2010-12-17 19:38:11');
INSERT INTO `ait_content_index` VALUES (596,' Funktionalität für Ihre Webseite aitsu liefert zahlreiche Module. Navigations-Module Bild-Module Listen-Module Link-Module Template-Module _[Image:1] Dabei unterscheidet aitsu zwischen globalen Modulen, Community-Modulen, lokalen Modulen und Skin-Modulen. Die Module befinden sich in den Ordner Default aitsu/library/Aitsu/Ee/Module Community aitsu/library/Comm/Module Lokal aitsu/library/Local/Module Skin aitsu/application/skins/default/module Globale Module werden mit aitsu ausgeliefert. Sie sind für die Grundfunktionalität verantwortlich. Unter Community-Module können Sie alle Module ablegen, die durch die Community zur Verfügung gestellt werden. Lokale Module bietet Ihnen einen Bereich, indem Sie projektbezogene Module speichern können. Skin-Module ist für Module reserviert, die ausschließlich das jeweilige Skin betreffen. Module und Modul-Templates Ein Modul besteht in der Regel aus einer PHP-Datei /ModulName/Class.php und dessen Template-Datei /ModulName/index.phtml. aitsu berücksichtigt ein Modul (php und phtml) in der Reihenfolge: Skin Local Default Fügen Sie beispielsweise ein Navigationsmodul ein und haben weder innerhalb von Skins noch innerhalb von Local ein solches Modul, wird aitsu das Standard-Navigationsmodule finden. Modul-Templates anpassen Benötigen Ihr Skin eine angepasste Navigation, z.B. anstelle einer Navigation als unsortieren Liste <ul> eine Navigation als sortierte Liste <ol>, legen Sie einfach eine Kopie der entsprechenden Template-Datei /ModulName/index.phtml im Modul-Ordner des Skins an. aitsu berücksichtigt Ihre persönliche Template-Datei im Skin-Ordner anstelle der Template-Datei im Default-Ordner. Module verwenden Mit diesem Skript-Block bauen Sie Module in Skins und Templates ein. <script type=\"application/x-aitsu\" src=\"Navigation\"> idcat = 31 template = top </script> Dabei haben Sie die Möglichkeit Parameter zu übergeben. $params = Aitsu_Util :: parseSimpleIni($context[\'params\']) $idcat = $params->idcat $template = $params->template ','2011-01-07 13:49:17');
INSERT INTO `ait_content_index` VALUES (597,' _[Image:1] ','2011-01-29 14:56:40');
INSERT INTO `ait_content_index` VALUES (598,' ','2011-01-29 14:58:11');
INSERT INTO `ait_content_index` VALUES (599,'','2011-01-24 14:26:20');
INSERT INTO `ait_content_index` VALUES (600,' _[Image:1] ','2011-01-29 15:00:17');
INSERT INTO `ait_content_index` VALUES (601,'','2010-12-17 19:38:14');
INSERT INTO `ait_content_index` VALUES (602,' ','2011-01-29 15:52:46');
INSERT INTO `ait_content_index` VALUES (603,'','2010-12-17 19:38:15');
INSERT INTO `ait_content_index` VALUES (604,'','2010-12-17 19:38:15');
INSERT INTO `ait_content_index` VALUES (605,'','2010-12-17 19:38:16');
INSERT INTO `ait_content_index` VALUES (446,'','2010-12-27 16:37:12');
INSERT INTO `ait_content_index` VALUES (0,'','2010-12-27 17:21:01');
INSERT INTO `ait_content_index` VALUES (606,'','2010-12-31 11:22:29');
INSERT INTO `ait_content_index` VALUES (607,'','2010-12-31 11:22:30');
INSERT INTO `ait_content_index` VALUES (608,'','2010-12-31 11:22:31');
INSERT INTO `ait_content_index` VALUES (609,'','2010-12-31 11:22:31');
INSERT INTO `ait_content_index` VALUES (610,'','2011-01-06 08:34:42');
INSERT INTO `ait_content_index` VALUES (611,'','2011-01-06 08:34:42');
INSERT INTO `ait_content_index` VALUES (612,'','2011-01-26 19:43:36');
INSERT INTO `ait_content_index` VALUES (613,' _[List.Download:1] ','2011-01-29 13:17:12');
INSERT INTO `ait_content_index` VALUES (614,'','2011-01-06 08:59:25');
INSERT INTO `ait_content_index` VALUES (615,'','2011-01-14 21:25:40');
INSERT INTO `ait_content_index` VALUES (616,'','2011-01-14 21:25:42');
INSERT INTO `ait_content_index` VALUES (617,'','2011-01-14 21:25:43');
INSERT INTO `ait_content_index` VALUES (618,'','2011-01-14 21:25:44');
INSERT INTO `ait_content_index` VALUES (619,'','2011-01-14 21:25:45');
CREATE TABLE `ait_crosslink` (  `idartlanglow` int(10) unsigned NOT NULL,  `idartlanghigh` int(10) unsigned NOT NULL,  `created` timestamp NOT NULL DEFAULT CURRENT_TIMESTAMP ON UPDATE CURRENT_TIMESTAMP,  PRIMARY KEY (`idartlanglow`,`idartlanghigh`),  KEY `idartlanghigh` (`idartlanghigh`),  CONSTRAINT `ait_crosslink_ibfk_1` FOREIGN KEY (`idartlanglow`) REFERENCES `ait_art_lang` (`idartlang`) ON DELETE CASCADE,  CONSTRAINT `ait_crosslink_ibfk_2` FOREIGN KEY (`idartlanghigh`) REFERENCES `ait_art_lang` (`idartlang`) ON DELETE CASCADE) ENGINE=InnoDB DEFAULT CHARSET=utf8;
INSERT INTO `ait_crosslink` VALUES (440,492,'2011-01-29 12:17:52');
INSERT INTO `ait_crosslink` VALUES (491,493,'2011-01-12 19:33:28');
INSERT INTO `ait_crosslink` VALUES (492,493,'2011-01-29 12:17:48');
INSERT INTO `ait_crosslink` VALUES (492,494,'2011-01-29 12:17:29');
INSERT INTO `ait_crosslink` VALUES (492,497,'2011-01-29 12:17:39');
INSERT INTO `ait_crosslink` VALUES (493,506,'2011-01-12 19:33:24');
CREATE TABLE `ait_dam_asset` (  `assetid` int(10) unsigned NOT NULL AUTO_INCREMENT,  `typeid` int(10) unsigned DEFAULT NULL,  `identifier` varchar(255) NOT NULL,  `abstract` text NOT NULL,  `copyright` varchar(255) NOT NULL,  `credit` varchar(255) NOT NULL,  `licenseid` int(10) unsigned DEFAULT NULL,  `created` timestamp NOT NULL DEFAULT CURRENT_TIMESTAMP ON UPDATE CURRENT_TIMESTAMP,  `modified` timestamp NOT NULL DEFAULT '0000-00-00 00:00:00',  `validfrom` datetime NOT NULL,  `validuntil` datetime NOT NULL,  `replaces` int(10) unsigned DEFAULT NULL,  PRIMARY KEY (`assetid`),  KEY `replaces` (`replaces`),  KEY `typeid` (`typeid`),  KEY `licenseid` (`licenseid`)) ENGINE=InnoDB DEFAULT CHARSET=utf8;
CREATE TABLE `ait_dam_license` (  `licenseid` int(10) unsigned NOT NULL AUTO_INCREMENT,  `identifier` varchar(255) NOT NULL,  `description` text,  `url` varchar(255) NOT NULL,  PRIMARY KEY (`licenseid`)) ENGINE=InnoDB DEFAULT CHARSET=utf8;
CREATE TABLE `ait_dam_location` (  `locationid` int(10) unsigned NOT NULL AUTO_INCREMENT,  `countryid` int(10) unsigned NOT NULL,  `city` varchar(255) NOT NULL,  PRIMARY KEY (`locationid`),  KEY `countryid` (`countryid`)) ENGINE=InnoDB DEFAULT CHARSET=utf8;
CREATE TABLE `ait_dam_locations` (  `assetid` int(10) unsigned NOT NULL,  `locationid` int(10) unsigned NOT NULL,  `description` text,  PRIMARY KEY (`assetid`,`locationid`),  KEY `locationid` (`locationid`)) ENGINE=InnoDB DEFAULT CHARSET=utf8;
CREATE TABLE `ait_dam_referencedby` (  `assetid` int(10) unsigned NOT NULL,  `reference` varchar(255) NOT NULL,  `created` timestamp NOT NULL DEFAULT CURRENT_TIMESTAMP ON UPDATE CURRENT_TIMESTAMP,  PRIMARY KEY (`assetid`,`reference`)) ENGINE=InnoDB DEFAULT CHARSET=utf8;
CREATE TABLE `ait_dam_rel` (  `parentid` int(10) unsigned NOT NULL,  `childid` int(10) unsigned NOT NULL,  PRIMARY KEY (`parentid`,`childid`),  KEY `childid` (`childid`)) ENGINE=InnoDB DEFAULT CHARSET=utf8;
CREATE TABLE `ait_dam_subtype` (  `subtypeid` int(10) unsigned NOT NULL AUTO_INCREMENT,  `typeid` int(10) unsigned NOT NULL,  `identifier` varchar(255) NOT NULL,  PRIMARY KEY (`subtypeid`),  KEY `typeid` (`typeid`)) ENGINE=InnoDB DEFAULT CHARSET=utf8;
CREATE TABLE `ait_dam_tag` (  `tagid` int(10) unsigned NOT NULL AUTO_INCREMENT,  `tag` varchar(255) NOT NULL,  PRIMARY KEY (`tagid`),  KEY `tag` (`tag`)) ENGINE=InnoDB DEFAULT CHARSET=utf8;
CREATE TABLE `ait_dam_tags` (  `assetid` int(10) unsigned NOT NULL,  `tagid` int(10) unsigned NOT NULL,  `tagvalue` varchar(255) DEFAULT NULL,  `created` timestamp NOT NULL DEFAULT CURRENT_TIMESTAMP ON UPDATE CURRENT_TIMESTAMP,  PRIMARY KEY (`assetid`,`tagid`),  KEY `tagid` (`tagid`)) ENGINE=InnoDB DEFAULT CHARSET=utf8;
CREATE TABLE `ait_dam_type` (  `typeid` int(10) unsigned NOT NULL AUTO_INCREMENT,  `identifier` varchar(255) NOT NULL,  PRIMARY KEY (`typeid`),  UNIQUE KEY `identifier` (`identifier`)) ENGINE=InnoDB DEFAULT CHARSET=utf8;
CREATE TABLE `ait_dam_use` (  `useid` int(10) unsigned NOT NULL AUTO_INCREMENT,  `use` varchar(255) NOT NULL,  `description` text,  PRIMARY KEY (`useid`),  UNIQUE KEY `use` (`use`)) ENGINE=InnoDB DEFAULT CHARSET=utf8;
CREATE TABLE `ait_dam_uses` (  `assetid` int(10) unsigned NOT NULL,  `useid` int(10) unsigned NOT NULL,  `created` timestamp NULL DEFAULT CURRENT_TIMESTAMP ON UPDATE CURRENT_TIMESTAMP,  PRIMARY KEY (`assetid`,`useid`),  KEY `useid` (`useid`)) ENGINE=InnoDB DEFAULT CHARSET=utf8;
CREATE TABLE `ait_geo_city` (  `cityid` int(10) unsigned NOT NULL AUTO_INCREMENT,  `countryid` int(10) unsigned NOT NULL,  `zip` varchar(20) NOT NULL,  `city` varchar(255) NOT NULL,  PRIMARY KEY (`cityid`),  KEY `countryid` (`countryid`),  CONSTRAINT `ait_geo_city_ibfk_1` FOREIGN KEY (`countryid`) REFERENCES `ait_geo_country` (`countryid`) ON DELETE CASCADE) ENGINE=InnoDB DEFAULT CHARSET=utf8;
CREATE TABLE `ait_geo_country` (  `countryid` int(10) unsigned NOT NULL AUTO_INCREMENT,  `iso2` varchar(2) NOT NULL,  `iso3` varchar(3) NOT NULL,  `isod` int(11) NOT NULL,  `en` varchar(255) NOT NULL,  PRIMARY KEY (`countryid`)) ENGINE=InnoDB AUTO_INCREMENT=240 DEFAULT CHARSET=utf8;
INSERT INTO `ait_geo_country` VALUES (1,'AF','AFG',4,'Afghanistan');
INSERT INTO `ait_geo_country` VALUES (2,'AL','ALB',8,'Albania, People\'s Socialist Republic of');
INSERT INTO `ait_geo_country` VALUES (3,'DZ','DZA',12,'Algeria, People\'s Democratic Republic of');
INSERT INTO `ait_geo_country` VALUES (4,'AS','ASM',16,'American Samoa');
INSERT INTO `ait_geo_country` VALUES (5,'AD','AND',20,'Andorra, Principality of');
INSERT INTO `ait_geo_country` VALUES (6,'AO','AGO',24,'Angola, Republic of');
INSERT INTO `ait_geo_country` VALUES (7,'AI','AIA',660,'Anguilla');
INSERT INTO `ait_geo_country` VALUES (8,'AQ','ATA',10,'Antarctica (the territory South of 60 deg S)');
INSERT INTO `ait_geo_country` VALUES (9,'AG','ATG',28,'Antigua and Barbuda');
INSERT INTO `ait_geo_country` VALUES (10,'AR','ARG',32,'Argentina, Argentine Republic');
INSERT INTO `ait_geo_country` VALUES (11,'AM','ARM',51,'Armenia');
INSERT INTO `ait_geo_country` VALUES (12,'AW','ABW',533,'Aruba');
INSERT INTO `ait_geo_country` VALUES (13,'AU','AUS',36,'Australia, Commonwealth of');
INSERT INTO `ait_geo_country` VALUES (14,'AT','AUT',40,'Austria, Republic of');
INSERT INTO `ait_geo_country` VALUES (15,'AZ','AZE',31,'Azerbaijan, Republic of');
INSERT INTO `ait_geo_country` VALUES (16,'BS','BHS',44,'Bahamas, Commonwealth of the');
INSERT INTO `ait_geo_country` VALUES (17,'BH','BHR',48,'Bahrain, Kingdom of');
INSERT INTO `ait_geo_country` VALUES (18,'BD','BGD',50,'Bangladesh, People\'s Republic of');
INSERT INTO `ait_geo_country` VALUES (19,'BB','BRB',52,'Barbados');
INSERT INTO `ait_geo_country` VALUES (20,'BY','BLR',112,'Belarus');
INSERT INTO `ait_geo_country` VALUES (21,'BE','BEL',56,'Belgium, Kingdom of');
INSERT INTO `ait_geo_country` VALUES (22,'BZ','BLZ',84,'Belize');
INSERT INTO `ait_geo_country` VALUES (23,'BJ','BEN',204,'Benin (was Dahomey), People\'s Republic of');
INSERT INTO `ait_geo_country` VALUES (24,'BM','BMU',60,'Bermuda');
INSERT INTO `ait_geo_country` VALUES (25,'BT','BTN',64,'Bhutan, Kingdom of');
INSERT INTO `ait_geo_country` VALUES (26,'BO','BOL',68,'Bolivia, Republic of');
INSERT INTO `ait_geo_country` VALUES (27,'BA','BIH',70,'Bosnia and Herzegovina');
INSERT INTO `ait_geo_country` VALUES (28,'BW','BWA',72,'Botswana, Republic of');
INSERT INTO `ait_geo_country` VALUES (29,'BV','BVT',74,'Bouvet Island (Bouvetoya)');
INSERT INTO `ait_geo_country` VALUES (30,'BR','BRA',76,'Brazil, Federative Republic of');
INSERT INTO `ait_geo_country` VALUES (31,'IO','IOT',86,'British Indian Ocean Territory (Chagos Archipelago)');
INSERT INTO `ait_geo_country` VALUES (32,'VG','VGB',92,'British Virgin Islands');
INSERT INTO `ait_geo_country` VALUES (33,'BN','BRN',96,'Brunei Darussalam');
INSERT INTO `ait_geo_country` VALUES (34,'BG','BGR',100,'Bulgaria, People\'s Republic of');
INSERT INTO `ait_geo_country` VALUES (35,'BF','BFA',854,'Burkina Faso (was Upper Volta)');
INSERT INTO `ait_geo_country` VALUES (36,'BI','BDI',108,'Burundi, Republic of');
INSERT INTO `ait_geo_country` VALUES (37,'KH','KHM',116,'Cambodia, Kingdom of (was Khmer Republic/Kampuchea, Democratic)');
INSERT INTO `ait_geo_country` VALUES (38,'CM','CMR',120,'Cameroon, United Republic of');
INSERT INTO `ait_geo_country` VALUES (39,'CA','CAN',124,'Canada');
INSERT INTO `ait_geo_country` VALUES (40,'CV','CPV',132,'Cape Verde, Republic of');
INSERT INTO `ait_geo_country` VALUES (41,'KY','CYM',136,'Cayman Islands');
INSERT INTO `ait_geo_country` VALUES (42,'CF','CAF',140,'Central African Republic');
INSERT INTO `ait_geo_country` VALUES (43,'TD','TCD',148,'Chad, Republic of');
INSERT INTO `ait_geo_country` VALUES (44,'CL','CHL',152,'Chile, Republic of');
INSERT INTO `ait_geo_country` VALUES (45,'CN','CHN',156,'China, People\'s Republic of');
INSERT INTO `ait_geo_country` VALUES (46,'CX','CXR',162,'Christmas Island');
INSERT INTO `ait_geo_country` VALUES (47,'CC','CCK',166,'Cocos (Keeling) Islands');
INSERT INTO `ait_geo_country` VALUES (48,'CO','COL',170,'Colombia, Republic of');
INSERT INTO `ait_geo_country` VALUES (49,'KM','COM',174,'Comoros, Union of the');
INSERT INTO `ait_geo_country` VALUES (50,'CD','COD',180,'Congo, Democratic Republic of (was Zaire)');
INSERT INTO `ait_geo_country` VALUES (51,'CG','COG',178,'Congo, People\'s Republic of');
INSERT INTO `ait_geo_country` VALUES (52,'CK','COK',184,'Cook Islands');
INSERT INTO `ait_geo_country` VALUES (53,'CR','CRI',188,'Costa Rica, Republic of');
INSERT INTO `ait_geo_country` VALUES (54,'CI','CIV',384,'Cote D\'Ivoire, Ivory Coast, Republic of the');
INSERT INTO `ait_geo_country` VALUES (55,'CU','CUB',192,'Cuba, Republic of');
INSERT INTO `ait_geo_country` VALUES (56,'CY','CYP',196,'Cyprus, Republic of');
INSERT INTO `ait_geo_country` VALUES (57,'CZ','CZE',203,'Czech Republic');
INSERT INTO `ait_geo_country` VALUES (58,'DK','DNK',208,'Denmark, Kingdom of');
INSERT INTO `ait_geo_country` VALUES (59,'DJ','DJI',262,'Djibouti, Republic of (was French Afars and Issas)');
INSERT INTO `ait_geo_country` VALUES (60,'DM','DMA',212,'Dominica, Commonwealth of');
INSERT INTO `ait_geo_country` VALUES (61,'DO','DOM',214,'Dominican Republic');
INSERT INTO `ait_geo_country` VALUES (62,'EC','ECU',218,'Ecuador, Republic of');
INSERT INTO `ait_geo_country` VALUES (63,'EG','EGY',818,'Egypt, Arab Republic of');
INSERT INTO `ait_geo_country` VALUES (64,'SV','SLV',222,'El Salvador, Republic of');
INSERT INTO `ait_geo_country` VALUES (65,'GQ','GNQ',226,'Equatorial Guinea, Republic of');
INSERT INTO `ait_geo_country` VALUES (66,'ER','ERI',232,'Eritrea');
INSERT INTO `ait_geo_country` VALUES (67,'EE','EST',233,'Estonia');
INSERT INTO `ait_geo_country` VALUES (68,'ET','ETH',231,'Ethiopia');
INSERT INTO `ait_geo_country` VALUES (69,'FO','FRO',234,'Faeroe Islands');
INSERT INTO `ait_geo_country` VALUES (70,'FK','FLK',238,'Falkland Islands (Malvinas)');
INSERT INTO `ait_geo_country` VALUES (71,'FJ','FJI',242,'Fiji, Republic of the Fiji Islands');
INSERT INTO `ait_geo_country` VALUES (72,'FI','FIN',246,'Finland, Republic of');
INSERT INTO `ait_geo_country` VALUES (73,'FR','FRA',250,'France, French Republic');
INSERT INTO `ait_geo_country` VALUES (74,'GF','GUF',254,'French Guiana');
INSERT INTO `ait_geo_country` VALUES (75,'PF','PYF',258,'French Polynesia');
INSERT INTO `ait_geo_country` VALUES (76,'TF','ATF',260,'French Southern Territories');
INSERT INTO `ait_geo_country` VALUES (77,'GA','GAB',266,'Gabon, Gabonese Republic');
INSERT INTO `ait_geo_country` VALUES (78,'GM','GMB',270,'Gambia, Republic of the');
INSERT INTO `ait_geo_country` VALUES (79,'GE','GEO',268,'Georgia');
INSERT INTO `ait_geo_country` VALUES (80,'DE','DEU',276,'Germany');
INSERT INTO `ait_geo_country` VALUES (81,'GH','GHA',288,'Ghana, Republic of');
INSERT INTO `ait_geo_country` VALUES (82,'GI','GIB',292,'Gibraltar');
INSERT INTO `ait_geo_country` VALUES (83,'GR','GRC',300,'Greece, Hellenic Republic');
INSERT INTO `ait_geo_country` VALUES (84,'GL','GRL',304,'Greenland');
INSERT INTO `ait_geo_country` VALUES (85,'GD','GRD',308,'Grenada');
INSERT INTO `ait_geo_country` VALUES (86,'GP','GLP',312,'Guadaloupe');
INSERT INTO `ait_geo_country` VALUES (87,'GU','GUM',316,'Guam');
INSERT INTO `ait_geo_country` VALUES (88,'GT','GTM',320,'Guatemala, Republic of');
INSERT INTO `ait_geo_country` VALUES (89,'GN','GIN',324,'Guinea, Revolutionary People\'s Rep\'c of');
INSERT INTO `ait_geo_country` VALUES (90,'GW','GNB',624,'Guinea-Bissau, Republic of (was Portuguese Guinea)');
INSERT INTO `ait_geo_country` VALUES (91,'GY','GUY',328,'Guyana, Republic of');
INSERT INTO `ait_geo_country` VALUES (92,'HT','HTI',332,'Haiti, Republic of');
INSERT INTO `ait_geo_country` VALUES (93,'HM','HMD',334,'Heard and McDonald Islands');
INSERT INTO `ait_geo_country` VALUES (94,'VA','VAT',336,'Holy See (Vatican City State)');
INSERT INTO `ait_geo_country` VALUES (95,'HN','HND',340,'Honduras, Republic of');
INSERT INTO `ait_geo_country` VALUES (96,'HK','HKG',344,'Hong Kong, Special Administrative Region of China');
INSERT INTO `ait_geo_country` VALUES (97,'HR','HRV',191,'Hrvatska (Croatia)');
INSERT INTO `ait_geo_country` VALUES (98,'HU','HUN',348,'Hungary, Hungarian People\'s Republic');
INSERT INTO `ait_geo_country` VALUES (99,'IS','ISL',352,'Iceland, Republic of');
INSERT INTO `ait_geo_country` VALUES (100,'IN','IND',356,'India, Republic of');
INSERT INTO `ait_geo_country` VALUES (101,'ID','IDN',360,'Indonesia, Republic of');
INSERT INTO `ait_geo_country` VALUES (102,'IR','IRN',364,'Iran, Islamic Republic of');
INSERT INTO `ait_geo_country` VALUES (103,'IQ','IRQ',368,'Iraq, Republic of');
INSERT INTO `ait_geo_country` VALUES (104,'IE','IRL',372,'Ireland');
INSERT INTO `ait_geo_country` VALUES (105,'IL','ISR',376,'Israel, State of');
INSERT INTO `ait_geo_country` VALUES (106,'IT','ITA',380,'Italy, Italian Republic');
INSERT INTO `ait_geo_country` VALUES (107,'JM','JAM',388,'Jamaica');
INSERT INTO `ait_geo_country` VALUES (108,'JP','JPN',392,'Japan');
INSERT INTO `ait_geo_country` VALUES (109,'JO','JOR',400,'Jordan, Hashemite Kingdom of');
INSERT INTO `ait_geo_country` VALUES (110,'KZ','KAZ',398,'Kazakhstan, Republic of');
INSERT INTO `ait_geo_country` VALUES (111,'KE','KEN',404,'Kenya, Republic of');
INSERT INTO `ait_geo_country` VALUES (112,'KI','KIR',296,'Kiribati, Republic of (was Gilbert Islands)');
INSERT INTO `ait_geo_country` VALUES (113,'KP','PRK',408,'Korea, Democratic People\'s Republic of');
INSERT INTO `ait_geo_country` VALUES (114,'KR','KOR',410,'Korea, Republic of');
INSERT INTO `ait_geo_country` VALUES (115,'KW','KWT',414,'Kuwait, State of');
INSERT INTO `ait_geo_country` VALUES (116,'KG','KGZ',417,'Kyrgyz Republic');
INSERT INTO `ait_geo_country` VALUES (117,'LA','LAO',418,'Lao People\'s Democratic Republic');
INSERT INTO `ait_geo_country` VALUES (118,'LV','LVA',428,'Latvia');
INSERT INTO `ait_geo_country` VALUES (119,'LB','LBN',422,'Lebanon, Lebanese Republic');
INSERT INTO `ait_geo_country` VALUES (120,'LS','LSO',426,'Lesotho, Kingdom of');
INSERT INTO `ait_geo_country` VALUES (121,'LR','LBR',430,'Liberia, Republic of');
INSERT INTO `ait_geo_country` VALUES (122,'LY','LBY',434,'Libyan Arab Jamahiriya');
INSERT INTO `ait_geo_country` VALUES (123,'LI','LIE',438,'Liechtenstein, Principality of');
INSERT INTO `ait_geo_country` VALUES (124,'LT','LTU',440,'Lithuania');
INSERT INTO `ait_geo_country` VALUES (125,'LU','LUX',442,'Luxembourg, Grand Duchy of');
INSERT INTO `ait_geo_country` VALUES (126,'MO','MAC',446,'Macao, Special Administrative Region of China');
INSERT INTO `ait_geo_country` VALUES (127,'MK','MKD',807,'Macedonia, the former Yugoslav Republic of');
INSERT INTO `ait_geo_country` VALUES (128,'MG','MDG',450,'Madagascar, Republic of');
INSERT INTO `ait_geo_country` VALUES (129,'MW','MWI',454,'Malawi, Republic of');
INSERT INTO `ait_geo_country` VALUES (130,'MY','MYS',458,'Malaysia');
INSERT INTO `ait_geo_country` VALUES (131,'MV','MDV',462,'Maldives, Republic of');
INSERT INTO `ait_geo_country` VALUES (132,'ML','MLI',466,'Mali, Republic of');
INSERT INTO `ait_geo_country` VALUES (133,'MT','MLT',470,'Malta, Republic of');
INSERT INTO `ait_geo_country` VALUES (134,'MH','MHL',584,'Marshall Islands');
INSERT INTO `ait_geo_country` VALUES (135,'MQ','MTQ',474,'Martinique');
INSERT INTO `ait_geo_country` VALUES (136,'MR','MRT',478,'Mauritania, Islamic Republic of');
INSERT INTO `ait_geo_country` VALUES (137,'MU','MUS',480,'Mauritius');
INSERT INTO `ait_geo_country` VALUES (138,'YT','MYT',175,'Mayotte');
INSERT INTO `ait_geo_country` VALUES (139,'MX','MEX',484,'Mexico, United Mexican States');
INSERT INTO `ait_geo_country` VALUES (140,'FM','FSM',583,'Micronesia, Federated States of');
INSERT INTO `ait_geo_country` VALUES (141,'MD','MDA',498,'Moldova, Republic of');
INSERT INTO `ait_geo_country` VALUES (142,'MC','MCO',492,'Monaco, Principality of');
INSERT INTO `ait_geo_country` VALUES (143,'MN','MNG',496,'Mongolia, Mongolian People\'s Republic');
INSERT INTO `ait_geo_country` VALUES (144,'MS','MSR',500,'Montserrat');
INSERT INTO `ait_geo_country` VALUES (145,'MA','MAR',504,'Morocco, Kingdom of');
INSERT INTO `ait_geo_country` VALUES (146,'MZ','MOZ',508,'Mozambique, People\'s Republic of');
INSERT INTO `ait_geo_country` VALUES (147,'MM','MMR',104,'Myanmar (was Burma)');
INSERT INTO `ait_geo_country` VALUES (148,'NA','NAM',516,'Namibia');
INSERT INTO `ait_geo_country` VALUES (149,'NR','NRU',520,'Nauru, Republic of');
INSERT INTO `ait_geo_country` VALUES (150,'NP','NPL',524,'Nepal, Kingdom of');
INSERT INTO `ait_geo_country` VALUES (151,'AN','ANT',530,'Netherlands Antilles');
INSERT INTO `ait_geo_country` VALUES (152,'NL','NLD',528,'Netherlands, Kingdom of the');
INSERT INTO `ait_geo_country` VALUES (153,'NC','NCL',540,'New Caledonia');
INSERT INTO `ait_geo_country` VALUES (154,'NZ','NZL',554,'New Zealand');
INSERT INTO `ait_geo_country` VALUES (155,'NI','NIC',558,'Nicaragua, Republic of');
INSERT INTO `ait_geo_country` VALUES (156,'NE','NER',562,'Niger, Republic of the');
INSERT INTO `ait_geo_country` VALUES (157,'NG','NGA',566,'Nigeria, Federal Republic of');
INSERT INTO `ait_geo_country` VALUES (158,'NU','NIU',570,'Niue, Republic of');
INSERT INTO `ait_geo_country` VALUES (159,'NF','NFK',574,'Norfolk Island');
INSERT INTO `ait_geo_country` VALUES (160,'MP','MNP',580,'Northern Mariana Islands');
INSERT INTO `ait_geo_country` VALUES (161,'NO','NOR',578,'Norway, Kingdom of');
INSERT INTO `ait_geo_country` VALUES (162,'OM','OMN',512,'Oman, Sultanate of (was Muscat and Oman)');
INSERT INTO `ait_geo_country` VALUES (163,'PK','PAK',586,'Pakistan, Islamic Republic of');
INSERT INTO `ait_geo_country` VALUES (164,'PW','PLW',585,'Palau');
INSERT INTO `ait_geo_country` VALUES (165,'PS','PSE',275,'Palestinian Territory, Occupied');
INSERT INTO `ait_geo_country` VALUES (166,'PA','PAN',591,'Panama, Republic of');
INSERT INTO `ait_geo_country` VALUES (167,'PG','PNG',598,'Papua New Guinea');
INSERT INTO `ait_geo_country` VALUES (168,'PY','PRY',600,'Paraguay, Republic of');
INSERT INTO `ait_geo_country` VALUES (169,'PE','PER',604,'Peru, Republic of');
INSERT INTO `ait_geo_country` VALUES (170,'PH','PHL',608,'Philippines, Republic of the');
INSERT INTO `ait_geo_country` VALUES (171,'PN','PCN',612,'Pitcairn Island');
INSERT INTO `ait_geo_country` VALUES (172,'PL','POL',616,'Poland, Polish People\'s Republic');
INSERT INTO `ait_geo_country` VALUES (173,'PT','PRT',620,'Portugal, Portuguese Republic');
INSERT INTO `ait_geo_country` VALUES (174,'PR','PRI',630,'Puerto Rico');
INSERT INTO `ait_geo_country` VALUES (175,'QA','QAT',634,'Qatar, State of');
INSERT INTO `ait_geo_country` VALUES (176,'RE','REU',638,'Reunion');
INSERT INTO `ait_geo_country` VALUES (177,'RO','ROU',642,'Romania, Socialist Republic of');
INSERT INTO `ait_geo_country` VALUES (178,'RU','RUS',643,'Russian Federation');
INSERT INTO `ait_geo_country` VALUES (179,'RW','RWA',646,'Rwanda, Rwandese Republic');
INSERT INTO `ait_geo_country` VALUES (180,'SH','SHN',654,'St. Helena');
INSERT INTO `ait_geo_country` VALUES (181,'KN','KNA',659,'St. Kitts and Nevis');
INSERT INTO `ait_geo_country` VALUES (182,'LC','LCA',662,'St. Lucia');
INSERT INTO `ait_geo_country` VALUES (183,'PM','SPM',666,'St. Pierre and Miquelon');
INSERT INTO `ait_geo_country` VALUES (184,'VC','VCT',670,'St. Vincent and the Grenadines');
INSERT INTO `ait_geo_country` VALUES (185,'WS','WSM',882,'Samoa, Independent State of (was Western Samoa)');
INSERT INTO `ait_geo_country` VALUES (186,'SM','SMR',674,'San Marino, Republic of');
INSERT INTO `ait_geo_country` VALUES (187,'ST','STP',678,'Sao Tome and Principe, Democratic Republic of');
INSERT INTO `ait_geo_country` VALUES (188,'SA','SAU',682,'Saudi Arabia, Kingdom of');
INSERT INTO `ait_geo_country` VALUES (189,'SN','SEN',686,'Senegal, Republic of');
INSERT INTO `ait_geo_country` VALUES (190,'CS','SCG',891,'Serbia and Montenegro');
INSERT INTO `ait_geo_country` VALUES (191,'SC','SYC',690,'Seychelles, Republic of');
INSERT INTO `ait_geo_country` VALUES (192,'SL','SLE',694,'Sierra Leone, Republic of');
INSERT INTO `ait_geo_country` VALUES (193,'SG','SGP',702,'Singapore, Republic of');
INSERT INTO `ait_geo_country` VALUES (194,'SK','SVK',703,'Slovakia (Slovak Republic)');
INSERT INTO `ait_geo_country` VALUES (195,'SI','SVN',705,'Slovenia');
INSERT INTO `ait_geo_country` VALUES (196,'SB','SLB',90,'Solomon Islands (was British Solomon Islands)');
INSERT INTO `ait_geo_country` VALUES (197,'SO','SOM',706,'Somalia, Somali Republic');
INSERT INTO `ait_geo_country` VALUES (198,'ZA','ZAF',710,'South Africa, Republic of');
INSERT INTO `ait_geo_country` VALUES (199,'GS','SGS',239,'South Georgia and the South Sandwich Islands');
INSERT INTO `ait_geo_country` VALUES (200,'ES','ESP',724,'Spain, Spanish State');
INSERT INTO `ait_geo_country` VALUES (201,'LK','LKA',144,'Sri Lanka, Democratic Socialist Republic of (was Ceylon)');
INSERT INTO `ait_geo_country` VALUES (202,'SD','SDN',736,'Sudan, Democratic Republic of the');
INSERT INTO `ait_geo_country` VALUES (203,'SR','SUR',740,'Suriname, Republic of');
INSERT INTO `ait_geo_country` VALUES (204,'SJ','SJM',744,'Svalbard & Jan Mayen Islands');
INSERT INTO `ait_geo_country` VALUES (205,'SZ','SWZ',748,'Swaziland, Kingdom of');
INSERT INTO `ait_geo_country` VALUES (206,'SE','SWE',752,'Sweden, Kingdom of');
INSERT INTO `ait_geo_country` VALUES (207,'CH','CHE',756,'Switzerland, Swiss Confederation');
INSERT INTO `ait_geo_country` VALUES (208,'SY','SYR',760,'Syrian Arab Republic');
INSERT INTO `ait_geo_country` VALUES (209,'TW','TWN',158,'Taiwan, Province of China');
INSERT INTO `ait_geo_country` VALUES (210,'TJ','TJK',762,'Tajikistan');
INSERT INTO `ait_geo_country` VALUES (211,'TZ','TZA',834,'Tanzania, United Republic of');
INSERT INTO `ait_geo_country` VALUES (212,'TH','THA',764,'Thailand, Kingdom of');
INSERT INTO `ait_geo_country` VALUES (213,'TL','TLS',626,'Timor-Leste, Democratic Republic of');
INSERT INTO `ait_geo_country` VALUES (214,'TG','TGO',768,'Togo, Togolese Republic');
INSERT INTO `ait_geo_country` VALUES (215,'TK','TKL',772,'Tokelau (Tokelau Islands)');
INSERT INTO `ait_geo_country` VALUES (216,'TO','TON',776,'Tonga, Kingdom of');
INSERT INTO `ait_geo_country` VALUES (217,'TT','TTO',780,'Trinidad and Tobago, Republic of');
INSERT INTO `ait_geo_country` VALUES (218,'TN','TUN',788,'Tunisia, Republic of');
INSERT INTO `ait_geo_country` VALUES (219,'TR','TUR',792,'Turkey, Republic of');
INSERT INTO `ait_geo_country` VALUES (220,'TM','TKM',795,'Turkmenistan');
INSERT INTO `ait_geo_country` VALUES (221,'TC','TCA',796,'Turks and Caicos Islands');
INSERT INTO `ait_geo_country` VALUES (222,'TV','TUV',798,'Tuvalu (was part of Gilbert & Ellice Islands)');
INSERT INTO `ait_geo_country` VALUES (223,'VI','VIR',850,'US Virgin Islands');
INSERT INTO `ait_geo_country` VALUES (224,'UG','UGA',800,'Uganda, Republic of');
INSERT INTO `ait_geo_country` VALUES (225,'UA','UKR',804,'Ukraine');
INSERT INTO `ait_geo_country` VALUES (226,'AE','ARE',784,'United Arab Emirates (was Trucial States)');
INSERT INTO `ait_geo_country` VALUES (227,'GB','GBR',826,'United Kingdom of Great Britain & N. Ireland');
INSERT INTO `ait_geo_country` VALUES (228,'UM','UMI',581,'United States Minor Outlying Islands');
INSERT INTO `ait_geo_country` VALUES (229,'US','USA',840,'United States of America');
INSERT INTO `ait_geo_country` VALUES (230,'UY','URY',858,'Uruguay, Eastern Republic of');
INSERT INTO `ait_geo_country` VALUES (231,'UZ','UZB',860,'Uzbekistan');
INSERT INTO `ait_geo_country` VALUES (232,'VU','VUT',548,'Vanuatu (was New Hebrides)');
INSERT INTO `ait_geo_country` VALUES (233,'VE','VEN',862,'Venezuela, Bolivarian Republic of');
INSERT INTO `ait_geo_country` VALUES (234,'VN','VNM',704,'Viet Nam, Socialist Republic of (was Democratic Republic of & Republic of)');
INSERT INTO `ait_geo_country` VALUES (235,'WF','WLF',876,'Wallis and Futuna Islands');
INSERT INTO `ait_geo_country` VALUES (236,'EH','ESH',732,'Western Sahara (was Spanish Sahara)');
INSERT INTO `ait_geo_country` VALUES (237,'YE','YEM',887,'Yemen');
INSERT INTO `ait_geo_country` VALUES (238,'ZM','ZMB',894,'Zambia, Republic of');
INSERT INTO `ait_geo_country` VALUES (239,'ZW','ZWE',716,'Zimbabwe (was Southern Rhodesia)');
CREATE TABLE `ait_geo_location` (  `locationid` int(10) unsigned NOT NULL AUTO_INCREMENT,  `cityid` int(10) unsigned DEFAULT NULL,  `street` int(11) NOT NULL,  `latitude` float NOT NULL,  `longitude` float NOT NULL,  PRIMARY KEY (`locationid`),  KEY `cityid` (`cityid`),  CONSTRAINT `ait_geo_location_ibfk_1` FOREIGN KEY (`cityid`) REFERENCES `ait_geo_city` (`cityid`) ON DELETE SET NULL) ENGINE=InnoDB DEFAULT CHARSET=utf8;
CREATE TABLE `ait_hit` (  `idartlang` int(10) unsigned NOT NULL,  `d` date NOT NULL,  `h` smallint(6) NOT NULL,  `hits` int(11) NOT NULL DEFAULT '1',  PRIMARY KEY (`idartlang`,`d`,`h`),  CONSTRAINT `ait_hit_ibfk_1` FOREIGN KEY (`idartlang`) REFERENCES `ait_art_lang` (`idartlang`) ON DELETE CASCADE) ENGINE=InnoDB DEFAULT CHARSET=utf8;
CREATE TABLE `ait_honeytrap` (  `trapid` int(10) unsigned NOT NULL AUTO_INCREMENT,  `ip` varchar(15) NOT NULL,  `created` timestamp NOT NULL DEFAULT CURRENT_TIMESTAMP,  PRIMARY KEY (`trapid`),  KEY `ip` (`ip`),  KEY `created` (`created`)) ENGINE=MyISAM DEFAULT CHARSET=utf8;
CREATE TABLE `ait_lang` (  `idlang` int(10) unsigned NOT NULL AUTO_INCREMENT,  `idclient` int(10) unsigned NOT NULL,  `name` varchar(255) NOT NULL,  `active` tinyint(1) NOT NULL DEFAULT '0',  `created` datetime NOT NULL DEFAULT '0000-00-00 00:00:00',  `lastmodified` datetime NOT NULL DEFAULT '0000-00-00 00:00:00',  `encoding` varchar(32) NOT NULL,  `direction` char(3) NOT NULL DEFAULT 'ltr',  `locale` varchar(5) DEFAULT NULL,  PRIMARY KEY (`idlang`),  KEY `idclient` (`idclient`),  CONSTRAINT `ait_lang_ibfk_1` FOREIGN KEY (`idclient`) REFERENCES `ait_clients` (`idclient`) ON DELETE CASCADE) ENGINE=InnoDB AUTO_INCREMENT=2 DEFAULT CHARSET=utf8;
INSERT INTO `ait_lang` VALUES (1,1,'de',1,'2010-10-22 14:34:14','2010-12-23 22:04:19','utf-8','ltr','de_CH');
CREATE TABLE `ait_lastopened` (  `idart` int(10) unsigned NOT NULL,  `idlang` int(10) unsigned NOT NULL,  `userid` int(10) unsigned NOT NULL,  `time` timestamp NOT NULL DEFAULT '0000-00-00 00:00:00' ON UPDATE CURRENT_TIMESTAMP,  PRIMARY KEY (`idart`,`idlang`,`userid`),  KEY `idlang` (`idlang`),  KEY `userid` (`userid`),  CONSTRAINT `ait_lastopened_ibfk_1` FOREIGN KEY (`idart`) REFERENCES `ait_art` (`idart`) ON DELETE CASCADE,  CONSTRAINT `ait_lastopened_ibfk_2` FOREIGN KEY (`idlang`) REFERENCES `ait_lang` (`idlang`) ON DELETE CASCADE,  CONSTRAINT `ait_lastopened_ibfk_3` FOREIGN KEY (`userid`) REFERENCES `ait_acl_user` (`userid`) ON DELETE CASCADE) ENGINE=InnoDB DEFAULT CHARSET=utf8;
INSERT INTO `ait_lastopened` VALUES (224,1,29,'2011-01-31 19:55:15');
INSERT INTO `ait_lastopened` VALUES (230,1,29,'2011-01-12 19:32:31');
INSERT INTO `ait_lastopened` VALUES (233,1,29,'2011-01-11 21:14:16');
INSERT INTO `ait_lastopened` VALUES (272,1,29,'2011-01-26 19:58:49');
INSERT INTO `ait_lastopened` VALUES (273,1,29,'2011-02-04 16:58:44');
INSERT INTO `ait_lastopened` VALUES (274,1,29,'2011-02-03 18:10:57');
INSERT INTO `ait_lastopened` VALUES (275,1,29,'2011-02-04 09:38:16');
INSERT INTO `ait_lastopened` VALUES (276,1,29,'2011-01-24 15:15:19');
INSERT INTO `ait_lastopened` VALUES (278,1,29,'2011-01-29 15:06:56');
INSERT INTO `ait_lastopened` VALUES (286,1,29,'2011-01-11 21:13:40');
INSERT INTO `ait_lastopened` VALUES (287,1,29,'2011-02-04 11:08:04');
INSERT INTO `ait_lastopened` VALUES (291,1,29,'2011-01-31 15:38:35');
CREATE TABLE `ait_locale` (  `localeid` int(11) NOT NULL AUTO_INCREMENT,  `fullname` varchar(255) NOT NULL,  `locale` varchar(5) NOT NULL,  PRIMARY KEY (`localeid`)) ENGINE=InnoDB AUTO_INCREMENT=153 DEFAULT CHARSET=utf8;
INSERT INTO `ait_locale` VALUES (1,'Albanian (Albania)','sq_AL');
INSERT INTO `ait_locale` VALUES (2,'Albanian','sq');
INSERT INTO `ait_locale` VALUES (3,'Arabic (Algeria)','ar_DZ');
INSERT INTO `ait_locale` VALUES (4,'Arabic (Bahrain)','ar_BH');
INSERT INTO `ait_locale` VALUES (5,'Arabic (Egypt)','ar_EG');
INSERT INTO `ait_locale` VALUES (6,'Arabic (Iraq)','ar_IQ');
INSERT INTO `ait_locale` VALUES (7,'Arabic (Jordan)','ar_JO');
INSERT INTO `ait_locale` VALUES (8,'Arabic (Kuwait)','ar_KW');
INSERT INTO `ait_locale` VALUES (9,'Arabic (Lebanon)','ar_LB');
INSERT INTO `ait_locale` VALUES (10,'Arabic (Libya)','ar_LY');
INSERT INTO `ait_locale` VALUES (11,'Arabic (Morocco)','ar_MA');
INSERT INTO `ait_locale` VALUES (12,'Arabic (Oman)','ar_OM');
INSERT INTO `ait_locale` VALUES (13,'Arabic (Qatar)','ar_QA');
INSERT INTO `ait_locale` VALUES (14,'Arabic (Saudi Arabia)','ar_SA');
INSERT INTO `ait_locale` VALUES (15,'Arabic (Sudan)','ar_SD');
INSERT INTO `ait_locale` VALUES (16,'Arabic (Syria)','ar_SY');
INSERT INTO `ait_locale` VALUES (17,'Arabic (Tunisia)','ar_TN');
INSERT INTO `ait_locale` VALUES (18,'Arabic (United Arab Emirates)','ar_AE');
INSERT INTO `ait_locale` VALUES (19,'Arabic (Yemen)','ar_YE');
INSERT INTO `ait_locale` VALUES (20,'Arabic','ar');
INSERT INTO `ait_locale` VALUES (21,'Belarusian (Belarus)','be_BY');
INSERT INTO `ait_locale` VALUES (22,'Belarusian','be');
INSERT INTO `ait_locale` VALUES (23,'Bulgarian (Bulgaria)','bg_BG');
INSERT INTO `ait_locale` VALUES (24,'Bulgarian','bg');
INSERT INTO `ait_locale` VALUES (25,'Catalan (Spain)','ca_ES');
INSERT INTO `ait_locale` VALUES (26,'Catalan','ca');
INSERT INTO `ait_locale` VALUES (27,'Chinese (China)','zh_CN');
INSERT INTO `ait_locale` VALUES (28,'Chinese (Hong Kong)','zh_HK');
INSERT INTO `ait_locale` VALUES (29,'Chinese (Singapore)','zh_SG');
INSERT INTO `ait_locale` VALUES (30,'Chinese (Taiwan)','zh_TW');
INSERT INTO `ait_locale` VALUES (31,'Chinese','zh');
INSERT INTO `ait_locale` VALUES (32,'Croatian (Croatia)','hr_HR');
INSERT INTO `ait_locale` VALUES (33,'Croatian','hr');
INSERT INTO `ait_locale` VALUES (34,'Czech (Czech Republic)','cs_CZ');
INSERT INTO `ait_locale` VALUES (35,'Czech','cs');
INSERT INTO `ait_locale` VALUES (36,'Danish (Denmark)','da_DK');
INSERT INTO `ait_locale` VALUES (37,'Danish','da');
INSERT INTO `ait_locale` VALUES (38,'Dutch (Belgium)','nl_BE');
INSERT INTO `ait_locale` VALUES (39,'Dutch (Netherlands)','nl_NL');
INSERT INTO `ait_locale` VALUES (40,'Dutch','nl');
INSERT INTO `ait_locale` VALUES (41,'English (Australia)','en_AU');
INSERT INTO `ait_locale` VALUES (42,'English (Canada)','en_CA');
INSERT INTO `ait_locale` VALUES (43,'English (India)','en_IN');
INSERT INTO `ait_locale` VALUES (44,'English (Ireland)','en_IE');
INSERT INTO `ait_locale` VALUES (45,'English (Malta)','en_MT');
INSERT INTO `ait_locale` VALUES (46,'English (New Zealand)','en_NZ');
INSERT INTO `ait_locale` VALUES (47,'English (Philippines)','en_PH');
INSERT INTO `ait_locale` VALUES (48,'English (Singapore)','en_SG');
INSERT INTO `ait_locale` VALUES (49,'English (South Africa)','en_ZA');
INSERT INTO `ait_locale` VALUES (50,'English (United Kingdom)','en_GB');
INSERT INTO `ait_locale` VALUES (51,'English (United States)','en_US');
INSERT INTO `ait_locale` VALUES (52,'English','en');
INSERT INTO `ait_locale` VALUES (53,'Estonian (Estonia)','et_EE');
INSERT INTO `ait_locale` VALUES (54,'Estonian','et');
INSERT INTO `ait_locale` VALUES (55,'Finnish (Finland)','fi_FI');
INSERT INTO `ait_locale` VALUES (56,'Finnish','fi');
INSERT INTO `ait_locale` VALUES (57,'French (Belgium)','fr_BE');
INSERT INTO `ait_locale` VALUES (58,'French (Canada)','fr_CA');
INSERT INTO `ait_locale` VALUES (59,'French (France)','fr_FR');
INSERT INTO `ait_locale` VALUES (60,'French (Luxembourg)','fr_LU');
INSERT INTO `ait_locale` VALUES (61,'French (Switzerland)','fr_CH');
INSERT INTO `ait_locale` VALUES (62,'French','fr');
INSERT INTO `ait_locale` VALUES (63,'German (Austria)','de_AT');
INSERT INTO `ait_locale` VALUES (64,'German (Germany)','de_DE');
INSERT INTO `ait_locale` VALUES (65,'German (Luxembourg)','de_LU');
INSERT INTO `ait_locale` VALUES (66,'German (Switzerland)','de_CH');
INSERT INTO `ait_locale` VALUES (67,'German','de');
INSERT INTO `ait_locale` VALUES (68,'Greek (Cyprus)','el_CY');
INSERT INTO `ait_locale` VALUES (69,'Greek (Greece)','el_GR');
INSERT INTO `ait_locale` VALUES (70,'Greek','el');
INSERT INTO `ait_locale` VALUES (71,'Hebrew (Israel)','iw_IL');
INSERT INTO `ait_locale` VALUES (72,'Hebrew','iw');
INSERT INTO `ait_locale` VALUES (73,'Hindi (India)','hi_IN');
INSERT INTO `ait_locale` VALUES (74,'Hungarian (Hungary)','hu_HU');
INSERT INTO `ait_locale` VALUES (75,'Hungarian','hu');
INSERT INTO `ait_locale` VALUES (76,'Icelandic (Iceland)','is_IS');
INSERT INTO `ait_locale` VALUES (77,'Icelandic','is');
INSERT INTO `ait_locale` VALUES (78,'Indonesian (Indonesia)','in_ID');
INSERT INTO `ait_locale` VALUES (79,'Indonesian','in');
INSERT INTO `ait_locale` VALUES (80,'Irish (Ireland)','ga_IE');
INSERT INTO `ait_locale` VALUES (81,'Irish','ga');
INSERT INTO `ait_locale` VALUES (82,'Italian (Italy)','it_IT');
INSERT INTO `ait_locale` VALUES (83,'Italian (Switzerland)','it_CH');
INSERT INTO `ait_locale` VALUES (84,'Italian','it');
INSERT INTO `ait_locale` VALUES (85,'Japanese (Japan)','ja_JP');
INSERT INTO `ait_locale` VALUES (86,'Japanese (Japan,JP)','ja_JP');
INSERT INTO `ait_locale` VALUES (87,'Japanese','ja');
INSERT INTO `ait_locale` VALUES (88,'Korean (South Korea)','ko_KR');
INSERT INTO `ait_locale` VALUES (89,'Korean','ko');
INSERT INTO `ait_locale` VALUES (90,'Latvian (Latvia)','lv_LV');
INSERT INTO `ait_locale` VALUES (91,'Latvian','lv');
INSERT INTO `ait_locale` VALUES (92,'Lithuanian (Lithuania)','lt_LT');
INSERT INTO `ait_locale` VALUES (93,'Lithuanian','lt');
INSERT INTO `ait_locale` VALUES (94,'Macedonian (Macedonia)','mk_MK');
INSERT INTO `ait_locale` VALUES (95,'Macedonian','mk');
INSERT INTO `ait_locale` VALUES (96,'Malay (Malaysia)','ms_MY');
INSERT INTO `ait_locale` VALUES (97,'Malay','ms');
INSERT INTO `ait_locale` VALUES (98,'Maltese (Malta)','mt_MT');
INSERT INTO `ait_locale` VALUES (99,'Maltese','mt');
INSERT INTO `ait_locale` VALUES (100,'Norwegian (Norway)','no_NO');
INSERT INTO `ait_locale` VALUES (101,'Norwegian (Norway,Nynorsk)','no_NO');
INSERT INTO `ait_locale` VALUES (102,'Norwegian','no');
INSERT INTO `ait_locale` VALUES (103,'Polish (Poland)','pl_PL');
INSERT INTO `ait_locale` VALUES (104,'Polish','pl');
INSERT INTO `ait_locale` VALUES (105,'Portuguese (Brazil)','pt_BR');
INSERT INTO `ait_locale` VALUES (106,'Portuguese (Portugal)','pt_PT');
INSERT INTO `ait_locale` VALUES (107,'Portuguese','pt');
INSERT INTO `ait_locale` VALUES (108,'Romanian (Romania)','ro_RO');
INSERT INTO `ait_locale` VALUES (109,'Romanian','ro');
INSERT INTO `ait_locale` VALUES (110,'Russian (Russia)','ru_RU');
INSERT INTO `ait_locale` VALUES (111,'Russian','ru');
INSERT INTO `ait_locale` VALUES (112,'Serbian (Bosnia and Herzegovina)','sr_BA');
INSERT INTO `ait_locale` VALUES (113,'Serbian (Montenegro)','sr_ME');
INSERT INTO `ait_locale` VALUES (114,'Serbian (Serbia and Montenegro)','sr_CS');
INSERT INTO `ait_locale` VALUES (115,'Serbian (Serbia)','sr_RS');
INSERT INTO `ait_locale` VALUES (116,'Serbian','sr');
INSERT INTO `ait_locale` VALUES (117,'Slovak (Slovakia)','sk_SK');
INSERT INTO `ait_locale` VALUES (118,'Slovak','sk');
INSERT INTO `ait_locale` VALUES (119,'Slovenian (Slovenia)','sl_SI');
INSERT INTO `ait_locale` VALUES (120,'Slovenian','sl');
INSERT INTO `ait_locale` VALUES (121,'Spanish (Argentina)','es_AR');
INSERT INTO `ait_locale` VALUES (122,'Spanish (Bolivia)','es_BO');
INSERT INTO `ait_locale` VALUES (123,'Spanish (Chile)','es_CL');
INSERT INTO `ait_locale` VALUES (124,'Spanish (Colombia)','es_CO');
INSERT INTO `ait_locale` VALUES (125,'Spanish (Costa Rica)','es_CR');
INSERT INTO `ait_locale` VALUES (126,'Spanish (Dominican Republic)','es_DO');
INSERT INTO `ait_locale` VALUES (127,'Spanish (Ecuador)','es_EC');
INSERT INTO `ait_locale` VALUES (128,'Spanish (El Salvador)','es_SV');
INSERT INTO `ait_locale` VALUES (129,'Spanish (Guatemala)','es_GT');
INSERT INTO `ait_locale` VALUES (130,'Spanish (Honduras)','es_HN');
INSERT INTO `ait_locale` VALUES (131,'Spanish (Mexico)','es_MX');
INSERT INTO `ait_locale` VALUES (132,'Spanish (Nicaragua)','es_NI');
INSERT INTO `ait_locale` VALUES (133,'Spanish (Panama)','es_PA');
INSERT INTO `ait_locale` VALUES (134,'Spanish (Paraguay)','es_PY');
INSERT INTO `ait_locale` VALUES (135,'Spanish (Peru)','es_PE');
INSERT INTO `ait_locale` VALUES (136,'Spanish (Puerto Rico)','es_PR');
INSERT INTO `ait_locale` VALUES (137,'Spanish (Spain)','es_ES');
INSERT INTO `ait_locale` VALUES (138,'Spanish (United States)','es_US');
INSERT INTO `ait_locale` VALUES (139,'Spanish (Uruguay)','es_UY');
INSERT INTO `ait_locale` VALUES (140,'Spanish (Venezuela)','es_VE');
INSERT INTO `ait_locale` VALUES (141,'Spanish','es');
INSERT INTO `ait_locale` VALUES (142,'Swedish (Sweden)','sv_SE');
INSERT INTO `ait_locale` VALUES (143,'Swedish','sv');
INSERT INTO `ait_locale` VALUES (144,'Thai (Thailand)','th_TH');
INSERT INTO `ait_locale` VALUES (145,'Thai (Thailand,TH)','th_TH');
INSERT INTO `ait_locale` VALUES (146,'Thai','th');
INSERT INTO `ait_locale` VALUES (147,'Turkish (Turkey)','tr_TR');
INSERT INTO `ait_locale` VALUES (148,'Turkish','tr');
INSERT INTO `ait_locale` VALUES (149,'Ukrainian (Ukraine)','uk_UA');
INSERT INTO `ait_locale` VALUES (150,'Ukrainian','uk');
INSERT INTO `ait_locale` VALUES (151,'Vietnamese (Vietnam)','vi_VN');
INSERT INTO `ait_locale` VALUES (152,'Vietnamese','vi');
CREATE TABLE `ait_lucene_index` (  `uid` varchar(255) NOT NULL,  `idart` int(10) unsigned DEFAULT NULL,  `idlang` int(10) unsigned DEFAULT NULL,  `path` varchar(255) DEFAULT NULL,  `lastindexed` datetime NOT NULL,  PRIMARY KEY (`uid`),  KEY `idart` (`idart`,`idlang`),  KEY `path` (`path`)) ENGINE=MyISAM DEFAULT CHARSET=utf8;
CREATE TABLE `ait_media` (  `mediaid` int(10) unsigned NOT NULL AUTO_INCREMENT,  `idart` int(10) unsigned NOT NULL,  `filename` varchar(255) NOT NULL,  `size` bigint(20) NOT NULL,  `extension` varchar(10) NOT NULL,  `xtl` float NOT NULL DEFAULT '0',  `ytl` float NOT NULL DEFAULT '0',  `xbr` float NOT NULL DEFAULT '1',  `ybr` float NOT NULL DEFAULT '1',  `uploaded` datetime NOT NULL,  `deleted` datetime DEFAULT NULL,  PRIMARY KEY (`mediaid`),  KEY `idart` (`idart`),  CONSTRAINT `ait_media_ibfk_1` FOREIGN KEY (`idart`) REFERENCES `ait_art` (`idart`) ON DELETE CASCADE) ENGINE=InnoDB AUTO_INCREMENT=110 DEFAULT CHARSET=utf8;
CREATE TABLE `ait_media_description` (  `mediaid` int(10) unsigned NOT NULL,  `idlang` int(10) unsigned NOT NULL,  `name` varchar(255) NOT NULL,  `subline` text NOT NULL,  `description` text NOT NULL,  PRIMARY KEY (`mediaid`,`idlang`),  CONSTRAINT `ait_media_description_ibfk_1` FOREIGN KEY (`mediaid`) REFERENCES `ait_media` (`mediaid`) ON DELETE CASCADE,  CONSTRAINT `ait_media_description_ibfk_2` FOREIGN KEY (`mediaid`) REFERENCES `ait_media` (`mediaid`) ON DELETE CASCADE,  CONSTRAINT `ait_media_description_ibfk_3` FOREIGN KEY (`mediaid`) REFERENCES `ait_media` (`mediaid`) ON DELETE CASCADE) ENGINE=InnoDB DEFAULT CHARSET=utf8;
CREATE TABLE `ait_media_tag` (  `mediatagid` int(10) unsigned NOT NULL AUTO_INCREMENT,  `tag` varchar(255) NOT NULL,  PRIMARY KEY (`mediatagid`),  KEY `tag` (`tag`)) ENGINE=InnoDB AUTO_INCREMENT=12 DEFAULT CHARSET=utf8;
INSERT INTO `ait_media_tag` VALUES (10,'conrad');
INSERT INTO `ait_media_tag` VALUES (11,'frank');
INSERT INTO `ait_media_tag` VALUES (1,'main image');
CREATE TABLE `ait_media_tags` (  `mediatagid` int(10) unsigned NOT NULL,  `mediaid` int(10) unsigned NOT NULL,  `val` varchar(255) DEFAULT NULL,  PRIMARY KEY (`mediatagid`,`mediaid`),  KEY `mediaid` (`mediaid`),  CONSTRAINT `ait_media_tags_ibfk_1` FOREIGN KEY (`mediatagid`) REFERENCES `ait_media_tag` (`mediatagid`) ON DELETE CASCADE,  CONSTRAINT `ait_media_tags_ibfk_2` FOREIGN KEY (`mediaid`) REFERENCES `ait_media` (`mediaid`) ON DELETE CASCADE,  CONSTRAINT `ait_media_tags_ibfk_3` FOREIGN KEY (`mediatagid`) REFERENCES `ait_media_tag` (`mediatagid`) ON DELETE CASCADE,  CONSTRAINT `ait_media_tags_ibfk_4` FOREIGN KEY (`mediaid`) REFERENCES `ait_media` (`mediaid`) ON DELETE CASCADE,  CONSTRAINT `ait_media_tags_ibfk_5` FOREIGN KEY (`mediatagid`) REFERENCES `ait_media_tag` (`mediatagid`) ON DELETE CASCADE,  CONSTRAINT `ait_media_tags_ibfk_6` FOREIGN KEY (`mediaid`) REFERENCES `ait_media` (`mediaid`) ON DELETE CASCADE) ENGINE=InnoDB DEFAULT CHARSET=utf8;
CREATE TABLE `ait_performance_profile` (  `idartlang` int(10) unsigned NOT NULL,  `obsdate` date NOT NULL,  `tsum` double NOT NULL,  `tssum` double NOT NULL,  `fastest` double NOT NULL,  `slowest` double NOT NULL,  `n` int(11) NOT NULL DEFAULT '0',  PRIMARY KEY (`idartlang`,`obsdate`),  CONSTRAINT `ait_performance_profile_ibfk_1` FOREIGN KEY (`idartlang`) REFERENCES `ait_art_lang` (`idartlang`) ON DELETE CASCADE) ENGINE=InnoDB DEFAULT CHARSET=utf8;
INSERT INTO `ait_performance_profile` VALUES (440,'2010-11-25',1128.705979,502212.776217,99.545956,624.872923,4);
INSERT INTO `ait_performance_profile` VALUES (440,'2010-11-26',1347.607851,328158.199337,100.381136,391.216993,8);
INSERT INTO `ait_performance_profile` VALUES (440,'2010-11-29',1032.513142,153831.68619,96.23313,259.758949,8);
INSERT INTO `ait_performance_profile` VALUES (440,'2010-11-30',3580.919266,11288589.33553,109.291077,3356.083155,3);
INSERT INTO `ait_performance_profile` VALUES (440,'2010-12-01',467.31186,109479.095669,221.637011,245.674849,2);
INSERT INTO `ait_performance_profile` VALUES (440,'2010-12-07',1444.272995,216685.607648,90.683222,271.698952,11);
INSERT INTO `ait_performance_profile` VALUES (440,'2010-12-10',470.768929,139558.675378,115.494967,355.273962,2);
INSERT INTO `ait_performance_profile` VALUES (440,'2010-12-11',394.614935,92935.734848,110.487938,284.126997,2);
INSERT INTO `ait_performance_profile` VALUES (440,'2010-12-15',1000.536919,1001074.125562,1000.536919,1000.536919,1);
INSERT INTO `ait_performance_profile` VALUES (440,'2011-01-04',1293.343783,1422690.093266,105.228901,1188.114882,2);
INSERT INTO `ait_performance_profile` VALUES (440,'2011-01-10',2154.421806,4641533.319614,2154.421806,2154.421806,1);
INSERT INTO `ait_performance_profile` VALUES (440,'2011-01-22',2460.870743,937845.01957,105.742931,639.008045,11);
INSERT INTO `ait_performance_profile` VALUES (440,'2011-01-24',333.549022,37095.745725,108.664989,113.233089,3);
INSERT INTO `ait_performance_profile` VALUES (440,'2011-01-26',585.397005,157524.499586,108.788013,365.015984,3);
INSERT INTO `ait_performance_profile` VALUES (440,'2011-01-27',283.676147,80472.156638,283.676147,283.676147,1);
INSERT INTO `ait_performance_profile` VALUES (440,'2011-01-29',1049.900771,238356.689128,89.389086,362.680912,6);
INSERT INTO `ait_performance_profile` VALUES (440,'2011-02-04',484.247208,234495.358109,484.247208,484.247208,1);
INSERT INTO `ait_performance_profile` VALUES (446,'2010-11-26',1693.496467,182021.671792,95.003128,154.737949,16);
INSERT INTO `ait_performance_profile` VALUES (446,'2010-11-29',1380.493879,146937.059869,98.797083,114.50696,13);
INSERT INTO `ait_performance_profile` VALUES (446,'2011-01-05',171.073914,29266.283906,171.073914,171.073914,1);
INSERT INTO `ait_performance_profile` VALUES (446,'2011-01-06',2457.275152,270836.817167,92.73386,173.089981,23);
INSERT INTO `ait_performance_profile` VALUES (446,'2011-01-29',131.518126,17297.017344,131.518126,131.518126,1);
INSERT INTO `ait_performance_profile` VALUES (491,'2010-11-26',543.991088,59581.05899,99.853992,125.895977,5);
INSERT INTO `ait_performance_profile` VALUES (491,'2010-11-29',1592.695953,171925.365381,90.401888,145.719051,15);
INSERT INTO `ait_performance_profile` VALUES (491,'2010-11-30',105.895042,11213.760009,105.895042,105.895042,1);
INSERT INTO `ait_performance_profile` VALUES (491,'2010-12-07',114.001989,12996.453579,114.001989,114.001989,1);
INSERT INTO `ait_performance_profile` VALUES (491,'2010-12-10',108.458042,11763.146906,108.458042,108.458042,1);
INSERT INTO `ait_performance_profile` VALUES (491,'2011-01-04',596.38667,72546.410204,105.042934,143.1849,5);
INSERT INTO `ait_performance_profile` VALUES (491,'2011-01-05',233.195066,27195.411202,114.948034,118.247032,2);
INSERT INTO `ait_performance_profile` VALUES (491,'2011-01-07',115.880966,13428.398324,115.880966,115.880966,1);
INSERT INTO `ait_performance_profile` VALUES (491,'2011-01-14',113.339186,12845.771018,113.339186,113.339186,1);
INSERT INTO `ait_performance_profile` VALUES (491,'2011-01-24',893.050671,99790.416548,106.356859,117.496967,8);
INSERT INTO `ait_performance_profile` VALUES (491,'2011-01-26',633.275748,66948.831055,96.292019,109.564781,6);
INSERT INTO `ait_performance_profile` VALUES (491,'2011-01-29',758.611441,98598.024037,90.300083,155.241013,6);
INSERT INTO `ait_performance_profile` VALUES (492,'2010-11-26',849.372149,90534.597082,97.942114,118.883133,8);
INSERT INTO `ait_performance_profile` VALUES (492,'2010-11-29',2082.852601,272765.521485,86.74407,278.905153,18);
INSERT INTO `ait_performance_profile` VALUES (492,'2010-11-30',114.060879,13009.884062,114.060879,114.060879,1);
INSERT INTO `ait_performance_profile` VALUES (492,'2010-12-01',254.629135,64835.996458,254.629135,254.629135,1);
INSERT INTO `ait_performance_profile` VALUES (492,'2010-12-07',661.741733,116193.444885,92.35692,283.571959,5);
INSERT INTO `ait_performance_profile` VALUES (492,'2010-12-10',375.617027,79960.23186,119.193077,256.42395,2);
INSERT INTO `ait_performance_profile` VALUES (492,'2010-12-11',320.720911,102861.902769,320.720911,320.720911,1);
INSERT INTO `ait_performance_profile` VALUES (492,'2011-01-04',401.20697,97331.596744,108.820915,292.386055,2);
INSERT INTO `ait_performance_profile` VALUES (492,'2011-01-05',1582.170726,361061.378768,96.251965,441.489935,10);
INSERT INTO `ait_performance_profile` VALUES (492,'2011-01-06',1348.273277,649402.632024,110.015154,586.506128,4);
INSERT INTO `ait_performance_profile` VALUES (492,'2011-01-14',579.80299,198701.709859,166.176081,413.626909,2);
INSERT INTO `ait_performance_profile` VALUES (492,'2011-01-24',1059.352874,166856.127083,104.810953,284.625053,8);
INSERT INTO `ait_performance_profile` VALUES (492,'2011-01-26',4640.919687,1300262.912715,100.229979,491.298914,22);
INSERT INTO `ait_performance_profile` VALUES (492,'2011-01-27',1803.867339,288863.544926,111.754894,257.189035,12);
INSERT INTO `ait_performance_profile` VALUES (492,'2011-01-28',520.849943,271284.663291,520.849943,520.849943,1);
INSERT INTO `ait_performance_profile` VALUES (492,'2011-01-29',2569.474935,528033.695738,88.23204,403.174877,15);
INSERT INTO `ait_performance_profile` VALUES (493,'2010-11-26',859.662295,109188.146248,101.104975,171.034098,7);
INSERT INTO `ait_performance_profile` VALUES (493,'2010-11-29',1861.893894,265163.159677,90.47699,295.213938,15);
INSERT INTO `ait_performance_profile` VALUES (493,'2010-11-30',110.989094,12318.578938,110.989094,110.989094,1);
INSERT INTO `ait_performance_profile` VALUES (493,'2010-12-01',310.945034,96686.814186,310.945034,310.945034,1);
INSERT INTO `ait_performance_profile` VALUES (493,'2010-12-07',566.293955,320688.843299,566.293955,566.293955,1);
INSERT INTO `ait_performance_profile` VALUES (493,'2010-12-10',474.98703,140108.788575,120.65506,354.33197,2);
INSERT INTO `ait_performance_profile` VALUES (493,'2011-01-04',602.792978,168258.087781,109.468937,378.173113,3);
INSERT INTO `ait_performance_profile` VALUES (493,'2011-01-05',846.824169,123083.559444,108.693838,172.855139,6);
INSERT INTO `ait_performance_profile` VALUES (493,'2011-01-07',548.70677,75954.183968,118.849993,155.36499,4);
INSERT INTO `ait_performance_profile` VALUES (493,'2011-01-10',126.804113,16079.283172,126.804113,126.804113,1);
INSERT INTO `ait_performance_profile` VALUES (493,'2011-01-12',128.492832,16510.407923,128.492832,128.492832,1);
INSERT INTO `ait_performance_profile` VALUES (493,'2011-01-14',335.783004,37612.241939,109.225988,116.268873,3);
INSERT INTO `ait_performance_profile` VALUES (493,'2011-01-24',758.753299,96220.394096,117.19203,134.781122,6);
INSERT INTO `ait_performance_profile` VALUES (493,'2011-01-26',511.154175,65820.399239,112.264872,142.491102,4);
INSERT INTO `ait_performance_profile` VALUES (493,'2011-01-29',3595.846173,577664.579129,120.350122,209.583998,23);
INSERT INTO `ait_performance_profile` VALUES (494,'2010-11-26',1482.697249,629769.640905,107.57184,730.363131,7);
INSERT INTO `ait_performance_profile` VALUES (494,'2010-11-29',2515.991925,586672.960681,95.956802,594.323158,17);
INSERT INTO `ait_performance_profile` VALUES (494,'2010-11-30',227.547169,25900.652531,111.345053,116.202116,2);
INSERT INTO `ait_performance_profile` VALUES (494,'2010-12-01',544.384956,296354.980711,544.384956,544.384956,1);
INSERT INTO `ait_performance_profile` VALUES (494,'2010-12-07',409.517049,106951.46789,97.289085,312.227964,2);
INSERT INTO `ait_performance_profile` VALUES (494,'2010-12-10',663.459062,296716.033566,135.991096,527.467966,2);
INSERT INTO `ait_performance_profile` VALUES (494,'2011-01-04',471.785069,125153.224195,152.637959,319.14711,2);
INSERT INTO `ait_performance_profile` VALUES (494,'2011-01-05',232.291937,27393.853941,101.75705,130.534887,2);
INSERT INTO `ait_performance_profile` VALUES (494,'2011-01-06',121.549129,14774.190879,121.549129,121.549129,1);
INSERT INTO `ait_performance_profile` VALUES (494,'2011-01-07',116.435051,13557.121093,116.435051,116.435051,1);
INSERT INTO `ait_performance_profile` VALUES (494,'2011-01-24',4269.232987,1198060.090869,114.260912,542.415857,19);
INSERT INTO `ait_performance_profile` VALUES (494,'2011-01-25',246.786117,30466.251719,120.695114,126.091003,2);
INSERT INTO `ait_performance_profile` VALUES (494,'2011-01-29',2543.66064,1064697.592239,124.570847,550.469875,8);
INSERT INTO `ait_performance_profile` VALUES (497,'2010-11-26',1276.141882,166317.241677,107.057095,165.601969,10);
INSERT INTO `ait_performance_profile` VALUES (497,'2010-11-29',5202.123406,927129.476288,90.498924,487.715006,36);
INSERT INTO `ait_performance_profile` VALUES (497,'2010-11-30',236.637831,28029.276991,114.410877,122.226954,2);
INSERT INTO `ait_performance_profile` VALUES (497,'2010-12-01',230.14617,52967.25941,230.14617,230.14617,1);
INSERT INTO `ait_performance_profile` VALUES (497,'2010-12-07',2178.549528,255172.835127,93.44697,229.122162,20);
INSERT INTO `ait_performance_profile` VALUES (497,'2010-12-10',226.886988,51477.705181,226.886988,226.886988,1);
INSERT INTO `ait_performance_profile` VALUES (497,'2011-01-04',478.343964,141673.167016,122.410059,355.933905,2);
INSERT INTO `ait_performance_profile` VALUES (497,'2011-01-05',759.256363,100352.327731,104.217768,185.171843,6);
INSERT INTO `ait_performance_profile` VALUES (497,'2011-01-07',239.754915,57482.419381,239.754915,239.754915,1);
INSERT INTO `ait_performance_profile` VALUES (497,'2011-01-12',113.831997,12957.723522,113.831997,113.831997,1);
INSERT INTO `ait_performance_profile` VALUES (497,'2011-01-14',460.995913,212517.23139,460.995913,460.995913,1);
INSERT INTO `ait_performance_profile` VALUES (497,'2011-01-22',212.22806,45040.749353,212.22806,212.22806,1);
INSERT INTO `ait_performance_profile` VALUES (497,'2011-01-24',378.568887,82438.663324,115.862846,262.706041,2);
INSERT INTO `ait_performance_profile` VALUES (497,'2011-01-29',800.276041,108456.231639,109.219074,157.750845,6);
INSERT INTO `ait_performance_profile` VALUES (506,'2010-11-29',6281.330108,725596.912343,94.48719,240.017176,56);
INSERT INTO `ait_performance_profile` VALUES (506,'2010-11-30',1057.651044,126777.61141,101.485014,148.593903,9);
INSERT INTO `ait_performance_profile` VALUES (506,'2010-12-10',110.099077,12121.806806,110.099077,110.099077,1);
INSERT INTO `ait_performance_profile` VALUES (506,'2011-01-04',731.234073,400838.015648,107.270002,623.964071,2);
INSERT INTO `ait_performance_profile` VALUES (506,'2011-01-05',235.826016,27811.388577,116.424084,119.401932,2);
INSERT INTO `ait_performance_profile` VALUES (506,'2011-01-07',467.892885,218923.752028,467.892885,467.892885,1);
INSERT INTO `ait_performance_profile` VALUES (506,'2011-01-29',964.518785,400925.72892,111.696005,595.968008,4);
INSERT INTO `ait_performance_profile` VALUES (506,'2011-01-31',120.080948,14419.434043,120.080948,120.080948,1);
INSERT INTO `ait_performance_profile` VALUES (510,'2010-11-29',3457.233903,359077.0004,87.866068,162.024975,34);
INSERT INTO `ait_performance_profile` VALUES (510,'2010-11-30',252.783776,32057.393468,119.057894,133.725882,2);
INSERT INTO `ait_performance_profile` VALUES (510,'2010-12-07',115.62705,13369.614784,115.62705,115.62705,1);
INSERT INTO `ait_performance_profile` VALUES (510,'2011-01-04',899.213553,163172.599304,88.451862,330.024958,7);
INSERT INTO `ait_performance_profile` VALUES (510,'2011-01-29',811.71298,479282.589701,132.138014,679.574966,2);
CREATE TABLE `ait_pub` (  `pubid` int(10) unsigned NOT NULL AUTO_INCREMENT,  `idartlang` int(10) unsigned NOT NULL,  `userid` int(10) unsigned NOT NULL,  `pubtime` datetime NOT NULL,  `status` tinyint(4) NOT NULL DEFAULT '1',  PRIMARY KEY (`pubid`),  KEY `idartlang` (`idartlang`),  CONSTRAINT `ait_pub_ibfk_1` FOREIGN KEY (`idartlang`) REFERENCES `ait_art_lang` (`idartlang`) ON DELETE CASCADE) ENGINE=InnoDB AUTO_INCREMENT=13 DEFAULT CHARSET=utf8;
INSERT INTO `ait_pub` VALUES (1,440,29,'2011-02-07 08:48:20',1);
INSERT INTO `ait_pub` VALUES (2,446,29,'2011-02-07 08:48:20',1);
INSERT INTO `ait_pub` VALUES (3,449,29,'2011-02-07 08:48:20',1);
INSERT INTO `ait_pub` VALUES (4,491,29,'2011-02-07 08:48:20',1);
INSERT INTO `ait_pub` VALUES (5,492,29,'2011-02-07 08:48:21',1);
INSERT INTO `ait_pub` VALUES (6,493,29,'2011-02-07 08:48:21',1);
INSERT INTO `ait_pub` VALUES (7,494,29,'2011-02-07 08:48:21',1);
INSERT INTO `ait_pub` VALUES (8,495,29,'2011-02-07 08:48:22',1);
INSERT INTO `ait_pub` VALUES (9,497,29,'2011-02-07 08:48:22',1);
INSERT INTO `ait_pub` VALUES (10,505,29,'2011-02-07 08:48:22',1);
INSERT INTO `ait_pub` VALUES (11,506,29,'2011-02-07 08:48:22',1);
INSERT INTO `ait_pub` VALUES (12,510,29,'2011-02-07 08:48:23',1);
CREATE TABLE `ait_pub_aitsu_article_property` (  `propertyid` int(10) unsigned NOT NULL,  `idartlang` int(10) unsigned NOT NULL,  `textvalue` text,  `floatvalue` double DEFAULT NULL,  `datevalue` datetime DEFAULT NULL,  `pubid` int(10) unsigned NOT NULL,  `status` tinyint(4) NOT NULL,  PRIMARY KEY (`propertyid`,`idartlang`,`pubid`),  KEY `idartlang` (`idartlang`),  KEY `pubid` (`pubid`),  CONSTRAINT `ait_pub_aitsu_article_property_ibfk_1` FOREIGN KEY (`propertyid`) REFERENCES `ait_aitsu_property` (`propertyid`) ON DELETE CASCADE,  CONSTRAINT `ait_pub_aitsu_article_property_ibfk_2` FOREIGN KEY (`idartlang`) REFERENCES `ait_art_lang` (`idartlang`) ON DELETE CASCADE,  CONSTRAINT `ait_pub_aitsu_article_property_ibfk_3` FOREIGN KEY (`pubid`) REFERENCES `ait_pub` (`pubid`) ON DELETE CASCADE) ENGINE=InnoDB DEFAULT CHARSET=utf8;
INSERT INTO `ait_pub_aitsu_article_property` VALUES (1,440,'O:8:\"stdClass\":0:{}',NULL,NULL,1,1);
INSERT INTO `ait_pub_aitsu_article_property` VALUES (1,446,'O:8:\"stdClass\":0:{}',NULL,NULL,2,1);
INSERT INTO `ait_pub_aitsu_article_property` VALUES (1,449,'O:8:\"stdClass\":0:{}',NULL,NULL,3,1);
INSERT INTO `ait_pub_aitsu_article_property` VALUES (1,491,'O:8:\"stdClass\":0:{}',NULL,NULL,4,1);
INSERT INTO `ait_pub_aitsu_article_property` VALUES (1,492,'O:8:\"stdClass\":0:{}',NULL,NULL,5,1);
INSERT INTO `ait_pub_aitsu_article_property` VALUES (1,493,'O:8:\"stdClass\":0:{}',NULL,NULL,6,1);
INSERT INTO `ait_pub_aitsu_article_property` VALUES (1,494,'O:8:\"stdClass\":0:{}',NULL,NULL,7,1);
INSERT INTO `ait_pub_aitsu_article_property` VALUES (1,495,'O:8:\"stdClass\":0:{}',NULL,NULL,8,1);
INSERT INTO `ait_pub_aitsu_article_property` VALUES (1,497,'O:8:\"stdClass\":0:{}',NULL,NULL,9,1);
INSERT INTO `ait_pub_aitsu_article_property` VALUES (1,505,'O:8:\"stdClass\":0:{}',NULL,NULL,10,1);
INSERT INTO `ait_pub_aitsu_article_property` VALUES (1,506,'O:8:\"stdClass\":0:{}',NULL,NULL,11,1);
INSERT INTO `ait_pub_aitsu_article_property` VALUES (1,510,'O:8:\"stdClass\":0:{}',NULL,NULL,12,1);
INSERT INTO `ait_pub_aitsu_article_property` VALUES (2,440,'O:8:\"stdClass\":1:{s:15:\"defaultTemplate\";s:27:\"templates/body/header.phtml\";}',NULL,NULL,1,1);
INSERT INTO `ait_pub_aitsu_article_property` VALUES (2,446,'O:8:\"stdClass\":1:{s:15:\"defaultTemplate\";s:27:\"templates/body/header.phtml\";}',NULL,NULL,2,1);
INSERT INTO `ait_pub_aitsu_article_property` VALUES (2,449,'O:8:\"stdClass\":1:{s:15:\"defaultTemplate\";s:27:\"templates/body/header.phtml\";}',NULL,NULL,3,1);
INSERT INTO `ait_pub_aitsu_article_property` VALUES (2,491,'O:8:\"stdClass\":1:{s:15:\"defaultTemplate\";s:27:\"templates/body/header.phtml\";}',NULL,NULL,4,1);
INSERT INTO `ait_pub_aitsu_article_property` VALUES (2,492,'O:8:\"stdClass\":1:{s:15:\"defaultTemplate\";s:27:\"templates/body/header.phtml\";}',NULL,NULL,5,1);
INSERT INTO `ait_pub_aitsu_article_property` VALUES (2,493,'O:8:\"stdClass\":1:{s:15:\"defaultTemplate\";s:27:\"templates/body/header.phtml\";}',NULL,NULL,6,1);
INSERT INTO `ait_pub_aitsu_article_property` VALUES (2,494,'O:8:\"stdClass\":1:{s:15:\"defaultTemplate\";s:27:\"templates/body/header.phtml\";}',NULL,NULL,7,1);
INSERT INTO `ait_pub_aitsu_article_property` VALUES (2,495,'O:8:\"stdClass\":1:{s:15:\"defaultTemplate\";s:27:\"templates/body/header.phtml\";}',NULL,NULL,8,1);
INSERT INTO `ait_pub_aitsu_article_property` VALUES (2,497,'O:8:\"stdClass\":1:{s:15:\"defaultTemplate\";s:27:\"templates/body/header.phtml\";}',NULL,NULL,9,1);
INSERT INTO `ait_pub_aitsu_article_property` VALUES (2,505,'O:8:\"stdClass\":1:{s:15:\"defaultTemplate\";s:27:\"templates/body/header.phtml\";}',NULL,NULL,10,1);
INSERT INTO `ait_pub_aitsu_article_property` VALUES (2,506,'O:8:\"stdClass\":1:{s:15:\"defaultTemplate\";s:27:\"templates/body/header.phtml\";}',NULL,NULL,11,1);
INSERT INTO `ait_pub_aitsu_article_property` VALUES (2,510,'O:8:\"stdClass\":1:{s:15:\"defaultTemplate\";s:27:\"templates/body/header.phtml\";}',NULL,NULL,12,1);
INSERT INTO `ait_pub_aitsu_article_property` VALUES (3,440,'O:8:\"stdClass\":1:{s:15:\"defaultTemplate\";s:31:\"templates/body/navigation.phtml\";}',NULL,NULL,1,1);
INSERT INTO `ait_pub_aitsu_article_property` VALUES (3,446,'O:8:\"stdClass\":1:{s:15:\"defaultTemplate\";s:31:\"templates/body/navigation.phtml\";}',NULL,NULL,2,1);
INSERT INTO `ait_pub_aitsu_article_property` VALUES (3,449,'O:8:\"stdClass\":1:{s:15:\"defaultTemplate\";s:31:\"templates/body/navigation.phtml\";}',NULL,NULL,3,1);
INSERT INTO `ait_pub_aitsu_article_property` VALUES (3,491,'O:8:\"stdClass\":1:{s:15:\"defaultTemplate\";s:31:\"templates/body/navigation.phtml\";}',NULL,NULL,4,1);
INSERT INTO `ait_pub_aitsu_article_property` VALUES (3,492,'O:8:\"stdClass\":1:{s:15:\"defaultTemplate\";s:31:\"templates/body/navigation.phtml\";}',NULL,NULL,5,1);
INSERT INTO `ait_pub_aitsu_article_property` VALUES (3,493,'O:8:\"stdClass\":1:{s:15:\"defaultTemplate\";s:31:\"templates/body/navigation.phtml\";}',NULL,NULL,6,1);
INSERT INTO `ait_pub_aitsu_article_property` VALUES (3,494,'O:8:\"stdClass\":1:{s:15:\"defaultTemplate\";s:31:\"templates/body/navigation.phtml\";}',NULL,NULL,7,1);
INSERT INTO `ait_pub_aitsu_article_property` VALUES (3,495,'O:8:\"stdClass\":1:{s:15:\"defaultTemplate\";s:31:\"templates/body/navigation.phtml\";}',NULL,NULL,8,1);
INSERT INTO `ait_pub_aitsu_article_property` VALUES (3,497,'O:8:\"stdClass\":1:{s:15:\"defaultTemplate\";s:31:\"templates/body/navigation.phtml\";}',NULL,NULL,9,1);
INSERT INTO `ait_pub_aitsu_article_property` VALUES (3,505,'O:8:\"stdClass\":1:{s:15:\"defaultTemplate\";s:31:\"templates/body/navigation.phtml\";}',NULL,NULL,10,1);
INSERT INTO `ait_pub_aitsu_article_property` VALUES (3,506,'O:8:\"stdClass\":1:{s:15:\"defaultTemplate\";s:31:\"templates/body/navigation.phtml\";}',NULL,NULL,11,1);
INSERT INTO `ait_pub_aitsu_article_property` VALUES (3,510,'O:8:\"stdClass\":1:{s:15:\"defaultTemplate\";s:31:\"templates/body/navigation.phtml\";}',NULL,NULL,12,1);
INSERT INTO `ait_pub_aitsu_article_property` VALUES (4,440,'O:8:\"stdClass\":1:{s:15:\"defaultTemplate\";s:25:\"templates/body/main.phtml\";}',NULL,NULL,1,1);
INSERT INTO `ait_pub_aitsu_article_property` VALUES (4,446,'O:8:\"stdClass\":1:{s:15:\"defaultTemplate\";s:25:\"templates/body/main.phtml\";}',NULL,NULL,2,1);
INSERT INTO `ait_pub_aitsu_article_property` VALUES (4,449,'O:8:\"stdClass\":1:{s:15:\"defaultTemplate\";s:25:\"templates/body/main.phtml\";}',NULL,NULL,3,1);
INSERT INTO `ait_pub_aitsu_article_property` VALUES (4,491,'O:8:\"stdClass\":1:{s:15:\"defaultTemplate\";s:25:\"templates/body/main.phtml\";}',NULL,NULL,4,1);
INSERT INTO `ait_pub_aitsu_article_property` VALUES (4,492,'O:8:\"stdClass\":1:{s:15:\"defaultTemplate\";s:25:\"templates/body/main.phtml\";}',NULL,NULL,5,1);
INSERT INTO `ait_pub_aitsu_article_property` VALUES (4,493,'O:8:\"stdClass\":1:{s:15:\"defaultTemplate\";s:25:\"templates/body/main.phtml\";}',NULL,NULL,6,1);
INSERT INTO `ait_pub_aitsu_article_property` VALUES (4,494,'O:8:\"stdClass\":1:{s:15:\"defaultTemplate\";s:25:\"templates/body/main.phtml\";}',NULL,NULL,7,1);
INSERT INTO `ait_pub_aitsu_article_property` VALUES (4,495,'O:8:\"stdClass\":1:{s:15:\"defaultTemplate\";s:25:\"templates/body/main.phtml\";}',NULL,NULL,8,1);
INSERT INTO `ait_pub_aitsu_article_property` VALUES (4,497,'O:8:\"stdClass\":1:{s:15:\"defaultTemplate\";s:25:\"templates/body/main.phtml\";}',NULL,NULL,9,1);
INSERT INTO `ait_pub_aitsu_article_property` VALUES (4,505,'O:8:\"stdClass\":1:{s:15:\"defaultTemplate\";s:25:\"templates/body/main.phtml\";}',NULL,NULL,10,1);
INSERT INTO `ait_pub_aitsu_article_property` VALUES (4,506,'O:8:\"stdClass\":1:{s:15:\"defaultTemplate\";s:25:\"templates/body/main.phtml\";}',NULL,NULL,11,1);
INSERT INTO `ait_pub_aitsu_article_property` VALUES (4,510,'O:8:\"stdClass\":1:{s:15:\"defaultTemplate\";s:25:\"templates/body/main.phtml\";}',NULL,NULL,12,1);
INSERT INTO `ait_pub_aitsu_article_property` VALUES (5,440,'O:8:\"stdClass\":1:{s:15:\"defaultTemplate\";s:27:\"templates/body/footer.phtml\";}',NULL,NULL,1,1);
INSERT INTO `ait_pub_aitsu_article_property` VALUES (5,446,'O:8:\"stdClass\":1:{s:15:\"defaultTemplate\";s:27:\"templates/body/footer.phtml\";}',NULL,NULL,2,1);
INSERT INTO `ait_pub_aitsu_article_property` VALUES (5,449,'O:8:\"stdClass\":1:{s:15:\"defaultTemplate\";s:27:\"templates/body/footer.phtml\";}',NULL,NULL,3,1);
INSERT INTO `ait_pub_aitsu_article_property` VALUES (5,491,'O:8:\"stdClass\":1:{s:15:\"defaultTemplate\";s:27:\"templates/body/footer.phtml\";}',NULL,NULL,4,1);
INSERT INTO `ait_pub_aitsu_article_property` VALUES (5,492,'O:8:\"stdClass\":1:{s:15:\"defaultTemplate\";s:27:\"templates/body/footer.phtml\";}',NULL,NULL,5,1);
INSERT INTO `ait_pub_aitsu_article_property` VALUES (5,493,'O:8:\"stdClass\":1:{s:15:\"defaultTemplate\";s:27:\"templates/body/footer.phtml\";}',NULL,NULL,6,1);
INSERT INTO `ait_pub_aitsu_article_property` VALUES (5,494,'O:8:\"stdClass\":1:{s:15:\"defaultTemplate\";s:27:\"templates/body/footer.phtml\";}',NULL,NULL,7,1);
INSERT INTO `ait_pub_aitsu_article_property` VALUES (5,495,'O:8:\"stdClass\":1:{s:15:\"defaultTemplate\";s:27:\"templates/body/footer.phtml\";}',NULL,NULL,8,1);
INSERT INTO `ait_pub_aitsu_article_property` VALUES (5,497,'O:8:\"stdClass\":1:{s:15:\"defaultTemplate\";s:27:\"templates/body/footer.phtml\";}',NULL,NULL,9,1);
INSERT INTO `ait_pub_aitsu_article_property` VALUES (5,505,'O:8:\"stdClass\":1:{s:15:\"defaultTemplate\";s:27:\"templates/body/footer.phtml\";}',NULL,NULL,10,1);
INSERT INTO `ait_pub_aitsu_article_property` VALUES (5,506,'O:8:\"stdClass\":1:{s:15:\"defaultTemplate\";s:27:\"templates/body/footer.phtml\";}',NULL,NULL,11,1);
INSERT INTO `ait_pub_aitsu_article_property` VALUES (5,510,'O:8:\"stdClass\":1:{s:15:\"defaultTemplate\";s:27:\"templates/body/footer.phtml\";}',NULL,NULL,12,1);
INSERT INTO `ait_pub_aitsu_article_property` VALUES (6,440,'O:8:\"stdClass\":2:{s:15:\"defaultTemplate\";s:3:\"100\";s:8:\"template\";O:8:\"stdClass\":4:{s:4:\"none\";O:8:\"stdClass\":2:{s:4:\"name\";s:4:\"none\";s:4:\"file\";s:36:\"templates/body/subcolumns/none.phtml\";}s:5:\"50_50\";O:8:\"stdClass\":2:{s:4:\"name\";s:20:\"Subcolumns 50% | 50%\";s:4:\"file\";s:37:\"templates/body/subcolumns/50_50.phtml\";}s:3:\"100\";O:8:\"stdClass\":2:{s:4:\"name\";s:14:\"Subcolumn 100%\";s:4:\"file\";s:35:\"templates/body/subcolumns/100.phtml\";}s:7:\"contact\";O:8:\"stdClass\":2:{s:4:\"name\";s:12:\"Contact form\";s:4:\"file\";s:33:\"templates/body/form/contact.phtml\";}}}',NULL,NULL,1,1);
INSERT INTO `ait_pub_aitsu_article_property` VALUES (6,446,'O:8:\"stdClass\":2:{s:15:\"defaultTemplate\";s:3:\"100\";s:8:\"template\";O:8:\"stdClass\":4:{s:4:\"none\";O:8:\"stdClass\":2:{s:4:\"name\";s:4:\"none\";s:4:\"file\";s:36:\"templates/body/subcolumns/none.phtml\";}s:5:\"50_50\";O:8:\"stdClass\":2:{s:4:\"name\";s:20:\"Subcolumns 50% | 50%\";s:4:\"file\";s:37:\"templates/body/subcolumns/50_50.phtml\";}s:3:\"100\";O:8:\"stdClass\":2:{s:4:\"name\";s:14:\"Subcolumn 100%\";s:4:\"file\";s:35:\"templates/body/subcolumns/100.phtml\";}s:7:\"contact\";O:8:\"stdClass\":2:{s:4:\"name\";s:12:\"Contact form\";s:4:\"file\";s:33:\"templates/body/form/contact.phtml\";}}}',NULL,NULL,2,1);
INSERT INTO `ait_pub_aitsu_article_property` VALUES (6,449,'O:8:\"stdClass\":2:{s:15:\"defaultTemplate\";s:3:\"100\";s:8:\"template\";O:8:\"stdClass\":4:{s:4:\"none\";O:8:\"stdClass\":2:{s:4:\"name\";s:4:\"none\";s:4:\"file\";s:36:\"templates/body/subcolumns/none.phtml\";}s:5:\"50_50\";O:8:\"stdClass\":2:{s:4:\"name\";s:20:\"Subcolumns 50% | 50%\";s:4:\"file\";s:37:\"templates/body/subcolumns/50_50.phtml\";}s:3:\"100\";O:8:\"stdClass\":2:{s:4:\"name\";s:14:\"Subcolumn 100%\";s:4:\"file\";s:35:\"templates/body/subcolumns/100.phtml\";}s:7:\"contact\";O:8:\"stdClass\":2:{s:4:\"name\";s:12:\"Contact form\";s:4:\"file\";s:33:\"templates/body/form/contact.phtml\";}}}',NULL,NULL,3,1);
INSERT INTO `ait_pub_aitsu_article_property` VALUES (6,491,'O:8:\"stdClass\":2:{s:15:\"defaultTemplate\";s:3:\"100\";s:8:\"template\";O:8:\"stdClass\":4:{s:4:\"none\";O:8:\"stdClass\":2:{s:4:\"name\";s:4:\"none\";s:4:\"file\";s:36:\"templates/body/subcolumns/none.phtml\";}s:5:\"50_50\";O:8:\"stdClass\":2:{s:4:\"name\";s:20:\"Subcolumns 50% | 50%\";s:4:\"file\";s:37:\"templates/body/subcolumns/50_50.phtml\";}s:3:\"100\";O:8:\"stdClass\":2:{s:4:\"name\";s:14:\"Subcolumn 100%\";s:4:\"file\";s:35:\"templates/body/subcolumns/100.phtml\";}s:7:\"contact\";O:8:\"stdClass\":2:{s:4:\"name\";s:12:\"Contact form\";s:4:\"file\";s:33:\"templates/body/form/contact.phtml\";}}}',NULL,NULL,4,1);
INSERT INTO `ait_pub_aitsu_article_property` VALUES (6,492,'O:8:\"stdClass\":2:{s:15:\"defaultTemplate\";s:3:\"100\";s:8:\"template\";O:8:\"stdClass\":4:{s:4:\"none\";O:8:\"stdClass\":2:{s:4:\"name\";s:4:\"none\";s:4:\"file\";s:36:\"templates/body/subcolumns/none.phtml\";}s:5:\"50_50\";O:8:\"stdClass\":2:{s:4:\"name\";s:20:\"Subcolumns 50% | 50%\";s:4:\"file\";s:37:\"templates/body/subcolumns/50_50.phtml\";}s:3:\"100\";O:8:\"stdClass\":2:{s:4:\"name\";s:14:\"Subcolumn 100%\";s:4:\"file\";s:35:\"templates/body/subcolumns/100.phtml\";}s:7:\"contact\";O:8:\"stdClass\":2:{s:4:\"name\";s:12:\"Contact form\";s:4:\"file\";s:33:\"templates/body/form/contact.phtml\";}}}',NULL,NULL,5,1);
INSERT INTO `ait_pub_aitsu_article_property` VALUES (6,493,'O:8:\"stdClass\":2:{s:15:\"defaultTemplate\";s:3:\"100\";s:8:\"template\";O:8:\"stdClass\":4:{s:4:\"none\";O:8:\"stdClass\":2:{s:4:\"name\";s:4:\"none\";s:4:\"file\";s:36:\"templates/body/subcolumns/none.phtml\";}s:5:\"50_50\";O:8:\"stdClass\":2:{s:4:\"name\";s:20:\"Subcolumns 50% | 50%\";s:4:\"file\";s:37:\"templates/body/subcolumns/50_50.phtml\";}s:3:\"100\";O:8:\"stdClass\":2:{s:4:\"name\";s:14:\"Subcolumn 100%\";s:4:\"file\";s:35:\"templates/body/subcolumns/100.phtml\";}s:7:\"contact\";O:8:\"stdClass\":2:{s:4:\"name\";s:12:\"Contact form\";s:4:\"file\";s:33:\"templates/body/form/contact.phtml\";}}}',NULL,NULL,6,1);
INSERT INTO `ait_pub_aitsu_article_property` VALUES (6,494,'O:8:\"stdClass\":2:{s:15:\"defaultTemplate\";s:3:\"100\";s:8:\"template\";O:8:\"stdClass\":4:{s:4:\"none\";O:8:\"stdClass\":2:{s:4:\"name\";s:4:\"none\";s:4:\"file\";s:36:\"templates/body/subcolumns/none.phtml\";}s:5:\"50_50\";O:8:\"stdClass\":2:{s:4:\"name\";s:20:\"Subcolumns 50% | 50%\";s:4:\"file\";s:37:\"templates/body/subcolumns/50_50.phtml\";}s:3:\"100\";O:8:\"stdClass\":2:{s:4:\"name\";s:14:\"Subcolumn 100%\";s:4:\"file\";s:35:\"templates/body/subcolumns/100.phtml\";}s:7:\"contact\";O:8:\"stdClass\":2:{s:4:\"name\";s:12:\"Contact form\";s:4:\"file\";s:33:\"templates/body/form/contact.phtml\";}}}',NULL,NULL,7,1);
INSERT INTO `ait_pub_aitsu_article_property` VALUES (6,495,'O:8:\"stdClass\":2:{s:15:\"defaultTemplate\";s:3:\"100\";s:8:\"template\";O:8:\"stdClass\":4:{s:4:\"none\";O:8:\"stdClass\":2:{s:4:\"name\";s:4:\"none\";s:4:\"file\";s:36:\"templates/body/subcolumns/none.phtml\";}s:5:\"50_50\";O:8:\"stdClass\":2:{s:4:\"name\";s:20:\"Subcolumns 50% | 50%\";s:4:\"file\";s:37:\"templates/body/subcolumns/50_50.phtml\";}s:3:\"100\";O:8:\"stdClass\":2:{s:4:\"name\";s:14:\"Subcolumn 100%\";s:4:\"file\";s:35:\"templates/body/subcolumns/100.phtml\";}s:7:\"contact\";O:8:\"stdClass\":2:{s:4:\"name\";s:12:\"Contact form\";s:4:\"file\";s:33:\"templates/body/form/contact.phtml\";}}}',NULL,NULL,8,1);
INSERT INTO `ait_pub_aitsu_article_property` VALUES (6,497,'O:8:\"stdClass\":2:{s:15:\"defaultTemplate\";s:3:\"100\";s:8:\"template\";O:8:\"stdClass\":4:{s:4:\"none\";O:8:\"stdClass\":2:{s:4:\"name\";s:4:\"none\";s:4:\"file\";s:36:\"templates/body/subcolumns/none.phtml\";}s:5:\"50_50\";O:8:\"stdClass\":2:{s:4:\"name\";s:20:\"Subcolumns 50% | 50%\";s:4:\"file\";s:37:\"templates/body/subcolumns/50_50.phtml\";}s:3:\"100\";O:8:\"stdClass\":2:{s:4:\"name\";s:14:\"Subcolumn 100%\";s:4:\"file\";s:35:\"templates/body/subcolumns/100.phtml\";}s:7:\"contact\";O:8:\"stdClass\":2:{s:4:\"name\";s:12:\"Contact form\";s:4:\"file\";s:33:\"templates/body/form/contact.phtml\";}}}',NULL,NULL,9,1);
INSERT INTO `ait_pub_aitsu_article_property` VALUES (6,505,'O:8:\"stdClass\":2:{s:15:\"defaultTemplate\";s:3:\"100\";s:8:\"template\";O:8:\"stdClass\":4:{s:4:\"none\";O:8:\"stdClass\":2:{s:4:\"name\";s:4:\"none\";s:4:\"file\";s:36:\"templates/body/subcolumns/none.phtml\";}s:5:\"50_50\";O:8:\"stdClass\":2:{s:4:\"name\";s:20:\"Subcolumns 50% | 50%\";s:4:\"file\";s:37:\"templates/body/subcolumns/50_50.phtml\";}s:3:\"100\";O:8:\"stdClass\":2:{s:4:\"name\";s:14:\"Subcolumn 100%\";s:4:\"file\";s:35:\"templates/body/subcolumns/100.phtml\";}s:7:\"contact\";O:8:\"stdClass\":2:{s:4:\"name\";s:12:\"Contact form\";s:4:\"file\";s:33:\"templates/body/form/contact.phtml\";}}}',NULL,NULL,10,1);
INSERT INTO `ait_pub_aitsu_article_property` VALUES (6,506,'O:8:\"stdClass\":2:{s:15:\"defaultTemplate\";s:3:\"100\";s:8:\"template\";O:8:\"stdClass\":4:{s:4:\"none\";O:8:\"stdClass\":2:{s:4:\"name\";s:4:\"none\";s:4:\"file\";s:36:\"templates/body/subcolumns/none.phtml\";}s:5:\"50_50\";O:8:\"stdClass\":2:{s:4:\"name\";s:20:\"Subcolumns 50% | 50%\";s:4:\"file\";s:37:\"templates/body/subcolumns/50_50.phtml\";}s:3:\"100\";O:8:\"stdClass\":2:{s:4:\"name\";s:14:\"Subcolumn 100%\";s:4:\"file\";s:35:\"templates/body/subcolumns/100.phtml\";}s:7:\"contact\";O:8:\"stdClass\":2:{s:4:\"name\";s:12:\"Contact form\";s:4:\"file\";s:33:\"templates/body/form/contact.phtml\";}}}',NULL,NULL,11,1);
INSERT INTO `ait_pub_aitsu_article_property` VALUES (6,510,'O:8:\"stdClass\":2:{s:15:\"defaultTemplate\";s:3:\"100\";s:8:\"template\";O:8:\"stdClass\":4:{s:4:\"none\";O:8:\"stdClass\":2:{s:4:\"name\";s:4:\"none\";s:4:\"file\";s:36:\"templates/body/subcolumns/none.phtml\";}s:5:\"50_50\";O:8:\"stdClass\":2:{s:4:\"name\";s:20:\"Subcolumns 50% | 50%\";s:4:\"file\";s:37:\"templates/body/subcolumns/50_50.phtml\";}s:3:\"100\";O:8:\"stdClass\":2:{s:4:\"name\";s:14:\"Subcolumn 100%\";s:4:\"file\";s:35:\"templates/body/subcolumns/100.phtml\";}s:7:\"contact\";O:8:\"stdClass\":2:{s:4:\"name\";s:12:\"Contact form\";s:4:\"file\";s:33:\"templates/body/form/contact.phtml\";}}}',NULL,NULL,12,1);
INSERT INTO `ait_pub_aitsu_article_property` VALUES (7,440,'100',NULL,NULL,1,1);
INSERT INTO `ait_pub_aitsu_article_property` VALUES (7,449,'none',NULL,NULL,3,1);
INSERT INTO `ait_pub_aitsu_article_property` VALUES (7,492,'none',NULL,NULL,5,1);
INSERT INTO `ait_pub_aitsu_article_property` VALUES (7,493,'100',NULL,NULL,6,1);
INSERT INTO `ait_pub_aitsu_article_property` VALUES (7,495,'contact',NULL,NULL,8,1);
INSERT INTO `ait_pub_aitsu_article_property` VALUES (8,440,'O:8:\"stdClass\":2:{s:15:\"defaultTemplate\";s:4:\"none\";s:8:\"template\";O:8:\"stdClass\":8:{s:4:\"none\";O:8:\"stdClass\":2:{s:4:\"name\";s:4:\"none\";s:4:\"file\";s:36:\"templates/body/subcolumns/none.phtml\";}s:3:\"100\";O:8:\"stdClass\":2:{s:4:\"name\";s:14:\"Subcolumn 100%\";s:4:\"file\";s:35:\"templates/body/subcolumns/100.phtml\";}s:5:\"25_75\";O:8:\"stdClass\":2:{s:4:\"name\";s:20:\"Subcolumns 25% | 75%\";s:4:\"file\";s:37:\"templates/body/subcolumns/25_75.phtml\";}s:8:\"33_33_33\";O:8:\"stdClass\":2:{s:4:\"name\";s:26:\"Subcolumns 33% | 33% | 33%\";s:4:\"file\";s:40:\"templates/body/subcolumns/33_33_33.phtml\";}s:5:\"33_66\";O:8:\"stdClass\":2:{s:4:\"name\";s:20:\"Subcolumns 33% | 66%\";s:4:\"file\";s:37:\"templates/body/subcolumns/33_66.phtml\";}s:5:\"50_50\";O:8:\"stdClass\":2:{s:4:\"name\";s:20:\"Subcolumns 50% | 50%\";s:4:\"file\";s:37:\"templates/body/subcolumns/50_50.phtml\";}s:5:\"66_33\";O:8:\"stdClass\":2:{s:4:\"name\";s:20:\"Subcolumns 66% | 33%\";s:4:\"file\";s:37:\"templates/body/subcolumns/66_33.phtml\";}s:5:\"75_25\";O:8:\"stdClass\":2:{s:4:\"name\";s:20:\"Subcolumns 75% | 25%\";s:4:\"file\";s:37:\"templates/body/subcolumns/75_25.phtml\";}}}',NULL,NULL,1,1);
INSERT INTO `ait_pub_aitsu_article_property` VALUES (8,446,'O:8:\"stdClass\":2:{s:15:\"defaultTemplate\";s:4:\"none\";s:8:\"template\";O:8:\"stdClass\":8:{s:4:\"none\";O:8:\"stdClass\":2:{s:4:\"name\";s:4:\"none\";s:4:\"file\";s:36:\"templates/body/subcolumns/none.phtml\";}s:3:\"100\";O:8:\"stdClass\":2:{s:4:\"name\";s:14:\"Subcolumn 100%\";s:4:\"file\";s:35:\"templates/body/subcolumns/100.phtml\";}s:5:\"25_75\";O:8:\"stdClass\":2:{s:4:\"name\";s:20:\"Subcolumns 25% | 75%\";s:4:\"file\";s:37:\"templates/body/subcolumns/25_75.phtml\";}s:8:\"33_33_33\";O:8:\"stdClass\":2:{s:4:\"name\";s:26:\"Subcolumns 33% | 33% | 33%\";s:4:\"file\";s:40:\"templates/body/subcolumns/33_33_33.phtml\";}s:5:\"33_66\";O:8:\"stdClass\":2:{s:4:\"name\";s:20:\"Subcolumns 33% | 66%\";s:4:\"file\";s:37:\"templates/body/subcolumns/33_66.phtml\";}s:5:\"50_50\";O:8:\"stdClass\":2:{s:4:\"name\";s:20:\"Subcolumns 50% | 50%\";s:4:\"file\";s:37:\"templates/body/subcolumns/50_50.phtml\";}s:5:\"66_33\";O:8:\"stdClass\":2:{s:4:\"name\";s:20:\"Subcolumns 66% | 33%\";s:4:\"file\";s:37:\"templates/body/subcolumns/66_33.phtml\";}s:5:\"75_25\";O:8:\"stdClass\":2:{s:4:\"name\";s:20:\"Subcolumns 75% | 25%\";s:4:\"file\";s:37:\"templates/body/subcolumns/75_25.phtml\";}}}',NULL,NULL,2,1);
INSERT INTO `ait_pub_aitsu_article_property` VALUES (8,449,'O:8:\"stdClass\":2:{s:15:\"defaultTemplate\";s:4:\"none\";s:8:\"template\";O:8:\"stdClass\":8:{s:4:\"none\";O:8:\"stdClass\":2:{s:4:\"name\";s:4:\"none\";s:4:\"file\";s:36:\"templates/body/subcolumns/none.phtml\";}s:3:\"100\";O:8:\"stdClass\":2:{s:4:\"name\";s:14:\"Subcolumn 100%\";s:4:\"file\";s:35:\"templates/body/subcolumns/100.phtml\";}s:5:\"25_75\";O:8:\"stdClass\":2:{s:4:\"name\";s:20:\"Subcolumns 25% | 75%\";s:4:\"file\";s:37:\"templates/body/subcolumns/25_75.phtml\";}s:8:\"33_33_33\";O:8:\"stdClass\":2:{s:4:\"name\";s:26:\"Subcolumns 33% | 33% | 33%\";s:4:\"file\";s:40:\"templates/body/subcolumns/33_33_33.phtml\";}s:5:\"33_66\";O:8:\"stdClass\":2:{s:4:\"name\";s:20:\"Subcolumns 33% | 66%\";s:4:\"file\";s:37:\"templates/body/subcolumns/33_66.phtml\";}s:5:\"50_50\";O:8:\"stdClass\":2:{s:4:\"name\";s:20:\"Subcolumns 50% | 50%\";s:4:\"file\";s:37:\"templates/body/subcolumns/50_50.phtml\";}s:5:\"66_33\";O:8:\"stdClass\":2:{s:4:\"name\";s:20:\"Subcolumns 66% | 33%\";s:4:\"file\";s:37:\"templates/body/subcolumns/66_33.phtml\";}s:5:\"75_25\";O:8:\"stdClass\":2:{s:4:\"name\";s:20:\"Subcolumns 75% | 25%\";s:4:\"file\";s:37:\"templates/body/subcolumns/75_25.phtml\";}}}',NULL,NULL,3,1);
INSERT INTO `ait_pub_aitsu_article_property` VALUES (8,491,'O:8:\"stdClass\":2:{s:15:\"defaultTemplate\";s:4:\"none\";s:8:\"template\";O:8:\"stdClass\":8:{s:4:\"none\";O:8:\"stdClass\":2:{s:4:\"name\";s:4:\"none\";s:4:\"file\";s:36:\"templates/body/subcolumns/none.phtml\";}s:3:\"100\";O:8:\"stdClass\":2:{s:4:\"name\";s:14:\"Subcolumn 100%\";s:4:\"file\";s:35:\"templates/body/subcolumns/100.phtml\";}s:5:\"25_75\";O:8:\"stdClass\":2:{s:4:\"name\";s:20:\"Subcolumns 25% | 75%\";s:4:\"file\";s:37:\"templates/body/subcolumns/25_75.phtml\";}s:8:\"33_33_33\";O:8:\"stdClass\":2:{s:4:\"name\";s:26:\"Subcolumns 33% | 33% | 33%\";s:4:\"file\";s:40:\"templates/body/subcolumns/33_33_33.phtml\";}s:5:\"33_66\";O:8:\"stdClass\":2:{s:4:\"name\";s:20:\"Subcolumns 33% | 66%\";s:4:\"file\";s:37:\"templates/body/subcolumns/33_66.phtml\";}s:5:\"50_50\";O:8:\"stdClass\":2:{s:4:\"name\";s:20:\"Subcolumns 50% | 50%\";s:4:\"file\";s:37:\"templates/body/subcolumns/50_50.phtml\";}s:5:\"66_33\";O:8:\"stdClass\":2:{s:4:\"name\";s:20:\"Subcolumns 66% | 33%\";s:4:\"file\";s:37:\"templates/body/subcolumns/66_33.phtml\";}s:5:\"75_25\";O:8:\"stdClass\":2:{s:4:\"name\";s:20:\"Subcolumns 75% | 25%\";s:4:\"file\";s:37:\"templates/body/subcolumns/75_25.phtml\";}}}',NULL,NULL,4,1);
INSERT INTO `ait_pub_aitsu_article_property` VALUES (8,492,'O:8:\"stdClass\":2:{s:15:\"defaultTemplate\";s:4:\"none\";s:8:\"template\";O:8:\"stdClass\":8:{s:4:\"none\";O:8:\"stdClass\":2:{s:4:\"name\";s:4:\"none\";s:4:\"file\";s:36:\"templates/body/subcolumns/none.phtml\";}s:3:\"100\";O:8:\"stdClass\":2:{s:4:\"name\";s:14:\"Subcolumn 100%\";s:4:\"file\";s:35:\"templates/body/subcolumns/100.phtml\";}s:5:\"25_75\";O:8:\"stdClass\":2:{s:4:\"name\";s:20:\"Subcolumns 25% | 75%\";s:4:\"file\";s:37:\"templates/body/subcolumns/25_75.phtml\";}s:8:\"33_33_33\";O:8:\"stdClass\":2:{s:4:\"name\";s:26:\"Subcolumns 33% | 33% | 33%\";s:4:\"file\";s:40:\"templates/body/subcolumns/33_33_33.phtml\";}s:5:\"33_66\";O:8:\"stdClass\":2:{s:4:\"name\";s:20:\"Subcolumns 33% | 66%\";s:4:\"file\";s:37:\"templates/body/subcolumns/33_66.phtml\";}s:5:\"50_50\";O:8:\"stdClass\":2:{s:4:\"name\";s:20:\"Subcolumns 50% | 50%\";s:4:\"file\";s:37:\"templates/body/subcolumns/50_50.phtml\";}s:5:\"66_33\";O:8:\"stdClass\":2:{s:4:\"name\";s:20:\"Subcolumns 66% | 33%\";s:4:\"file\";s:37:\"templates/body/subcolumns/66_33.phtml\";}s:5:\"75_25\";O:8:\"stdClass\":2:{s:4:\"name\";s:20:\"Subcolumns 75% | 25%\";s:4:\"file\";s:37:\"templates/body/subcolumns/75_25.phtml\";}}}',NULL,NULL,5,1);
INSERT INTO `ait_pub_aitsu_article_property` VALUES (8,493,'O:8:\"stdClass\":2:{s:15:\"defaultTemplate\";s:4:\"none\";s:8:\"template\";O:8:\"stdClass\":8:{s:4:\"none\";O:8:\"stdClass\":2:{s:4:\"name\";s:4:\"none\";s:4:\"file\";s:36:\"templates/body/subcolumns/none.phtml\";}s:3:\"100\";O:8:\"stdClass\":2:{s:4:\"name\";s:14:\"Subcolumn 100%\";s:4:\"file\";s:35:\"templates/body/subcolumns/100.phtml\";}s:5:\"25_75\";O:8:\"stdClass\":2:{s:4:\"name\";s:20:\"Subcolumns 25% | 75%\";s:4:\"file\";s:37:\"templates/body/subcolumns/25_75.phtml\";}s:8:\"33_33_33\";O:8:\"stdClass\":2:{s:4:\"name\";s:26:\"Subcolumns 33% | 33% | 33%\";s:4:\"file\";s:40:\"templates/body/subcolumns/33_33_33.phtml\";}s:5:\"33_66\";O:8:\"stdClass\":2:{s:4:\"name\";s:20:\"Subcolumns 33% | 66%\";s:4:\"file\";s:37:\"templates/body/subcolumns/33_66.phtml\";}s:5:\"50_50\";O:8:\"stdClass\":2:{s:4:\"name\";s:20:\"Subcolumns 50% | 50%\";s:4:\"file\";s:37:\"templates/body/subcolumns/50_50.phtml\";}s:5:\"66_33\";O:8:\"stdClass\":2:{s:4:\"name\";s:20:\"Subcolumns 66% | 33%\";s:4:\"file\";s:37:\"templates/body/subcolumns/66_33.phtml\";}s:5:\"75_25\";O:8:\"stdClass\":2:{s:4:\"name\";s:20:\"Subcolumns 75% | 25%\";s:4:\"file\";s:37:\"templates/body/subcolumns/75_25.phtml\";}}}',NULL,NULL,6,1);
INSERT INTO `ait_pub_aitsu_article_property` VALUES (8,494,'O:8:\"stdClass\":2:{s:15:\"defaultTemplate\";s:4:\"none\";s:8:\"template\";O:8:\"stdClass\":8:{s:4:\"none\";O:8:\"stdClass\":2:{s:4:\"name\";s:4:\"none\";s:4:\"file\";s:36:\"templates/body/subcolumns/none.phtml\";}s:3:\"100\";O:8:\"stdClass\":2:{s:4:\"name\";s:14:\"Subcolumn 100%\";s:4:\"file\";s:35:\"templates/body/subcolumns/100.phtml\";}s:5:\"25_75\";O:8:\"stdClass\":2:{s:4:\"name\";s:20:\"Subcolumns 25% | 75%\";s:4:\"file\";s:37:\"templates/body/subcolumns/25_75.phtml\";}s:8:\"33_33_33\";O:8:\"stdClass\":2:{s:4:\"name\";s:26:\"Subcolumns 33% | 33% | 33%\";s:4:\"file\";s:40:\"templates/body/subcolumns/33_33_33.phtml\";}s:5:\"33_66\";O:8:\"stdClass\":2:{s:4:\"name\";s:20:\"Subcolumns 33% | 66%\";s:4:\"file\";s:37:\"templates/body/subcolumns/33_66.phtml\";}s:5:\"50_50\";O:8:\"stdClass\":2:{s:4:\"name\";s:20:\"Subcolumns 50% | 50%\";s:4:\"file\";s:37:\"templates/body/subcolumns/50_50.phtml\";}s:5:\"66_33\";O:8:\"stdClass\":2:{s:4:\"name\";s:20:\"Subcolumns 66% | 33%\";s:4:\"file\";s:37:\"templates/body/subcolumns/66_33.phtml\";}s:5:\"75_25\";O:8:\"stdClass\":2:{s:4:\"name\";s:20:\"Subcolumns 75% | 25%\";s:4:\"file\";s:37:\"templates/body/subcolumns/75_25.phtml\";}}}',NULL,NULL,7,1);
INSERT INTO `ait_pub_aitsu_article_property` VALUES (8,495,'O:8:\"stdClass\":2:{s:15:\"defaultTemplate\";s:4:\"none\";s:8:\"template\";O:8:\"stdClass\":8:{s:4:\"none\";O:8:\"stdClass\":2:{s:4:\"name\";s:4:\"none\";s:4:\"file\";s:36:\"templates/body/subcolumns/none.phtml\";}s:3:\"100\";O:8:\"stdClass\":2:{s:4:\"name\";s:14:\"Subcolumn 100%\";s:4:\"file\";s:35:\"templates/body/subcolumns/100.phtml\";}s:5:\"25_75\";O:8:\"stdClass\":2:{s:4:\"name\";s:20:\"Subcolumns 25% | 75%\";s:4:\"file\";s:37:\"templates/body/subcolumns/25_75.phtml\";}s:8:\"33_33_33\";O:8:\"stdClass\":2:{s:4:\"name\";s:26:\"Subcolumns 33% | 33% | 33%\";s:4:\"file\";s:40:\"templates/body/subcolumns/33_33_33.phtml\";}s:5:\"33_66\";O:8:\"stdClass\":2:{s:4:\"name\";s:20:\"Subcolumns 33% | 66%\";s:4:\"file\";s:37:\"templates/body/subcolumns/33_66.phtml\";}s:5:\"50_50\";O:8:\"stdClass\":2:{s:4:\"name\";s:20:\"Subcolumns 50% | 50%\";s:4:\"file\";s:37:\"templates/body/subcolumns/50_50.phtml\";}s:5:\"66_33\";O:8:\"stdClass\":2:{s:4:\"name\";s:20:\"Subcolumns 66% | 33%\";s:4:\"file\";s:37:\"templates/body/subcolumns/66_33.phtml\";}s:5:\"75_25\";O:8:\"stdClass\":2:{s:4:\"name\";s:20:\"Subcolumns 75% | 25%\";s:4:\"file\";s:37:\"templates/body/subcolumns/75_25.phtml\";}}}',NULL,NULL,8,1);
INSERT INTO `ait_pub_aitsu_article_property` VALUES (8,497,'O:8:\"stdClass\":2:{s:15:\"defaultTemplate\";s:4:\"none\";s:8:\"template\";O:8:\"stdClass\":8:{s:4:\"none\";O:8:\"stdClass\":2:{s:4:\"name\";s:4:\"none\";s:4:\"file\";s:36:\"templates/body/subcolumns/none.phtml\";}s:3:\"100\";O:8:\"stdClass\":2:{s:4:\"name\";s:14:\"Subcolumn 100%\";s:4:\"file\";s:35:\"templates/body/subcolumns/100.phtml\";}s:5:\"25_75\";O:8:\"stdClass\":2:{s:4:\"name\";s:20:\"Subcolumns 25% | 75%\";s:4:\"file\";s:37:\"templates/body/subcolumns/25_75.phtml\";}s:8:\"33_33_33\";O:8:\"stdClass\":2:{s:4:\"name\";s:26:\"Subcolumns 33% | 33% | 33%\";s:4:\"file\";s:40:\"templates/body/subcolumns/33_33_33.phtml\";}s:5:\"33_66\";O:8:\"stdClass\":2:{s:4:\"name\";s:20:\"Subcolumns 33% | 66%\";s:4:\"file\";s:37:\"templates/body/subcolumns/33_66.phtml\";}s:5:\"50_50\";O:8:\"stdClass\":2:{s:4:\"name\";s:20:\"Subcolumns 50% | 50%\";s:4:\"file\";s:37:\"templates/body/subcolumns/50_50.phtml\";}s:5:\"66_33\";O:8:\"stdClass\":2:{s:4:\"name\";s:20:\"Subcolumns 66% | 33%\";s:4:\"file\";s:37:\"templates/body/subcolumns/66_33.phtml\";}s:5:\"75_25\";O:8:\"stdClass\":2:{s:4:\"name\";s:20:\"Subcolumns 75% | 25%\";s:4:\"file\";s:37:\"templates/body/subcolumns/75_25.phtml\";}}}',NULL,NULL,9,1);
INSERT INTO `ait_pub_aitsu_article_property` VALUES (8,505,'O:8:\"stdClass\":2:{s:15:\"defaultTemplate\";s:4:\"none\";s:8:\"template\";O:8:\"stdClass\":8:{s:4:\"none\";O:8:\"stdClass\":2:{s:4:\"name\";s:4:\"none\";s:4:\"file\";s:36:\"templates/body/subcolumns/none.phtml\";}s:3:\"100\";O:8:\"stdClass\":2:{s:4:\"name\";s:14:\"Subcolumn 100%\";s:4:\"file\";s:35:\"templates/body/subcolumns/100.phtml\";}s:5:\"25_75\";O:8:\"stdClass\":2:{s:4:\"name\";s:20:\"Subcolumns 25% | 75%\";s:4:\"file\";s:37:\"templates/body/subcolumns/25_75.phtml\";}s:8:\"33_33_33\";O:8:\"stdClass\":2:{s:4:\"name\";s:26:\"Subcolumns 33% | 33% | 33%\";s:4:\"file\";s:40:\"templates/body/subcolumns/33_33_33.phtml\";}s:5:\"33_66\";O:8:\"stdClass\":2:{s:4:\"name\";s:20:\"Subcolumns 33% | 66%\";s:4:\"file\";s:37:\"templates/body/subcolumns/33_66.phtml\";}s:5:\"50_50\";O:8:\"stdClass\":2:{s:4:\"name\";s:20:\"Subcolumns 50% | 50%\";s:4:\"file\";s:37:\"templates/body/subcolumns/50_50.phtml\";}s:5:\"66_33\";O:8:\"stdClass\":2:{s:4:\"name\";s:20:\"Subcolumns 66% | 33%\";s:4:\"file\";s:37:\"templates/body/subcolumns/66_33.phtml\";}s:5:\"75_25\";O:8:\"stdClass\":2:{s:4:\"name\";s:20:\"Subcolumns 75% | 25%\";s:4:\"file\";s:37:\"templates/body/subcolumns/75_25.phtml\";}}}',NULL,NULL,10,1);
INSERT INTO `ait_pub_aitsu_article_property` VALUES (8,506,'O:8:\"stdClass\":2:{s:15:\"defaultTemplate\";s:4:\"none\";s:8:\"template\";O:8:\"stdClass\":8:{s:4:\"none\";O:8:\"stdClass\":2:{s:4:\"name\";s:4:\"none\";s:4:\"file\";s:36:\"templates/body/subcolumns/none.phtml\";}s:3:\"100\";O:8:\"stdClass\":2:{s:4:\"name\";s:14:\"Subcolumn 100%\";s:4:\"file\";s:35:\"templates/body/subcolumns/100.phtml\";}s:5:\"25_75\";O:8:\"stdClass\":2:{s:4:\"name\";s:20:\"Subcolumns 25% | 75%\";s:4:\"file\";s:37:\"templates/body/subcolumns/25_75.phtml\";}s:8:\"33_33_33\";O:8:\"stdClass\":2:{s:4:\"name\";s:26:\"Subcolumns 33% | 33% | 33%\";s:4:\"file\";s:40:\"templates/body/subcolumns/33_33_33.phtml\";}s:5:\"33_66\";O:8:\"stdClass\":2:{s:4:\"name\";s:20:\"Subcolumns 33% | 66%\";s:4:\"file\";s:37:\"templates/body/subcolumns/33_66.phtml\";}s:5:\"50_50\";O:8:\"stdClass\":2:{s:4:\"name\";s:20:\"Subcolumns 50% | 50%\";s:4:\"file\";s:37:\"templates/body/subcolumns/50_50.phtml\";}s:5:\"66_33\";O:8:\"stdClass\":2:{s:4:\"name\";s:20:\"Subcolumns 66% | 33%\";s:4:\"file\";s:37:\"templates/body/subcolumns/66_33.phtml\";}s:5:\"75_25\";O:8:\"stdClass\":2:{s:4:\"name\";s:20:\"Subcolumns 75% | 25%\";s:4:\"file\";s:37:\"templates/body/subcolumns/75_25.phtml\";}}}',NULL,NULL,11,1);
INSERT INTO `ait_pub_aitsu_article_property` VALUES (8,510,'O:8:\"stdClass\":2:{s:15:\"defaultTemplate\";s:4:\"none\";s:8:\"template\";O:8:\"stdClass\":8:{s:4:\"none\";O:8:\"stdClass\":2:{s:4:\"name\";s:4:\"none\";s:4:\"file\";s:36:\"templates/body/subcolumns/none.phtml\";}s:3:\"100\";O:8:\"stdClass\":2:{s:4:\"name\";s:14:\"Subcolumn 100%\";s:4:\"file\";s:35:\"templates/body/subcolumns/100.phtml\";}s:5:\"25_75\";O:8:\"stdClass\":2:{s:4:\"name\";s:20:\"Subcolumns 25% | 75%\";s:4:\"file\";s:37:\"templates/body/subcolumns/25_75.phtml\";}s:8:\"33_33_33\";O:8:\"stdClass\":2:{s:4:\"name\";s:26:\"Subcolumns 33% | 33% | 33%\";s:4:\"file\";s:40:\"templates/body/subcolumns/33_33_33.phtml\";}s:5:\"33_66\";O:8:\"stdClass\":2:{s:4:\"name\";s:20:\"Subcolumns 33% | 66%\";s:4:\"file\";s:37:\"templates/body/subcolumns/33_66.phtml\";}s:5:\"50_50\";O:8:\"stdClass\":2:{s:4:\"name\";s:20:\"Subcolumns 50% | 50%\";s:4:\"file\";s:37:\"templates/body/subcolumns/50_50.phtml\";}s:5:\"66_33\";O:8:\"stdClass\":2:{s:4:\"name\";s:20:\"Subcolumns 66% | 33%\";s:4:\"file\";s:37:\"templates/body/subcolumns/66_33.phtml\";}s:5:\"75_25\";O:8:\"stdClass\":2:{s:4:\"name\";s:20:\"Subcolumns 75% | 25%\";s:4:\"file\";s:37:\"templates/body/subcolumns/75_25.phtml\";}}}',NULL,NULL,12,1);
INSERT INTO `ait_pub_aitsu_article_property` VALUES (9,440,'O:8:\"stdClass\":1:{s:15:\"defaultTemplate\";s:20:\"templates/body.phtml\";}',NULL,NULL,1,1);
INSERT INTO `ait_pub_aitsu_article_property` VALUES (10,440,'useArticleMedia',NULL,NULL,1,1);
INSERT INTO `ait_pub_aitsu_article_property` VALUES (11,440,'a:18:{i:2;s:1:\"2\";i:3;s:0:\"\";i:4;s:0:\"\";i:5;s:0:\"\";i:7;s:0:\"\";i:9;s:0:\"\";i:10;s:0:\"\";i:11;s:0:\"\";i:12;s:0:\"\";i:13;s:0:\"\";i:14;s:0:\"\";i:15;s:0:\"\";i:16;s:0:\"\";i:18;s:0:\"\";i:23;s:0:\"\";i:24;s:0:\"\";i:25;s:0:\"\";i:27;s:0:\"\";}',NULL,NULL,1,1);
INSERT INTO `ait_pub_aitsu_article_property` VALUES (13,440,'O:8:\"stdClass\":2:{s:15:\"defaultTemplate\";s:5:\"promo\";s:8:\"template\";O:8:\"stdClass\":3:{s:5:\"promo\";O:8:\"stdClass\":2:{s:4:\"name\";s:9:\"Promotion\";s:4:\"file\";s:25:\"templates/promotion.phtml\";}s:4:\"html\";O:8:\"stdClass\":2:{s:4:\"name\";s:4:\"HTML\";s:4:\"file\";s:30:\"templates/htmlMainBottom.phtml\";}s:4:\"none\";O:8:\"stdClass\":2:{s:4:\"name\";s:2:\"--\";s:4:\"file\";s:20:\"templates/none.phtml\";}}}',NULL,NULL,1,1);
INSERT INTO `ait_pub_aitsu_article_property` VALUES (14,440,'promo',NULL,NULL,1,1);
INSERT INTO `ait_pub_aitsu_article_property` VALUES (15,440,'small',NULL,NULL,1,1);
INSERT INTO `ait_pub_aitsu_article_property` VALUES (15,492,'small',NULL,NULL,5,1);
INSERT INTO `ait_pub_aitsu_article_property` VALUES (15,493,'small',NULL,NULL,6,1);
INSERT INTO `ait_pub_aitsu_article_property` VALUES (15,494,'small',NULL,NULL,7,1);
INSERT INTO `ait_pub_aitsu_article_property` VALUES (16,440,'a:18:{i:2;s:0:\"\";i:3;s:0:\"\";i:4;s:0:\"\";i:5;s:0:\"\";i:7;s:0:\"\";i:9;s:0:\"\";i:10;s:0:\"\";i:11;s:0:\"\";i:12;s:0:\"\";i:13;s:0:\"\";i:14;s:0:\"\";i:15;s:2:\"15\";i:16;s:0:\"\";i:18;s:0:\"\";i:23;s:0:\"\";i:24;s:0:\"\";i:25;s:0:\"\";i:27;s:0:\"\";}',NULL,NULL,1,1);
INSERT INTO `ait_pub_aitsu_article_property` VALUES (16,493,'a:3:{i:4;s:0:\"\";i:5;s:0:\"\";i:6;s:1:\"6\";}',NULL,NULL,6,1);
INSERT INTO `ait_pub_aitsu_article_property` VALUES (16,494,'a:1:{i:1;s:1:\"1\";}',NULL,NULL,7,1);
INSERT INTO `ait_pub_aitsu_article_property` VALUES (17,440,'small',NULL,NULL,1,1);
INSERT INTO `ait_pub_aitsu_article_property` VALUES (17,492,NULL,NULL,NULL,5,1);
INSERT INTO `ait_pub_aitsu_article_property` VALUES (18,440,'a:18:{i:2;s:0:\"\";i:3;s:0:\"\";i:4;s:0:\"\";i:5;s:1:\"5\";i:7;s:0:\"\";i:9;s:0:\"\";i:10;s:0:\"\";i:11;s:0:\"\";i:12;s:0:\"\";i:13;s:0:\"\";i:14;s:0:\"\";i:15;s:0:\"\";i:16;s:0:\"\";i:18;s:0:\"\";i:23;s:0:\"\";i:24;s:0:\"\";i:25;s:0:\"\";i:27;s:0:\"\";}',NULL,NULL,1,1);
INSERT INTO `ait_pub_aitsu_article_property` VALUES (19,449,'none',NULL,NULL,3,1);
INSERT INTO `ait_pub_aitsu_article_property` VALUES (19,492,'none',NULL,NULL,5,1);
INSERT INTO `ait_pub_aitsu_article_property` VALUES (19,493,'none',NULL,NULL,6,1);
INSERT INTO `ait_pub_aitsu_article_property` VALUES (19,494,'50_50',NULL,NULL,7,1);
INSERT INTO `ait_pub_aitsu_article_property` VALUES (19,495,'33_33_33',NULL,NULL,8,1);
INSERT INTO `ait_pub_aitsu_article_property` VALUES (34,440,'sdfsdf',NULL,NULL,1,1);
INSERT INTO `ait_pub_aitsu_article_property` VALUES (35,440,'sdfsdfs',NULL,NULL,1,1);
INSERT INTO `ait_pub_aitsu_article_property` VALUES (36,440,'',NULL,NULL,1,1);
INSERT INTO `ait_pub_aitsu_article_property` VALUES (37,440,'',NULL,NULL,1,1);
INSERT INTO `ait_pub_aitsu_article_property` VALUES (38,440,'',NULL,NULL,1,1);
INSERT INTO `ait_pub_aitsu_article_property` VALUES (39,440,'',NULL,NULL,1,1);
INSERT INTO `ait_pub_aitsu_article_property` VALUES (40,440,'',NULL,NULL,1,1);
INSERT INTO `ait_pub_aitsu_article_property` VALUES (41,440,'',NULL,NULL,1,1);
INSERT INTO `ait_pub_aitsu_article_property` VALUES (42,440,'',NULL,NULL,1,1);
INSERT INTO `ait_pub_aitsu_article_property` VALUES (43,440,'Andreas',NULL,NULL,1,1);
INSERT INTO `ait_pub_aitsu_article_property` VALUES (44,440,'Kummer',NULL,NULL,1,1);
INSERT INTO `ait_pub_aitsu_article_property` VALUES (45,440,'',NULL,NULL,1,1);
INSERT INTO `ait_pub_aitsu_article_property` VALUES (46,440,'',NULL,NULL,1,1);
INSERT INTO `ait_pub_aitsu_article_property` VALUES (47,440,'',NULL,NULL,1,1);
INSERT INTO `ait_pub_aitsu_article_property` VALUES (48,440,'',NULL,NULL,1,1);
INSERT INTO `ait_pub_aitsu_article_property` VALUES (49,440,'',NULL,NULL,1,1);
INSERT INTO `ait_pub_aitsu_article_property` VALUES (50,440,'',NULL,NULL,1,1);
INSERT INTO `ait_pub_aitsu_article_property` VALUES (51,440,'',NULL,NULL,1,1);
INSERT INTO `ait_pub_aitsu_article_property` VALUES (52,492,'a:8:{i:0;s:24:\"sunset_coast_2230302.jpg\";i:1;s:9:\"Bild1.jpg\";i:2;s:34:\"summer_beach_australia_2240541.jpg\";i:3;s:10:\"marker.jpg\";i:4;s:32:\"frosty_winter_morning_177037.jpg\";i:5;s:13:\"riesenrad.jpg\";i:6;s:31:\"small_wind_turbine_P8092706.jpg\";i:7;s:25:\"stormy_beach_P1013473.jpg\";}',NULL,NULL,5,1);
INSERT INTO `ait_pub_aitsu_article_property` VALUES (53,492,'value2',NULL,NULL,5,1);
INSERT INTO `ait_pub_aitsu_article_property` VALUES (54,492,'a:3:{i:4;s:6:\"value4\";i:6;s:6:\"value6\";i:8;s:6:\"value8\";}',NULL,NULL,5,1);
INSERT INTO `ait_pub_aitsu_article_property` VALUES (55,492,'a:3:{i:5;s:6:\"value5\";i:9;s:6:\"value9\";i:2;s:6:\"value2\";}',NULL,NULL,5,1);
INSERT INTO `ait_pub_aitsu_article_property` VALUES (56,492,'a:7:{i:0;s:9:\"Bild1.jpg\";i:1;s:10:\"marker.jpg\";i:2;s:13:\"riesenrad.jpg\";i:3;s:32:\"frosty_winter_morning_177037.jpg\";i:4;s:42:\"beach_side_swimming_australia_PB181577.jpg\";i:5;s:29:\"drought_dead_tree_5264574.jpg\";i:6;s:32:\"frost_oak_leaf_winter_218310.jpg\";}',NULL,NULL,5,1);
INSERT INTO `ait_pub_aitsu_article_property` VALUES (57,492,NULL,NULL,'0000-00-00 00:00:00',5,1);
INSERT INTO `ait_pub_aitsu_article_property` VALUES (58,492,NULL,NULL,'0000-00-00 00:00:00',5,1);
INSERT INTO `ait_pub_aitsu_article_property` VALUES (59,492,'das ist ein test 2',NULL,NULL,5,1);
INSERT INTO `ait_pub_aitsu_article_property` VALUES (60,492,'und ein weiterer test',NULL,NULL,5,1);
INSERT INTO `ait_pub_aitsu_article_property` VALUES (61,492,'value9',NULL,NULL,5,1);
INSERT INTO `ait_pub_aitsu_article_property` VALUES (62,492,'idcat 31',NULL,NULL,5,1);
INSERT INTO `ait_pub_aitsu_article_property` VALUES (70,497,'Brunnmattstrasse 13, 3174 Thörishaus, Schweiz',NULL,NULL,9,1);
INSERT INTO `ait_pub_aitsu_article_property` VALUES (71,497,'w3concepts AG',NULL,NULL,9,1);
INSERT INTO `ait_pub_aitsu_article_property` VALUES (72,497,'650',NULL,NULL,9,1);
INSERT INTO `ait_pub_aitsu_article_property` VALUES (73,497,'400',NULL,NULL,9,1);
INSERT INTO `ait_pub_aitsu_article_property` VALUES (74,497,'',NULL,NULL,9,1);
INSERT INTO `ait_pub_aitsu_article_property` VALUES (75,497,'16',NULL,NULL,9,1);
INSERT INTO `ait_pub_aitsu_article_property` VALUES (76,497,'SATELLITE',NULL,NULL,9,1);
INSERT INTO `ait_pub_aitsu_article_property` VALUES (77,497,'Fürstenwall 35, 40219 Düsseldorf, Deutschland',NULL,NULL,9,1);
INSERT INTO `ait_pub_aitsu_article_property` VALUES (78,497,'meine experten GbR',NULL,NULL,9,1);
INSERT INTO `ait_pub_aitsu_article_property` VALUES (79,497,'650',NULL,NULL,9,1);
INSERT INTO `ait_pub_aitsu_article_property` VALUES (80,497,'400',NULL,NULL,9,1);
INSERT INTO `ait_pub_aitsu_article_property` VALUES (81,497,'',NULL,NULL,9,1);
INSERT INTO `ait_pub_aitsu_article_property` VALUES (82,497,'15',NULL,NULL,9,1);
INSERT INTO `ait_pub_aitsu_article_property` VALUES (83,497,'ROADMAP',NULL,NULL,9,1);
INSERT INTO `ait_pub_aitsu_article_property` VALUES (85,492,NULL,NULL,NULL,5,1);
INSERT INTO `ait_pub_aitsu_article_property` VALUES (86,492,'N;',NULL,NULL,5,1);
INSERT INTO `ait_pub_aitsu_article_property` VALUES (87,492,NULL,NULL,'0000-00-00 00:00:00',5,1);
INSERT INTO `ait_pub_aitsu_article_property` VALUES (88,492,NULL,NULL,'0000-00-00 00:00:00',5,1);
INSERT INTO `ait_pub_aitsu_article_property` VALUES (89,492,'',NULL,NULL,5,1);
INSERT INTO `ait_pub_aitsu_article_property` VALUES (90,492,'',NULL,NULL,5,1);
INSERT INTO `ait_pub_aitsu_article_property` VALUES (91,492,'',NULL,NULL,5,1);
INSERT INTO `ait_pub_aitsu_article_property` VALUES (92,492,'',NULL,NULL,5,1);
INSERT INTO `ait_pub_aitsu_article_property` VALUES (93,492,NULL,NULL,NULL,5,1);
INSERT INTO `ait_pub_aitsu_article_property` VALUES (94,492,'a:1:{i:0;s:9:\"Bild1.jpg\";}',NULL,NULL,5,1);
INSERT INTO `ait_pub_aitsu_article_property` VALUES (95,492,NULL,NULL,NULL,5,1);
INSERT INTO `ait_pub_aitsu_article_property` VALUES (96,492,'N;',NULL,NULL,5,1);
INSERT INTO `ait_pub_aitsu_article_property` VALUES (97,492,NULL,NULL,'0000-00-00 00:00:00',5,1);
INSERT INTO `ait_pub_aitsu_article_property` VALUES (98,492,NULL,NULL,'0000-00-00 00:00:00',5,1);
INSERT INTO `ait_pub_aitsu_article_property` VALUES (99,492,'',NULL,NULL,5,1);
INSERT INTO `ait_pub_aitsu_article_property` VALUES (100,492,'',NULL,NULL,5,1);
INSERT INTO `ait_pub_aitsu_article_property` VALUES (101,492,'',NULL,NULL,5,1);
INSERT INTO `ait_pub_aitsu_article_property` VALUES (102,492,'',NULL,NULL,5,1);
INSERT INTO `ait_pub_aitsu_article_property` VALUES (103,492,'a:2:{i:0;s:10:\"marker.jpg\";i:1;s:9:\"Bild1.jpg\";}',NULL,NULL,5,1);
CREATE TABLE `ait_pub_art_lang` (  `idartlang` int(10) unsigned NOT NULL AUTO_INCREMENT,  `idart` int(10) unsigned NOT NULL DEFAULT '0',  `idlang` int(10) unsigned NOT NULL DEFAULT '0',  `title` varchar(255) NOT NULL,  `urlname` varchar(255) NOT NULL,  `pagetitle` varchar(255) NOT NULL,  `teasertitle` varchar(255) NOT NULL,  `summary` text,  `created` datetime NOT NULL DEFAULT '0000-00-00 00:00:00',  `lastmodified` datetime NOT NULL DEFAULT '0000-00-00 00:00:00',  `online` tinyint(1) NOT NULL DEFAULT '0',  `pubfrom` timestamp NULL DEFAULT NULL,  `pubuntil` timestamp NULL DEFAULT NULL,  `published` tinyint(3) unsigned DEFAULT NULL,  `redirect` tinyint(4) NOT NULL DEFAULT '0',  `redirect_url` varchar(255) DEFAULT NULL,  `artsort` int(10) NOT NULL DEFAULT '0',  `locked` int(1) NOT NULL DEFAULT '0',  `configsetid` int(10) unsigned DEFAULT NULL,  `config` text,  `pubid` int(10) unsigned NOT NULL,  `status` tinyint(4) NOT NULL,  `mainimage` varchar(255) DEFAULT NULL,  PRIMARY KEY (`idartlang`,`pubid`),  KEY `idlang` (`idlang`),  KEY `title` (`title`),  KEY `pagetitle` (`pagetitle`),  KEY `configsetid` (`configsetid`),  KEY `pubid` (`pubid`),  KEY `idart` (`idart`),  CONSTRAINT `ait_pub_art_lang_ibfk_1` FOREIGN KEY (`idartlang`) REFERENCES `ait_art_lang` (`idartlang`) ON DELETE CASCADE,  CONSTRAINT `ait_pub_art_lang_ibfk_2` FOREIGN KEY (`configsetid`) REFERENCES `ait_configset` (`configsetid`) ON DELETE SET NULL,  CONSTRAINT `ait_pub_art_lang_ibfk_3` FOREIGN KEY (`pubid`) REFERENCES `ait_pub` (`pubid`) ON DELETE CASCADE,  CONSTRAINT `ait_pub_art_lang_ibfk_4` FOREIGN KEY (`idart`) REFERENCES `ait_art` (`idart`) ON DELETE CASCADE,  CONSTRAINT `ait_pub_art_lang_ibfk_5` FOREIGN KEY (`idlang`) REFERENCES `ait_lang` (`idlang`) ON DELETE CASCADE) ENGINE=InnoDB AUTO_INCREMENT=511 DEFAULT CHARSET=utf8;
INSERT INTO `ait_pub_art_lang` VALUES (440,224,1,'index','index','aitsu Open Source-CMS-Framework','','','2011-01-22 14:05:13','2011-01-29 18:51:19',1,NULL,NULL,NULL,1,NULL,0,0,NULL,'test = area51',1,1,NULL);
INSERT INTO `ait_pub_art_lang` VALUES (446,230,1,'index','index','Seite nicht gefunden - 404','','','2010-12-27 17:37:12','2011-01-29 18:49:55',1,NULL,NULL,NULL,0,NULL,0,0,NULL,NULL,2,1,NULL);
INSERT INTO `ait_pub_art_lang` VALUES (449,233,1,'index','index','System','','','2010-12-15 14:46:18','2011-01-29 18:49:56',1,NULL,NULL,NULL,0,'/',0,0,NULL,NULL,3,1,NULL);
INSERT INTO `ait_pub_art_lang` VALUES (491,272,1,'index','index','Skins mit aitsu CMS','','','2011-01-11 22:16:00','2011-01-29 18:49:56',1,NULL,NULL,NULL,0,NULL,0,0,NULL,NULL,4,1,NULL);
INSERT INTO `ait_pub_art_lang` VALUES (492,273,1,'index','index','Templates mit aitsu CMS','','','2011-01-31 16:32:23','2011-01-31 16:35:03',1,NULL,NULL,NULL,0,NULL,0,0,NULL,'',5,1,'drought_dead_tree_5264574.jpg');
INSERT INTO `ait_pub_art_lang` VALUES (493,274,1,'index','index','Module mit aitsu CMS','','','2011-01-14 11:46:11','2011-02-03 16:47:57',1,NULL,NULL,NULL,0,NULL,0,0,NULL,'',6,1,NULL);
INSERT INTO `ait_pub_art_lang` VALUES (494,275,1,'index','index','Shortcodes mit aitsu CMS','','','2011-01-29 16:22:17','2011-01-29 18:49:57',1,'2011-01-29 15:19:53',NULL,NULL,0,'idcat 34',0,0,NULL,'',7,1,'bush_walk_marker_080150.jpg');
INSERT INTO `ait_pub_art_lang` VALUES (495,276,1,'index','index','Weiterleitung','','','2010-12-07 14:20:19','2011-01-29 18:49:57',1,NULL,NULL,NULL,1,'/',0,0,8,NULL,8,1,NULL);
INSERT INTO `ait_pub_art_lang` VALUES (497,278,1,'Google.Maps.Javascript','google-maps-javascript','Google.Maps.Javascript','','Google Maps Javascript API Referenzimplementierung.','2011-01-22 14:10:47','2011-01-29 18:49:57',1,'2010-11-19 17:15:11',NULL,NULL,0,NULL,0,0,NULL,NULL,9,1,NULL);
INSERT INTO `ait_pub_art_lang` VALUES (505,286,1,'index','index','','','','2010-11-23 20:31:45','2011-01-29 18:49:58',1,NULL,NULL,NULL,1,'/',0,0,8,NULL,10,1,NULL);
INSERT INTO `ait_pub_art_lang` VALUES (506,287,1,'index','index','Closed area','','','2011-01-25 16:45:56','2011-01-29 18:49:58',1,NULL,NULL,NULL,0,NULL,0,0,NULL,'',11,1,NULL);
INSERT INTO `ait_pub_art_lang` VALUES (510,291,1,'index','index','Login page','','','2010-11-29 21:04:18','2011-01-29 18:49:58',1,NULL,NULL,NULL,0,NULL,0,0,NULL,NULL,12,1,NULL);
CREATE TABLE `ait_pub_art_meta` (  `idartlang` int(10) unsigned NOT NULL,  `description` text NOT NULL,  `author` varchar(255) NOT NULL,  `keywords` text NOT NULL,  `date` date DEFAULT NULL,  `expires` date DEFAULT NULL,  `robots` varchar(255) NOT NULL,  `dctitle` varchar(255) NOT NULL,  `dccreator` varchar(255) NOT NULL,  `dcsubject` varchar(255) NOT NULL,  `dcpublisher` varchar(255) NOT NULL,  `dccontributor` varchar(255) NOT NULL,  `dcdate` varchar(255) NOT NULL,  `dctype` varchar(255) NOT NULL,  `dcformat` varchar(255) NOT NULL,  `dcidentifier` varchar(255) NOT NULL,  `dcsource` varchar(255) NOT NULL,  `dclanguage` varchar(255) NOT NULL,  `dcrelation` varchar(255) NOT NULL,  `cdcoverage` varchar(255) NOT NULL,  `dcrights` varchar(255) NOT NULL,  `pubid` int(10) unsigned NOT NULL,  `status` tinyint(4) NOT NULL,  PRIMARY KEY (`idartlang`,`pubid`),  KEY `pubid` (`pubid`),  CONSTRAINT `ait_pub_art_meta_ibfk_1` FOREIGN KEY (`idartlang`) REFERENCES `ait_art_lang` (`idartlang`) ON DELETE CASCADE,  CONSTRAINT `ait_pub_art_meta_ibfk_2` FOREIGN KEY (`pubid`) REFERENCES `ait_pub` (`pubid`) ON DELETE CASCADE) ENGINE=InnoDB DEFAULT CHARSET=utf8;
INSERT INTO `ait_pub_art_meta` VALUES (440,'','meine experten GbR, Frank Ammari','aitsu cms open source','2010-11-01',NULL,'index, follow','','','','','','','','','','','','','','',1,1);
INSERT INTO `ait_pub_art_meta` VALUES (446,'','','',NULL,NULL,'noindex, nofollow','','','','','','','','','','','','','','',2,1);
INSERT INTO `ait_pub_art_meta` VALUES (449,'','','',NULL,NULL,'index, follow','','','','','','','','','','','','','','',3,1);
INSERT INTO `ait_pub_art_meta` VALUES (491,'','meine experten GbR, Frank Ammari','','2010-11-01',NULL,'noindex, nofollow','','','','','','','','','','','','','','',4,1);
INSERT INTO `ait_pub_art_meta` VALUES (492,'','meine experten GbR, Frank Ammari','','2010-11-01',NULL,'index, follow','','','','','','','','','','','','','','',5,1);
INSERT INTO `ait_pub_art_meta` VALUES (493,'','meine experten GbR, Frank Ammari','','2010-11-01','2011-01-26','noindex','','','','','','','','','','','','','','',6,1);
INSERT INTO `ait_pub_art_meta` VALUES (494,'','meine experten GbR, Frank Ammari','','2010-11-01',NULL,'index, follow','','','','','','','','','','','','','','',7,1);
INSERT INTO `ait_pub_art_meta` VALUES (497,'Das ist eine Beschreibung.','','',NULL,NULL,'','','','','','','','','','','','','','','',9,1);
CREATE TABLE `ait_pub_article_content` (  `idartlang` int(10) unsigned NOT NULL,  `index` varchar(20) NOT NULL,  `value` longtext NOT NULL,  `modified` datetime NOT NULL,  `pubid` int(10) unsigned NOT NULL,  `status` tinyint(4) NOT NULL DEFAULT '1',  PRIMARY KEY (`idartlang`,`index`,`pubid`),  KEY `pubid` (`pubid`),  CONSTRAINT `ait_pub_article_content_ibfk_1` FOREIGN KEY (`idartlang`) REFERENCES `ait_art_lang` (`idartlang`) ON DELETE CASCADE,  CONSTRAINT `ait_pub_article_content_ibfk_2` FOREIGN KEY (`pubid`) REFERENCES `ait_pub` (`pubid`) ON DELETE CASCADE) ENGINE=InnoDB DEFAULT CHARSET=utf8;
INSERT INTO `ait_pub_article_content` VALUES (440,'Headline','','2011-01-29 18:50:51',1,1);
INSERT INTO `ait_pub_article_content` VALUES (440,'Main1','<h2>\n	Herzlichen Gl&uuml;ckwunsch</h2>\n<p>\n	Und willkommen beim aitsu Content-Management-System (CMS). aitsu ist Open Source und wird fortlaufend weiterentwickelt. Haben Sie W&uuml;nsche und Anregungen, setzen Sie uns davon bitte in Kenntnis, damit wir die notwendigen Anpassungen vornehmen k&ouml;nnen.</p>\n<h3>\n	aitsu ist mehr</h3>\n<p>\n	Er&ouml;ffnen Sie sich Ihren Zugang zum aitsu Experten-Netzwerk.</p>\n<ul>\n	<li>\n		Screendesigner</li>\n	<li>\n		HTML/CSS-Programmierer</li>\n	<li>\n		PHP/SQL-Programmierer</li>\n	<li>\n		Suchmaschinen-Optimierer</li>\n	<li>\n		Internetmarketing-Profis</li>\n</ul>\n<div class=\"info\">\n	<h3>\n		Hinweis zum Layout</h3>\n	<p>\n		Beim vorliegenden Layout handelt es sich um ein Layoutbeispiel <em>(2col_right_13</em>) aus dem YAML CSS-Framework. Wir m&ouml;chten an dieser Stelle darauf hinweisen, dass f&uuml;r die Verwendung dieses Layouts f&uuml;r eigene Zwecke eine der folgenden Bedingungen erf&uuml;llt sein muss:</p>\n	<ul>\n		<li>\n			Sie besitzen oder erwerben eine YAML-Lizenz, die Ihnen die Erstellung einer unbegrenzten Anzahl von Layouts erlaubt (Agenturlizenz) oder</li>\n		<li>\n			Sie besitzen oder erwerben eine YAML-Einzellizen f&uuml;r das geplante Projekt oder</li>\n		<li>\n			Sie bringen auf der Webseite gut sichtbar den Hinweis an, dass das Layout auf YAML basiert und verweisen mit einem Link auf die Website yaml.de.</li>\n	</ul>\n	<p>\n		Wir bitten Sie aus Gr&uuml;nden der Fairness entweder auf die Verwendung zu verzichten oder daf&uuml;r Sorge zu tragen, dass eine der ew&auml;hnten Bedingungen erf&uuml;llt ist.</p>\n</div>\n<h3>\n	Sandbox</h3>\n<p>\n	In die Sandbox gelangen Sie mit Hilfe der Links in der Hauptnavigation. Wenn Sie keine Sandbox ben&ouml;tigen, k&ouml;nnen Sie die ganze Sandbox-Kategorie gefahrlos l&ouml;schen.</p>\n','2011-01-22 14:06:49',1,1);
INSERT INTO `ait_pub_article_content` VALUES (491,'Main1','<h2>\r\n	&bdquo;&Auml;ndern Sie das Aussehen Ihrer Webseite&rdquo;</h2>\r\n<p>\r\n	Unter dem Ordner <strong><em>aitsu/application/skins</em></strong> legen Sie neue Skins und Templates f&uuml;r Ihrer Webseite an. Dabei ist der Aufbau eines neuen Skins denkbar einfach.</p>\r\n<ul>\r\n	<li>\r\n		Kopieren Sie den Inhalt des mitgelieferten Standard-Skins <strong><em>/default</em></strong></li>\r\n	<li>\r\n		Benennen Sie den kopierten Ordner um <strong><em>/mein_skin</em></strong></li>\r\n	<li>\r\n		Passen Sie das Skin nach Ihren W&uuml;nschen an</li>\r\n	<li>\r\n		Tragen Sie in <strong><em>aitsu/application/configs/clients/default.ini</em></strong> das neue Skin ein</li>\r\n</ul>\r\n','2011-01-26 20:42:44',4,1);
INSERT INTO `ait_pub_article_content` VALUES (492,'Andreas','<p>\n	das ist ein nackter text.</p>\n','2011-01-29 14:48:04',5,1);
INSERT INTO `ait_pub_article_content` VALUES (492,'Kummer','<p>\n	ddfdfgdfgddfsdfs</p>\n<p>\n	sdfsdfs</p>\n','2011-01-29 14:48:04',5,1);
INSERT INTO `ait_pub_article_content` VALUES (492,'Main1','<h2>\n	&bdquo;&Auml;ndern Sie den Aufbau Ihrer Webseite&rdquo;</h2>\n<p>\n	Mit Templates und Sub-Templates &auml;ndern Sie den Aufbau Ihrer Webseite per Mausklick. Dabei brauchen Sie dazu nicht mehr, als innerhalb Ihrer Skin-Vorlage eine Template-Weiche einzubauen.</p>\n<p>\n	&nbsp;&nbsp; &nbsp;&nbsp;&nbsp;&nbsp; &lt;script type=&quot;application/x-aitsu&quot; src=&quot;Template:Col3Content&quot;&gt;<br />\n	&nbsp;&nbsp; &nbsp;&nbsp;&nbsp;&nbsp; &nbsp;&nbsp;&nbsp; defaultTemplate = 100<br />\n	<br />\n	&nbsp;&nbsp; &nbsp;&nbsp;&nbsp;&nbsp; &nbsp;&nbsp;&nbsp; template.50_50.name = Subcolumns 50%|50%<br />\n	&nbsp;&nbsp; &nbsp;&nbsp;&nbsp;&nbsp; &nbsp;&nbsp;&nbsp; template.50_50.file = templates/body/subcolumns/50_50.phtml<br />\n	<br />\n	&nbsp;&nbsp; &nbsp;&nbsp;&nbsp;&nbsp; &nbsp;&nbsp;&nbsp; template.100.name = Subcolumn 100%<br />\n	&nbsp;&nbsp; &nbsp;&nbsp;&nbsp;&nbsp; &nbsp;&nbsp;&nbsp; template.100.file = templates/body/subcolumns/100.phtml<br />\n	&nbsp;&nbsp; &nbsp;&nbsp;&nbsp;&nbsp; &lt;/script&gt;</p>\n<p>\n	Im Standard-Skin <strong><em>aitsu/skins/default/templates</em></strong> sind einige Template- und Sub-Template-Beispiele enthalten.</p>\n','2011-01-29 14:49:52',5,1);
INSERT INTO `ait_pub_article_content` VALUES (492,'Sub1','','2011-01-29 14:50:05',5,1);
INSERT INTO `ait_pub_article_content` VALUES (492,'Sub2','','2011-01-26 21:02:01',5,1);
INSERT INTO `ait_pub_article_content` VALUES (492,'Sub3','','2011-01-26 21:02:08',5,1);
INSERT INTO `ait_pub_article_content` VALUES (493,'kummer','<p>\n	test</p>\n','2011-01-07 14:58:26',6,1);
INSERT INTO `ait_pub_article_content` VALUES (493,'kummer2','<p>\n	und noch einer</p>\n','2011-01-07 14:58:33',6,1);
INSERT INTO `ait_pub_article_content` VALUES (493,'Main1','<h2>\n	Funktionalit&auml;t f&uuml;r Ihre Webseite</h2>\n<p>\n	aitsu liefert zahlreiche Module.</p>\n<ul>\n	<li>\n		Navigations-Module</li>\n	<li>\n		Bild-Module</li>\n	<li>\n		Listen-Module</li>\n	<li>\n		Link-Module</li>\n	<li>\n		Template-Module</li>\n</ul>\n<p>\n	_[Image:1]</p>\n<p>\n	Dabei unterscheidet aitsu zwischen globalen Modulen, Community-Modulen, lokalen Modulen und Skin-Modulen. Die Module befinden sich in den Ordner</p>\n<ul>\n	<li>\n		<strong>Default </strong><em>aitsu/library/Aitsu/Ee/Module</em></li>\n	<li>\n		<strong>Community </strong><em>aitsu/library/Comm/Module</em></li>\n	<li>\n		<strong>Lokal </strong><em>aitsu/library/Local/Module</em></li>\n	<li>\n		<strong>Skin </strong><em>aitsu/application/skins/default/module</em></li>\n</ul>\n<p>\n	Globale Module werden mit aitsu ausgeliefert. Sie sind f&uuml;r die Grundfunktionalit&auml;t verantwortlich. Unter Community-Module k&ouml;nnen Sie alle Module ablegen, die durch die Community zur Verf&uuml;gung gestellt werden. Lokale Module bietet Ihnen einen Bereich, indem Sie projektbezogene Module speichern k&ouml;nnen. Skin-Module ist f&uuml;r Module reserviert, die ausschlie&szlig;lich das jeweilige Skin betreffen.</p>\n<h3>\n	Module und Modul-Templates</h3>\n<p>\n	Ein Modul besteht in der Regel aus einer PHP-Datei <strong><em>/ModulName/Class.php</em></strong> und dessen Template-Datei <strong><em>/ModulName/index.phtml</em></strong>. aitsu ber&uuml;cksichtigt ein Modul (php und phtml) in der Reihenfolge:</p>\n<ol>\n	<li>\n		Skin</li>\n	<li>\n		Local</li>\n	<li>\n		Default</li>\n</ol>\n<p>\n	F&uuml;gen Sie beispielsweise ein Navigationsmodul ein und haben weder innerhalb von Skins noch innerhalb von Local ein solches Modul, wird aitsu das Standard-Navigationsmodule finden.</p>\n<h3>\n	Modul-Templates anpassen</h3>\n<p>\n	Ben&ouml;tigen Ihr Skin eine angepasste Navigation, z.B. anstelle einer Navigation als unsortieren Liste <em><strong>&lt;ul&gt;</strong></em> eine Navigation als sortierte Liste <strong><em>&lt;ol&gt;</em></strong>, legen Sie einfach eine Kopie der entsprechenden Template-Datei <strong><em>/ModulName/index.phtml</em></strong> im Modul-Ordner des Skins an. aitsu ber&uuml;cksichtigt Ihre pers&ouml;nliche Template-Datei im Skin-Ordner anstelle der Template-Datei im Default-Ordner.</p>\n<h3>\n	Module verwenden</h3>\n<p>\n	Mit diesem Skript-Block bauen Sie Module in Skins und Templates ein.</p>\n<pre>\n&lt;script type=&quot;application/x-aitsu&quot; src=&quot;Navigation&quot;&gt;\n    idcat = 31\n    template = top\n&lt;/script&gt;\n\n</pre>\n<p>\n	Dabei haben Sie die M&ouml;glichkeit Parameter zu &uuml;bergeben.</p>\n<pre>\n$params = Aitsu_Util :: parseSimpleIni($context[&#39;params&#39;])\n	$idcat = $params-&gt;idcat\n	$template = $params-&gt;template</pre>\n<br />\n','2011-02-03 16:47:52',6,1);
INSERT INTO `ait_pub_article_content` VALUES (493,'Sub1','','2011-01-12 12:50:54',6,1);
INSERT INTO `ait_pub_article_content` VALUES (493,'Sub2','','2011-01-12 12:51:02',6,1);
INSERT INTO `ait_pub_article_content` VALUES (494,'Main1','<h3>\n	Modul-Ausgaben im Flie&szlig;text 2</h3>\n<p>\n	Machen Sie sich Modul-Ausgaben im Flie&szlig;text zunutze. Mit Shortcodes. Dabei brauchen Sie nicht mehr zu machen, als innerhalb des Flie&szlig;textes den Namen des Moduls in der Art <strong>_|[MeinModul:1]</strong> zu schreiben.</p>\n<p>\n	Je nach Art des Moduls erfolgt direkt eine Ausgabe, z.B. ein Kontaktformular, oder es erscheint, nach einem Mausklick, ein Konfigurationsmen&uuml; (<em>Modal-Dialog</em>) indem Sie weitere Einstellungen vornehmen k&ouml;nnen.</p>\n<p>\n	_[Image:1]</p>\n<p>\n	Shortcodes lassen sich mehrfach einsetzen. Nutzen Sie den selben <strong>Index </strong>(<strong>:1</strong>), um immer die selbe Ausgabe zu erhalten, oder verwenden Sie jedesmal einen neuen <strong>Index</strong> <strong>_|[MeinModul:1]</strong>,<strong> _|[MeinModul:2]</strong> um z.B. unterschiedliche Konfigurationen zu nutzen.</p>\n','2011-01-26 20:28:34',7,1);
INSERT INTO `ait_pub_article_content` VALUES (494,'Sub1','','2011-01-26 20:29:04',7,1);
INSERT INTO `ait_pub_article_content` VALUES (494,'Sub2','','2011-01-26 20:28:27',7,1);
INSERT INTO `ait_pub_article_content` VALUES (495,'Main1','<p>\n	Die Sandbox zeigt Ihnen einige Grund-Funktionen von aitsu CMS. Nutzen Sie Sub-Templates f&uuml;r die zus&auml;tzliche Gestaltung Ihre Webseiten oder der Ausgabe von wiederkehrenden Inhalten. Mehr Informationen erhalten Sie untern den Links in der Navigation oben oder rechts.</p>\n','2010-11-08 15:28:23',8,1);
INSERT INTO `ait_pub_article_content` VALUES (495,'Sub1','<p>\n	Spalte 1</p>\n','2010-11-08 15:26:28',8,1);
INSERT INTO `ait_pub_article_content` VALUES (495,'Sub2','<p>\n	Spalte 2</p>\n','2010-11-08 15:26:34',8,1);
INSERT INTO `ait_pub_article_content` VALUES (495,'Sub3','<p>\n	Spalte 3</p>\n','2010-11-08 15:26:46',8,1);
INSERT INTO `ait_pub_article_content` VALUES (497,'Main1','<div>\n	_[Google.Maps.Javascript:1]</div>\n<div>\n	&nbsp;</div>\n<div>\n	_[Google.Maps.Javascript:2]</div>\n','2010-11-18 17:41:37',9,1);
INSERT INTO `ait_pub_article_content` VALUES (497,'Sub1','','2010-11-19 20:05:32',9,1);
INSERT INTO `ait_pub_article_content` VALUES (506,'Main1','<p>\n	Das ist ein geschlossener Bereich. Er ist sichtbar nur f&uuml;r eingeloggte Benuzter, welche eine Rolle aufweisen, die auf diese Resource mit dem Recht <strong>frontend: view</strong> berechtigt ist.</p>\n','2010-11-30 14:29:46',11,1);
INSERT INTO `ait_pub_article_content` VALUES (510,'Main1','<p>\n	_[CUG.Login:1]</p>\n','2010-11-29 21:18:29',12,1);
CREATE TABLE `ait_rating` (  `idartlang` int(10) unsigned NOT NULL,  `rating` float NOT NULL,  `votes` int(11) NOT NULL DEFAULT '1',  PRIMARY KEY (`idartlang`),  KEY `rating` (`rating`),  CONSTRAINT `ait_rating_ibfk_1` FOREIGN KEY (`idartlang`) REFERENCES `ait_art_lang` (`idartlang`) ON DELETE CASCADE) ENGINE=InnoDB DEFAULT CHARSET=utf8;
CREATE TABLE `ait_ratings` (  `idartlang` int(10) unsigned NOT NULL,  `rated` timestamp NOT NULL DEFAULT CURRENT_TIMESTAMP ON UPDATE CURRENT_TIMESTAMP,  `ip` varchar(20) NOT NULL,  `rate` float NOT NULL,  PRIMARY KEY (`idartlang`,`ip`),  CONSTRAINT `ait_ratings_ibfk_1` FOREIGN KEY (`idartlang`) REFERENCES `ait_art_lang` (`idartlang`) ON DELETE CASCADE) ENGINE=InnoDB DEFAULT CHARSET=utf8;
CREATE TABLE `ait_revision` (  `revisionid` int(10) unsigned NOT NULL AUTO_INCREMENT,  `userid` int(10) unsigned DEFAULT NULL,  `revtime` timestamp NOT NULL DEFAULT CURRENT_TIMESTAMP,  PRIMARY KEY (`revisionid`),  KEY `userid` (`userid`),  CONSTRAINT `ait_revision_ibfk_1` FOREIGN KEY (`userid`) REFERENCES `ait_acl_user` (`userid`) ON DELETE SET NULL) ENGINE=InnoDB DEFAULT CHARSET=utf8;
CREATE TABLE `ait_revision_art_lang` (  `revisionid` int(10) unsigned NOT NULL,  `revisionhash` binary(16) NOT NULL,  `idartlang` int(10) unsigned NOT NULL,  `title` varchar(255) NOT NULL,  `urlname` varchar(255) NOT NULL,  `pagetitle` varchar(255) NOT NULL,  `teasertitle` varchar(255) NOT NULL,  `summary` text,  `online` tinyint(1) NOT NULL DEFAULT '0',  `pubfrom` timestamp NULL DEFAULT NULL,  `pubuntil` timestamp NULL DEFAULT NULL,  `published` tinyint(3) unsigned DEFAULT NULL,  `redirect` tinyint(4) NOT NULL DEFAULT '0',  `redirect_url` varchar(255) DEFAULT NULL,  `configsetid` int(10) unsigned DEFAULT NULL,  `config` text,  KEY `configsetid` (`configsetid`),  KEY `idartlang` (`idartlang`),  KEY `revisionid` (`revisionid`),  KEY `revisionhash` (`revisionhash`),  CONSTRAINT `ait_revision_art_lang_ibfk_1` FOREIGN KEY (`revisionid`) REFERENCES `ait_revision` (`revisionid`) ON DELETE CASCADE,  CONSTRAINT `ait_revision_art_lang_ibfk_2` FOREIGN KEY (`idartlang`) REFERENCES `ait_art_lang` (`idartlang`) ON DELETE CASCADE,  CONSTRAINT `ait_revision_art_lang_ibfk_5` FOREIGN KEY (`configsetid`) REFERENCES `ait_configset` (`configsetid`) ON DELETE SET NULL) ENGINE=InnoDB DEFAULT CHARSET=utf8;
CREATE TABLE `ait_revision_content` (  `revisionid` int(10) unsigned NOT NULL,  `revisionhash` binary(16) NOT NULL,  `idartlang` int(10) unsigned NOT NULL,  `index` varchar(20) NOT NULL,  `value` longtext NOT NULL,  PRIMARY KEY (`idartlang`,`index`,`revisionid`),  KEY `revisionid` (`revisionid`),  KEY `revisionhash` (`revisionhash`),  CONSTRAINT `ait_revision_content_ibfk_1` FOREIGN KEY (`revisionid`) REFERENCES `ait_revision` (`revisionid`) ON DELETE CASCADE,  CONSTRAINT `ait_revision_content_ibfk_2` FOREIGN KEY (`idartlang`) REFERENCES `ait_art_lang` (`idartlang`) ON DELETE CASCADE) ENGINE=InnoDB DEFAULT CHARSET=utf8;
CREATE TABLE `ait_revision_property` (  `revisionid` int(10) unsigned NOT NULL,  `revisionhash` binary(16) NOT NULL,  `propertyid` int(10) unsigned NOT NULL,  `idartlang` int(10) unsigned NOT NULL,  `textvalue` text,  `floatvalue` double DEFAULT NULL,  `datevalue` datetime DEFAULT NULL,  PRIMARY KEY (`propertyid`,`idartlang`,`revisionid`),  KEY `revisionid` (`revisionid`),  KEY `idartlang` (`idartlang`),  KEY `revisionhash` (`revisionhash`),  CONSTRAINT `ait_revision_property_ibfk_1` FOREIGN KEY (`revisionid`) REFERENCES `ait_revision` (`revisionid`) ON DELETE CASCADE,  CONSTRAINT `ait_revision_property_ibfk_2` FOREIGN KEY (`propertyid`) REFERENCES `ait_aitsu_property` (`propertyid`) ON DELETE CASCADE,  CONSTRAINT `ait_revision_property_ibfk_3` FOREIGN KEY (`idartlang`) REFERENCES `ait_art_lang` (`idartlang`) ON DELETE CASCADE) ENGINE=InnoDB DEFAULT CHARSET=utf8;
CREATE TABLE `ait_syndication_source` (  `sourceid` int(10) unsigned NOT NULL AUTO_INCREMENT,  `idclient` int(10) unsigned NOT NULL,  `url` varchar(255) NOT NULL,  `userid` varchar(255) NOT NULL,  `secret` varchar(255) NOT NULL,  PRIMARY KEY (`sourceid`),  KEY `idclient` (`idclient`),  CONSTRAINT `ait_syndication_source_ibfk_1` FOREIGN KEY (`idclient`) REFERENCES `ait_clients` (`idclient`) ON DELETE CASCADE) ENGINE=InnoDB AUTO_INCREMENT=6 DEFAULT CHARSET=utf8;
INSERT INTO `ait_syndication_source` VALUES (4,1,'http://dev.aitsu.local/adm/','admin','0571749e2ac330a7455809c6b0e7af90');
INSERT INTO `ait_syndication_source` VALUES (5,1,'aitsu.org','test','das ist ein test');
CREATE TABLE `ait_tag` (  `tagid` int(10) unsigned NOT NULL AUTO_INCREMENT,  `tag` varchar(255) NOT NULL,  PRIMARY KEY (`tagid`),  UNIQUE KEY `tag` (`tag`)) ENGINE=InnoDB AUTO_INCREMENT=4 DEFAULT CHARSET=utf8;
INSERT INTO `ait_tag` VALUES (3,'important');
INSERT INTO `ait_tag` VALUES (1,'news');
INSERT INTO `ait_tag` VALUES (2,'promotion');
CREATE TABLE `ait_tag_art` (  `idart` int(10) unsigned NOT NULL,  `tagid` int(10) unsigned NOT NULL,  `val` varchar(255) DEFAULT NULL,  PRIMARY KEY (`idart`,`tagid`),  KEY `tagid` (`tagid`),  CONSTRAINT `ait_tag_art_ibfk_1` FOREIGN KEY (`idart`) REFERENCES `ait_art` (`idart`) ON DELETE CASCADE,  CONSTRAINT `ait_tag_art_ibfk_2` FOREIGN KEY (`tagid`) REFERENCES `ait_tag` (`tagid`) ON DELETE CASCADE) ENGINE=InnoDB DEFAULT CHARSET=utf8;
INSERT INTO `ait_tag_art` VALUES (273,1,NULL);
INSERT INTO `ait_tag_art` VALUES (273,2,'1');
INSERT INTO `ait_tag_art` VALUES (274,2,NULL);
CREATE TABLE `ait_todo` (  `todoid` int(10) unsigned NOT NULL AUTO_INCREMENT,  `idartlang` int(10) unsigned NOT NULL,  `status` tinyint(4) NOT NULL DEFAULT '0',  `title` varchar(255) NOT NULL,  `description` text NOT NULL,  `duedate` datetime DEFAULT NULL,  `modified` timestamp NOT NULL DEFAULT CURRENT_TIMESTAMP ON UPDATE CURRENT_TIMESTAMP,  PRIMARY KEY (`todoid`),  KEY `idartlang` (`idartlang`)) ENGINE=InnoDB DEFAULT CHARSET=utf8;
CREATE TABLE `ait_tracking_customer` (  `customerid` int(10) unsigned NOT NULL AUTO_INCREMENT,  `identifier` varchar(255) NOT NULL,  `active` tinyint(4) NOT NULL DEFAULT '1',  PRIMARY KEY (`customerid`)) ENGINE=InnoDB AUTO_INCREMENT=19 DEFAULT CHARSET=utf8;
INSERT INTO `ait_tracking_customer` VALUES (9,'meine experten GbR',1);
INSERT INTO `ait_tracking_customer` VALUES (10,'JetNet GmbH',1);
INSERT INTO `ait_tracking_customer` VALUES (11,'w3concepts AG',1);
INSERT INTO `ait_tracking_customer` VALUES (12,'Media-Konzept Kuster',1);
INSERT INTO `ait_tracking_customer` VALUES (16,'Bundesamt für Gesundheit',1);
INSERT INTO `ait_tracking_customer` VALUES (17,'Migros Fitnesspark Zürich',1);
INSERT INTO `ait_tracking_customer` VALUES (18,'domä',1);
CREATE TABLE `ait_tracking_project` (  `projectid` int(10) unsigned NOT NULL AUTO_INCREMENT,  `customerid` int(10) unsigned NOT NULL,  `identifier` varchar(255) NOT NULL,  `startdate` date NOT NULL,  `enddate` date DEFAULT NULL,  PRIMARY KEY (`projectid`),  KEY `customerid` (`customerid`),  CONSTRAINT `ait_tracking_project_ibfk_1` FOREIGN KEY (`customerid`) REFERENCES `ait_tracking_customer` (`customerid`) ON DELETE CASCADE) ENGINE=InnoDB AUTO_INCREMENT=8 DEFAULT CHARSET=ucs2;
INSERT INTO `ait_tracking_project` VALUES (2,12,'abitop.ch','2010-10-06',NULL);
INSERT INTO `ait_tracking_project` VALUES (3,9,'trotec','2010-10-06',NULL);
INSERT INTO `ait_tracking_project` VALUES (4,16,'KONKORDIA','2010-10-06',NULL);
INSERT INTO `ait_tracking_project` VALUES (5,17,'Kursanwendung','2010-10-06',NULL);
INSERT INTO `ait_tracking_project` VALUES (6,16,'ChemRegCH','2010-10-06',NULL);
INSERT INTO `ait_tracking_project` VALUES (7,18,'domäs projekt','2010-10-07',NULL);
CREATE TABLE `ait_tracking_track` (  `trackid` int(10) unsigned NOT NULL AUTO_INCREMENT,  `projectid` int(10) unsigned NOT NULL,  `typeid` int(10) unsigned DEFAULT NULL,  `userid` int(10) unsigned NOT NULL,  `title` varchar(255) NOT NULL,  `description` text NOT NULL,  `closed` timestamp NULL DEFAULT NULL,  PRIMARY KEY (`trackid`),  KEY `projectid` (`projectid`),  KEY `typeid` (`typeid`),  KEY `userid` (`userid`),  CONSTRAINT `ait_tracking_track_ibfk_1` FOREIGN KEY (`projectid`) REFERENCES `ait_tracking_project` (`projectid`) ON DELETE CASCADE,  CONSTRAINT `ait_tracking_track_ibfk_2` FOREIGN KEY (`userid`) REFERENCES `ait_acl_user` (`userid`) ON DELETE CASCADE,  CONSTRAINT `ait_tracking_track_ibfk_3` FOREIGN KEY (`typeid`) REFERENCES `ait_tracking_type` (`typeid`) ON DELETE SET NULL) ENGINE=InnoDB DEFAULT CHARSET=utf8;
CREATE TABLE `ait_tracking_type` (  `typeid` int(10) unsigned NOT NULL AUTO_INCREMENT,  `identifier` varchar(255) NOT NULL,  PRIMARY KEY (`typeid`)) ENGINE=InnoDB AUTO_INCREMENT=8 DEFAULT CHARSET=utf8;
INSERT INTO `ait_tracking_type` VALUES (2,'Telefon');
INSERT INTO `ait_tracking_type` VALUES (3,'Protokoll');
INSERT INTO `ait_tracking_type` VALUES (4,'Beratung');
INSERT INTO `ait_tracking_type` VALUES (6,'Programmierung');
INSERT INTO `ait_tracking_type` VALUES (7,'Dokumentation');
CREATE TABLE `ait_translate` (  `translationid` int(10) unsigned NOT NULL AUTO_INCREMENT,  `idlang` int(10) unsigned NOT NULL,  `tkey` text NOT NULL,  `tvalue` text,  `obsolete` datetime DEFAULT NULL,  PRIMARY KEY (`translationid`),  KEY `idlang` (`idlang`),  CONSTRAINT `ait_translate_ibfk_1` FOREIGN KEY (`idlang`) REFERENCES `ait_lang` (`idlang`) ON DELETE CASCADE) ENGINE=InnoDB AUTO_INCREMENT=110 DEFAULT CHARSET=utf8;
INSERT INTO `ait_translate` VALUES (85,1,'Returns the specified path as a base href tag.',NULL,NULL);
INSERT INTO `ait_translate` VALUES (86,1,'Returns the canonical tag of the current page.','Gibt den Canonical-Tag der aktuellen Seite aus.',NULL);
INSERT INTO `ait_translate` VALUES (87,1,'The given pattern is not allowed or the field is mandatory. Please change it accordingly.',NULL,NULL);
INSERT INTO `ait_translate` VALUES (90,1,'Company','Firma',NULL);
INSERT INTO `ait_translate` VALUES (92,1,'Street','Strasse',NULL);
INSERT INTO `ait_translate` VALUES (93,1,'Zip','PLZ',NULL);
INSERT INTO `ait_translate` VALUES (94,1,'City','Ort',NULL);
INSERT INTO `ait_translate` VALUES (95,1,'Country','Land',NULL);
INSERT INTO `ait_translate` VALUES (96,1,'Phone','Telefon',NULL);
INSERT INTO `ait_translate` VALUES (97,1,'Fax','Fax',NULL);
INSERT INTO `ait_translate` VALUES (98,1,'Email','Email',NULL);
INSERT INTO `ait_translate` VALUES (99,1,'Message','Nachricht',NULL);
INSERT INTO `ait_translate` VALUES (100,1,'send','senden',NULL);
INSERT INTO `ait_translate` VALUES (101,1,'Choose images to be shown','Wählen Sie das Bild, welches angezeigt werden soll.',NULL);
INSERT INTO `ait_translate` VALUES (102,1,'Last update on %s','Letztes Update wurde am %s vorgenommen.',NULL);
INSERT INTO `ait_translate` VALUES (103,1,'Foreign content placeholder text',NULL,NULL);
INSERT INTO `ait_translate` VALUES (104,1,'aitsu RSS','aitsu RSS',NULL);
INSERT INTO `ait_translate` VALUES (105,1,'Analyzer','Analysator',NULL);
INSERT INTO `ait_translate` VALUES (106,1,'Site performance','Site-Leistung',NULL);
INSERT INTO `ait_translate` VALUES (107,1,'Firstname','Vorname',NULL);
INSERT INTO `ait_translate` VALUES (108,1,'Lastname',NULL,NULL);
INSERT INTO `ait_translate` VALUES (109,1,'Division','Abteilung',NULL);
drop view if exists `ait_pubv_article_content`;
CREATE VIEW `ait_pubv_article_content` AS select `ait_pub_article_content`.`idartlang` AS `idartlang`,`ait_pub_article_content`.`index` AS `index`,`ait_pub_article_content`.`value` AS `value`,`ait_pub_article_content`.`modified` AS `modified`,`ait_pub_article_content`.`pubid` AS `pubid`,`ait_pub_article_content`.`status` AS `status` from `ait_pub_article_content` where (`ait_pub_article_content`.`status` = 1);
drop view if exists `ait_pubv_art_lang`;
CREATE VIEW `ait_pubv_art_lang` AS select `ait_pub_art_lang`.`idartlang` AS `idartlang`,`ait_pub_art_lang`.`idart` AS `idart`,`ait_pub_art_lang`.`idlang` AS `idlang`,`ait_pub_art_lang`.`title` AS `title`,`ait_pub_art_lang`.`urlname` AS `urlname`,`ait_pub_art_lang`.`pagetitle` AS `pagetitle`,`ait_pub_art_lang`.`teasertitle` AS `teasertitle`,`ait_pub_art_lang`.`summary` AS `summary`,`ait_pub_art_lang`.`created` AS `created`,`ait_pub_art_lang`.`lastmodified` AS `lastmodified`,`ait_pub_art_lang`.`online` AS `online`,`ait_pub_art_lang`.`pubfrom` AS `pubfrom`,`ait_pub_art_lang`.`pubuntil` AS `pubuntil`,`ait_pub_art_lang`.`published` AS `published`,`ait_pub_art_lang`.`redirect` AS `redirect`,`ait_pub_art_lang`.`redirect_url` AS `redirect_url`,`ait_pub_art_lang`.`artsort` AS `artsort`,`ait_pub_art_lang`.`locked` AS `locked`,`ait_pub_art_lang`.`configsetid` AS `configsetid`,`ait_pub_art_lang`.`config` AS `config`,`ait_pub_art_lang`.`pubid` AS `pubid`,`ait_pub_art_lang`.`status` AS `status`,`ait_pub_art_lang`.`mainimage` AS `mainimage` from `ait_pub_art_lang` where (`ait_pub_art_lang`.`status` = 1);
drop view if exists `ait_pubv_art_meta`;
CREATE VIEW `ait_pubv_art_meta` AS select `ait_pub_art_meta`.`idartlang` AS `idartlang`,`ait_pub_art_meta`.`description` AS `description`,`ait_pub_art_meta`.`author` AS `author`,`ait_pub_art_meta`.`keywords` AS `keywords`,`ait_pub_art_meta`.`date` AS `date`,`ait_pub_art_meta`.`expires` AS `expires`,`ait_pub_art_meta`.`robots` AS `robots`,`ait_pub_art_meta`.`dctitle` AS `dctitle`,`ait_pub_art_meta`.`dccreator` AS `dccreator`,`ait_pub_art_meta`.`dcsubject` AS `dcsubject`,`ait_pub_art_meta`.`dcpublisher` AS `dcpublisher`,`ait_pub_art_meta`.`dccontributor` AS `dccontributor`,`ait_pub_art_meta`.`dcdate` AS `dcdate`,`ait_pub_art_meta`.`dctype` AS `dctype`,`ait_pub_art_meta`.`dcformat` AS `dcformat`,`ait_pub_art_meta`.`dcidentifier` AS `dcidentifier`,`ait_pub_art_meta`.`dcsource` AS `dcsource`,`ait_pub_art_meta`.`dclanguage` AS `dclanguage`,`ait_pub_art_meta`.`dcrelation` AS `dcrelation`,`ait_pub_art_meta`.`cdcoverage` AS `cdcoverage`,`ait_pub_art_meta`.`dcrights` AS `dcrights`,`ait_pub_art_meta`.`pubid` AS `pubid`,`ait_pub_art_meta`.`status` AS `status` from `ait_pub_art_meta` where (`ait_pub_art_meta`.`status` = 1);
drop view if exists `ait_pubv_aitsu_article_property`;
CREATE VIEW `ait_pubv_aitsu_article_property` AS select `ait_pub_aitsu_article_property`.`propertyid` AS `propertyid`,`ait_pub_aitsu_article_property`.`idartlang` AS `idartlang`,`ait_pub_aitsu_article_property`.`textvalue` AS `textvalue`,`ait_pub_aitsu_article_property`.`floatvalue` AS `floatvalue`,`ait_pub_aitsu_article_property`.`datevalue` AS `datevalue`,`ait_pub_aitsu_article_property`.`pubid` AS `pubid`,`ait_pub_aitsu_article_property`.`status` AS `status` from `ait_pub_aitsu_article_property` where (`ait_pub_aitsu_article_property`.`status` = 1);